iso8601,pricetag,company,timezone,language_code,date,date_time,file_name,country,city,latitude,bank_country,hostname,mac_address,random_number
1994-11-05T05:09:45,"6.063,90 €",Sölzer Käster Stiftung & Co. KG,America/La_Paz,ff,2005-04-22,1980-03-22 13:56:20,und.jpg,Pitcairn,Biedenkopf,-64.0892345,DE,desktop-59.seifert.net,a6:7c:c4:00:b0:ab,20941540
1993-12-16T11:37:37,"811,33 €",Stiebitz Stiftung & Co. KG,Asia/Kuching,mn,1976-04-26,2010-11-03 20:06:50,fressen.mp3,Guernsey,Merseburg,42.4260985,DE,desktop-94.tschentscher.de,bc:bb:30:85:f6:0a,159
2001-03-05T02:32:55,"17,59 €",Scheel GmbH & Co. OHG,Asia/Qatar,mn,1976-03-31,2016-03-25 10:51:55,fertig.jpeg,Gabun,Grimmen,-65.0782185,DE,email-95.nerger.net,8f:95:6d:1b:ca:ae,20905654
1990-06-01T00:15:38,"9.597,74 €",Naser,Europe/Dublin,be,1996-10-14,2012-07-26 07:32:47,damit.wav,Kuwait,Sömmerda,3.834390,DE,srv-76.wulff.de,58:a3:cf:23:10:97,6666
1985-07-11T16:07:09,"7,23 €",Briemer,Africa/Malabo,wal,2006-04-18,2006-12-12 08:36:26,zum.tiff,Uruguay,Neu-Ulm,-78.626541,DE,db-99.ritter.de,f3:ac:ac:5e:6a:93,755
1978-01-07T19:04:30,"98,55 €",Pergande GmbH,Pacific/Apia,ht,1977-06-08,2010-01-23 15:44:14,gelb.tiff,Libanon,Arnstadt,71.483017,DE,laptop-71.loos.com,d4:4d:44:be:fb:8b,29727
1975-09-06T13:03:46,"3,79 €",Siering,America/Caracas,nds,2004-07-14,2000-02-16 02:19:36,richtig.csv,St. Lucia,Heiligenstadt,49.9002395,DE,lt-53.plath.com,60:1b:b0:b6:18:8f,31399
2013-09-06T14:19:53,"6,84 €",Roskoth GmbH,Asia/Dubai,apn,1995-12-23,2015-11-18 01:45:14,zeigen.doc,Malta,Cottbus,-14.587147,DE,laptop-20.hethur.de,b7:7d:de:bf:ae:94,19397379
1988-09-01T22:33:45,"570,91 €",Loos,Asia/Damascus,sa,1988-10-11,1973-02-03 16:12:24,lange.mov,Färöer,Ebern,-61.5465975,DE,lt-61.kostolzin.net,e9:e7:e9:b7:78:24,89944216
1989-02-01T09:55:28,"87.071,22 €",Johann,America/Nassau,fi,2008-01-24,2022-02-28 05:02:20,Seite.mov,Pakistan,Uelzen,-56.3940955,DE,lt-21.graf.com,3a:8b:89:e0:66:cd,5611
1974-01-28T15:42:45,"341,69 €",Röhricht KG,Africa/Addis_Ababa,sv,1989-02-10,2023-08-04 09:31:34,jeder.json,Norfolkinsel,Weißenfels,73.0052515,DE,db-73.mude.com,32:fb:f7:fa:ab:bb,39705821
1987-09-24T19:44:45,"67,14 €",Zorbach Wiek KG,Africa/Cairo,ku,1974-10-25,1999-05-26 13:59:44,Boden.js,Botsuana,Dessau,-27.0943325,DE,srv-37.sager.com,d7:86:85:e2:5a:bd,944615
1977-07-30T06:40:13,"7,60 €",Köhler Jäntsch GmbH & Co. KG,Africa/Algiers,km,2004-08-12,2000-12-17 07:54:51,Zeitung.xlsx,Algerien,Delitzsch,-19.5142845,DE,lt-47.meyer.com,f5:4d:dd:06:5c:32,9887851
2017-03-10T13:20:23,"7.056,64 €",Renner KGaA,Africa/Dakar,niu,1975-10-10,1993-12-05 05:36:35,vorbei.xls,Französisch-Guayana,Sondershausen,-14.6684985,DE,srv-32.caspar.net,1d:1d:d5:22:01:13,7
1995-08-24T10:08:28,"37.632,86 €",Noack GmbH,Pacific/Apia,bn,2015-08-18,1978-11-29 07:22:12,Meer.flac,Vereinigte Staaten,Rochlitz,-49.4461265,DE,db-62.muelichen.de,19:40:33:80:cc:6a,89423
1975-06-10T11:28:40,"4,02 €",Kohl,Asia/Kabul,iw,1994-03-21,1972-12-07 18:11:24,nun.odt,San Marino,Jülich,84.3102795,DE,email-10.ruppert.de,a8:2c:4a:b3:6f:28,87
1989-01-17T14:06:40,"8.211,96 €",Jopich GmbH & Co. KGaA,America/Tegucigalpa,ast,1974-07-01,2005-05-16 01:10:21,mehr.csv,Bahrain,Schmölln,-86.244234,DE,db-47.siering.net,b8:d1:0f:a4:0d:93,844679
2013-11-12T14:00:08,"0,88 €",Gumprich,Africa/Conakry,lt,2013-04-15,1972-07-03 20:04:21,sie.tiff,Britisches Territorium im Indischen Ozean,Strausberg,37.132007,DE,desktop-66.kambs.de,2f:d8:d3:62:a7:4f,21142827
2005-09-09T18:05:24,"8,14 €",Hövel Oestrovsky GmbH & Co. OHG,Europe/Vaduz,be,1980-06-28,2015-04-04 22:48:30,Frage.jpeg,Litauen,Wurzen,65.184720,DE,lt-14.harloff.com,a2:64:75:17:b2:30,9784263
2014-12-07T21:52:30,"2.606,87 €",Birnbaum GmbH & Co. KG,Africa/Niamey,nn,2015-07-12,2020-01-19 21:34:50,Sommer.mp3,Malta,Rehau,-5.300147,DE,db-41.gertz.de,94:ad:7a:65:b1:7c,82
2014-03-10T18:42:26,"460,50 €",Freudenberger,America/St_Vincent,gez,2003-06-03,1993-11-25 14:02:52,Papa.mov,Grönland,Bad Freienwalde,-42.168208,DE,srv-07.haering.com,03:1e:2f:85:fa:d3,3512207
2006-06-08T06:40:50,"5.117,15 €",Neureuther,Africa/Nairobi,unm,1979-02-18,1978-06-21 01:49:45,wieder.xlsx,Barbados,Nordhausen,-50.3317855,DE,lt-16.hecker.de,b9:f9:3c:28:70:fc,633913193
1979-04-03T15:25:37,"2.509,66 €",Beer,Indian/Antananarivo,yue,2002-11-05,1976-03-20 21:40:03,Mama.png,Pitcairn,Sondershausen,-60.236346,DE,desktop-93.boerner.com,2c:b6:48:76:d3:46,120482307
2019-04-19T06:36:45,"6.408,05 €",Tschentscher Pergande GmbH,Europe/San_Marino,af,1998-12-18,1981-11-15 09:54:12,wirklich.json,Deutschland,Stade,-52.739084,DE,laptop-66.jessel.com,8c:73:bc:8c:27:90,404334322
2023-05-15T04:53:18,"141,34 €",Mielcarek Dussen van GmbH,America/Tegucigalpa,ta,1974-05-16,2002-04-11 02:35:46,Abend.jpg,Salomonen,Burglengenfeld,5.0225695,DE,srv-90.kitzmann.org,b2:ef:e0:70:be:56,22379417
1972-01-25T02:51:41,"64,55 €",Stumpf,Asia/Tehran,ckb,2018-09-17,1994-01-13 03:59:11,vom.mp3,Armenien,Pasewalk,12.4769795,DE,web-70.scheel.net,dd:e6:c2:3d:10:f0,7814460
1977-09-08T11:00:57,"86,93 €",Dowerg,Asia/Vientiane,sd,1991-01-21,1980-09-26 09:58:02,brauchen.avi,Simbabwe,Aurich,35.9421265,DE,desktop-42.hendriks.org,15:dd:5d:c9:36:a7,32375533
1976-02-28T21:39:26,"69,46 €",Etzold GmbH & Co. KG,Europe/Vaduz,es,2008-01-11,2008-07-17 10:03:08,her.numbers,Indien,Brandenburg,-11.232104,DE,db-66.muehle.com,0b:1c:ba:4e:a0:5e,710286387
2020-08-12T06:59:11,"52.334,51 €",Binner KG,Asia/Taipei,bhb,1995-06-04,1994-04-23 16:47:50,leicht.tiff,Peru,Döbeln,27.202932,DE,desktop-01.fischer.com,ad:21:47:c9:ce:73,99741
2001-03-28T00:55:56,"78,72 €",Fechner AG & Co. KGaA,Africa/Maseru,ts,2010-05-01,1991-06-25 00:45:37,wird.flac,Laos,Roth,-70.5507065,DE,web-20.stroh.com,b2:9f:a4:49:dc:0c,7904
1976-07-24T08:18:28,"584,28 €",Fliegner Scholl GbR,Europe/Copenhagen,da,1977-03-01,2016-02-11 19:26:57,Arzt.wav,Tschad,Luckenwalde,-3.9916675,DE,laptop-93.hoevel.com,6f:21:c1:9b:58:96,92601
1985-01-23T16:46:24,"48.279,85 €",Anders,Asia/Dhaka,iu,2007-10-24,2023-06-18 23:27:21,turnen.wav,Brunei Darussalam,Monschau,63.674154,DE,web-65.klemt.com,ef:39:dc:d6:c5:7c,40417167
2013-01-10T18:39:06,"20,82 €",Eberth,America/Dominica,cy,1986-05-06,1977-08-08 01:14:29,selbst.txt,Monaco,Calau,18.1043565,DE,srv-25.gute.net,41:16:f0:45:43:0c,447
2019-06-20T07:20:39,"11,99 €",Stolze Weitzel AG & Co. KG,Asia/Rangoon,sr,1983-05-14,1979-05-07 06:30:33,als.gif,Jemen,Roth,78.7413375,DE,web-06.tintzmann.org,0a:4f:64:80:0f:ea,0
1994-08-15T18:43:36,"76.828,81 €",Scholl e.G.,Africa/Kampala,fa,2007-04-12,2012-12-11 05:56:49,fünf.js,Barbados,Roding,25.072266,DE,email-45.reichmann.com,bb:73:0f:a4:76:1c,4355
2006-01-27T12:24:37,"72,73 €",Fröhlich Warmer AG,Pacific/Nauru,hr,2019-08-22,2020-05-29 20:05:26,Geschenk.pptx,Mayotte,Lüdenscheid,-11.2897235,DE,desktop-32.putz.com,43:6b:aa:8f:b9:96,6
2021-07-23T16:02:49,"191,64 €",Fliegner Stiftung & Co. KG,Europe/Budapest,pt,1983-04-22,1997-11-06 10:13:40,turnen.jpg,Iran,Riesa,51.9296735,DE,desktop-40.girschner.com,30:33:76:8d:a0:fd,0
1987-02-12T23:39:09,"76.564,07 €",Flantz,Africa/Casablanca,lb,1993-08-26,2017-09-02 21:22:50,Schüler.ods,Kokosinseln,Meiningen,23.4420625,DE,web-05.jessel.com,80:18:70:23:3d:dd,780
2016-06-17T09:32:37,"70,10 €",Klingelhöfer Heidrich e.G.,Indian/Mahe,nso,1971-09-18,1971-06-17 00:33:37,er.webm,Falklandinseln,Parsberg,20.552934,DE,lt-47.butte.net,81:04:c4:2a:15:d9,715
1987-12-15T12:19:13,"74.693,97 €",Lindner,America/Chihuahua,lzh,2020-01-26,1995-07-19 22:43:50,durch.jpeg,Malediven,Demmin,76.2781245,DE,web-14.scheibe.com,9f:79:c3:34:b2:0f,79997
1971-08-23T16:51:12,"47.600,48 €",Warmer AG & Co. KGaA,Asia/Amman,bhb,2021-04-03,2020-05-05 20:58:42,Teller.mov,Senegal,Badoberan,85.7587155,DE,lt-47.rosenow.com,b8:ac:28:3c:03:ad,67029
1982-04-17T04:56:37,"33,05 €",Atzler Löchel AG & Co. KG,Asia/Kuwait,ast,2002-07-05,2019-07-13 21:54:44,ging.bmp,Turkmenistan,München,33.9532275,DE,db-92.franke.com,a1:70:44:27:81:72,2
1978-06-28T03:15:47,"7.066,13 €",Klotz Aumann AG,America/Barbados,pt,2018-01-16,2021-12-21 11:44:20,dafür.mp4,Deutschland,Roth,17.100854,DE,srv-69.poelitz.com,c8:52:8b:75:cb:5b,70501873
1994-06-09T08:02:05,"12,26 €",Hauffer GmbH,Europe/London,my,2022-05-30,2014-12-24 13:26:08,gar.flac,Bolivien,Sigmaringen,-16.101564,DE,web-24.seip.net,58:f7:20:05:82:37,417494
1987-11-29T05:06:45,"60,82 €",Hendriks,America/Managua,it,1995-01-05,1995-12-03 01:05:33,hinein.gif,Nigeria,Recklinghausen,-77.8387485,DE,srv-31.eimer.org,93:de:34:9e:46:b1,7013
2023-08-14T16:55:13,"1.985,85 €",Schenk Mohaupt AG & Co. KG,Europe/Sarajevo,es,1988-06-13,1982-01-29 15:47:45,glauben.mov,Malawi,Kassel,-1.412823,DE,db-31.renner.net,38:ae:74:71:94:24,66483163
1988-07-31T19:15:54,"908,26 €",Jopich Bruder OHG mbH,Africa/Harare,nr,2021-06-27,2000-11-17 17:21:37,lassen.wav,Griechenland,Cuxhaven,-36.8920075,DE,email-22.sauer.net,83:b0:7a:fd:85:71,402303
2002-07-10T19:15:50,"0,44 €",Schulz,Africa/Maseru,ht,1970-12-09,1991-09-03 08:46:23,Bild.html,Guernsey,Schwerin,-29.3797095,DE,web-60.buchholz.net,a3:e8:e6:94:a2:2e,136
2009-07-19T05:06:43,"6.705,59 €",Hornig KG,Europe/Vaduz,shs,1987-02-03,2010-08-19 16:24:16,nein.wav,Republik Moldau,Düren,27.6806985,DE,web-54.reising.net,4e:e8:1f:d0:29:5e,24275
2017-10-14T16:23:16,"78.763,44 €",Benthin,Europe/Zagreb,he,1993-03-12,1999-06-11 07:54:31,sieht.odt,Mikronesien,Vohenstrauß,11.186163,DE,laptop-74.matthaei.org,b7:79:8c:28:3a:78,8743
2010-05-25T19:57:55,"55.985,33 €",Ruppersberger,Europe/Vatican,de,1973-06-21,1971-06-23 08:19:04,glauben.bmp,Israel,Büsingen am Hochrhein,50.2162475,DE,web-05.bien.de,99:bf:a4:8f:93:77,8226
2010-12-27T08:25:46,"5,72 €",Gröttner,Africa/Kampala,th,2011-10-17,2020-01-01 03:50:15,verstecken.js,Israel,Erkelenz,15.6631795,DE,laptop-95.loechel.org,70:64:5a:c8:d8:c8,164541576
1974-11-15T13:54:44,"0,72 €",Börner Kühnert AG & Co. KGaA,Africa/Monrovia,gez,1985-09-22,1976-09-27 09:39:38,nimmt.png,Bangladesch,Forst,-78.338183,DE,web-46.warmer.com,a6:a7:c6:d0:9c:61,437
1999-07-28T03:45:39,"83,35 €",Fechner Klemm GmbH,America/Guyana,it,2003-11-04,1976-07-18 15:15:25,werden.webm,Cookinseln,Hamburg,78.786883,DE,email-49.sauer.com,b2:15:a8:5e:a0:60,9052
2014-09-30T04:20:32,"27,79 €",Hübel Hande Stiftung & Co. KGaA,Africa/Bangui,om,2023-08-13,2017-03-31 04:21:42,Frau.js,Norfolkinsel,Hansestadttralsund,-66.769274,DE,web-10.bloch.net,fb:be:00:1c:7a:f4,3417346
2013-06-17T01:12:37,"8.008,49 €",Mende Hermann AG,Africa/Windhoek,it,1973-08-22,2003-11-23 04:29:25,kurz.js,Norwegen,Lemgo,86.038152,DE,lt-73.franke.com,b9:e3:49:65:9a:f7,3295
1979-07-17T19:30:52,"732,44 €",Renner Stumpf GmbH & Co. KG,Africa/Algiers,kl,1978-04-19,1976-08-14 14:09:17,sofort.mp4,Afghanistan,Augsburg,63.7708115,DE,db-15.weitzel.org,94:0e:d2:95:d7:56,702517
2018-07-17T10:19:49,"54,41 €",Gumprich,Africa/Johannesburg,eo,2017-11-26,1993-08-13 13:29:26,Sonntag.mp4,Gambia,Geithain,-70.5294065,DE,lt-35.dippel.com,a6:ad:5f:da:88:2c,5321645
1971-06-09T20:29:47,"23.779,36 €",Rädel GmbH & Co. KG,Pacific/Funafuti,ak,1982-10-31,1979-04-11 05:06:39,wohl.mp3,St. Lucia,Ueckermünde,8.4563255,DE,laptop-01.schmidt.com,d6:4b:d0:38:38:2b,33100158
2014-04-13T09:25:02,"34.345,39 €",Martin Fiebig GbR,Asia/Karachi,uz,1999-02-12,2005-05-10 01:04:21,gehören.txt,Senegal,Rockenhausen,77.619284,DE,web-17.schmiedt.com,be:59:20:55:7f:2f,7176
1975-09-18T05:17:51,"6,53 €",Boucsein AG & Co. KG,Africa/Asmera,om,1974-02-02,1995-04-13 02:23:13,halten.flac,Lettland,Arnstadt,-53.123933,DE,desktop-62.hahn.de,8d:93:3a:83:18:f5,410
2022-09-13T16:11:30,"66.815,08 €",Gröttner,Europe/Athens,ayc,2014-12-25,2021-05-25 00:28:45,Vater.html,Österreich,Altentreptow,-85.363580,DE,srv-97.bauer.com,ea:31:1a:2c:8d:c9,249386
2003-05-22T05:17:51,"3,80 €",Wulff GmbH,Asia/Aqtobe,lzh,1980-11-12,1975-04-04 00:53:24,turnen.mov,Seychellen,Scheinfeld,26.625531,DE,srv-89.trueb.de,49:85:19:e5:db:8c,7194
1990-06-26T06:53:42,"426,60 €",Hölzenbecher Ruppert GmbH,America/Tegucigalpa,th,2002-10-29,1970-02-08 08:05:11,weg.webm,Tonga,Mettmann,-27.732723,DE,email-43.wesack.de,6c:f1:15:e5:ee:64,38275938
2002-06-19T00:59:48,"8.325,67 €",Benthin KG,Europe/Zagreb,uk,2019-12-14,2006-04-16 06:53:46,Zug.xls,Eritrea,Bad Brückenau,-85.1151355,DE,laptop-47.hoelzenbecher.de,aa:ee:e7:f7:0b:44,879
2018-12-01T05:43:08,"53.574,65 €",Hamann Röhricht GmbH & Co. KG,Africa/Addis_Ababa,cmn,1987-07-09,1996-05-08 11:17:38,ganz.webm,Zentralafrikanische Republik,Bitterfeld,-29.086791,DE,db-80.doering.org,79:c7:2a:6c:0a:bf,97472
1979-03-19T21:24:30,"89.788,81 €",Drub GmbH,Pacific/Easter,kk,2004-06-11,1986-11-28 01:26:53,Teller.wav,Vereinigte Arabische Emirate,Döbeln,43.4351395,DE,laptop-46.oderwald.org,d7:38:1b:74:02:a3,354
2000-01-30T16:38:32,"469,54 €",Möchlichen Stey GmbH & Co. KGaA,America/Merida,nr,2000-11-08,1974-04-01 14:56:19,wissen.tiff,Färöer,Wolfach,-4.068005,DE,web-70.schmiedecke.de,fc:c0:4d:2b:b9:76,81152315
1986-06-13T17:16:23,"41,97 €",Schomber,Africa/Ndjamena,bem,1970-01-28,1996-10-19 23:33:06,wirklich.pdf,Honduras,Höxter,86.0807565,DE,email-20.warmer.com,bc:95:e2:ad:72:b4,426214634
1982-08-15T18:16:09,"745,67 €",Misicher Döring KG,Africa/Kampala,gl,1993-09-01,2005-10-22 21:54:10,heraus.jpg,Heard- und McDonald-Inseln,Worbis,5.1303085,DE,lt-94.mende.com,2d:2e:53:81:e2:ba,517580327
2003-04-01T15:01:04,"6,67 €",Drewes Heuser GmbH & Co. KGaA,Pacific/Funafuti,zu,1976-05-27,1975-11-13 01:32:55,sofort.flac,Sierra Leone,Mittweida,-18.1454865,DE,lt-47.schweitzer.org,b0:a6:a4:1f:fc:4b,92
2009-01-19T08:47:24,"7.085,50 €",Steinberg AG,Asia/Colombo,mi,2023-08-20,1990-05-10 20:27:13,vor.txt,Laos,Wernigerode,-4.887715,DE,lt-94.pruschke.org,16:2b:50:a8:82:dc,747922
1986-05-31T23:10:55,"913,18 €",Sölzer GmbH & Co. KGaA,Asia/Taipei,iu,1973-07-01,1996-03-28 19:11:23,antworten.mp4,Gibraltar,Arnstadt,22.089121,DE,email-67.dowerg.com,1b:dd:89:90:f5:a0,795379
2015-11-18T14:04:03,"198,93 €",Sager Trubin GmbH,Europe/London,ms,2023-09-09,1993-01-06 14:23:51,wirklich.pdf,Honduras,Havelberg,-49.0490835,DE,db-21.ruppert.com,2b:8d:11:4c:8b:e9,14171
1994-05-02T22:18:18,"89.504,44 €",Hübel,Africa/Banjul,hu,2015-03-07,2013-06-16 10:32:35,Musik.flac,Kolumbien,Badibling,53.3875695,DE,lt-33.ruppert.com,a6:1d:be:06:cb:62,3
1971-04-22T17:25:19,"89.331,62 €",Dietz,Africa/Blantyre,sa,2011-08-23,1970-05-03 21:12:59,gehören.numbers,Madagaskar,Eisleben,-52.007849,DE,email-57.zahn.com,e6:a4:6f:e0:9f:ac,7503380
1976-02-29T00:58:13,"366,37 €",Bärer Liebelt GbR,Africa/Harare,nn,2011-07-26,2002-05-02 01:54:50,grün.webm,Indien,Forchheim,62.340234,DE,laptop-31.schuchhardt.net,55:3f:52:9b:85:18,40
1972-02-02T01:08:49,"9.203,70 €",Herrmann GmbH,Asia/Karachi,cy,2005-03-09,2014-12-08 10:59:09,Welt.bmp,Mexiko,Darmstadt,29.0976945,DE,desktop-98.roemer.net,e9:0c:87:e6:a4:b7,2908786
2023-03-27T03:14:27,"979,89 €",Bien Stroh GmbH & Co. KG,Europe/San_Marino,niu,1994-02-28,1995-07-10 21:04:11,sicher.key,Honduras,Parchim,5.9408005,DE,lt-35.waehner.de,6e:29:71:78:a6:3f,5434
2005-05-27T19:51:50,"81.544,87 €",Hiller,Europe/Tirane,gd,1970-05-28,2017-01-02 09:30:00,einmal.tiff,Republik Korea,Pinneberg,-84.6512985,DE,desktop-51.kramer.org,47:c8:9b:cd:bd:13,64164808
1975-12-27T11:01:50,"3.699,06 €",Benthin Anders GbR,Indian/Mauritius,mn,1975-04-27,1997-08-31 20:16:51,spielen.mp4,Kaimaninseln,Oberviechtach,30.052070,DE,web-72.jungfer.de,71:78:28:22:23:a2,20992
1990-10-07T01:04:01,"2.521,45 €",Riehl OHG mbH,Europe/Monaco,fil,2008-10-17,1993-03-28 17:05:07,will.avi,Neukaledonien,Geldern,45.666195,DE,db-62.peukert.de,1b:64:c8:db:b1:b4,35141313
2009-04-17T18:05:31,"56.935,64 €",Löchel AG,America/Barbados,te,2018-10-28,1994-01-18 19:04:09,als.avi,Singapur,Neuruppin,-77.510069,DE,web-76.anders.com,a3:eb:91:60:9b:2f,7
1987-03-25T06:00:23,"44.689,22 €",Metz AG,Asia/Ashgabat,shs,1989-01-27,1979-04-17 15:20:58,kam.json,Nördliche Marianen,Schrobenhausen,82.4837475,DE,lt-03.atzler.de,4b:1d:b4:b0:df:45,36
1987-08-25T11:25:06,"3,40 €",Rädel e.G.,Asia/Saigon,ta,2021-02-28,2012-04-24 10:34:37,am.jpeg,Panama,München,-41.319521,DE,web-78.wulf.com,a7:59:d1:09:57:66,326
1983-08-05T13:16:50,"2,75 €",Rädel Röhricht e.V.,Europe/Sofia,so,1973-08-24,1980-07-10 17:18:50,sagen.js,Guyana,Hammelburg,84.052223,DE,lt-43.jacob.org,80:62:e0:44:68:c6,607177973
1987-06-24T22:32:20,"681,02 €",Gertz Rose KG,America/St_Johns,pa,2010-10-11,2010-07-24 09:17:35,hin.webm,Togo,Lübben,-70.627770,DE,email-07.schaefer.de,89:cc:f6:4c:78:3b,96595006
1997-11-03T09:35:00,"7.584,94 €",Lorch,Asia/Aqtau,fy,2016-09-09,1976-10-11 16:54:37,zeigen.css,Aserbaidschan,Greiz,49.859505,DE,laptop-85.schottin.de,d2:29:02:2b:da:ae,57
2002-04-26T04:22:22,"83.365,97 €",Scheuermann Stadelmann e.V.,Africa/Bamako,lzh,1976-03-16,2016-06-07 18:21:43,vielleicht.mov,Serbien,Dinkelsbühl,14.5725025,DE,db-48.briemer.de,13:2f:24:28:7c:e2,8
1998-02-24T07:01:43,"7,50 €",Budig KG,Asia/Qatar,fo,1999-06-07,1995-04-06 07:40:13,Stück.pptx,Französisch-Polynesien,Fallingbostel,86.2122865,DE,desktop-88.ernst.com,c7:44:73:3d:a2:60,695075
1987-06-20T21:34:13,"39.083,99 €",Bohlander AG,Asia/Karachi,ik,2021-04-19,2012-10-02 12:06:21,zurück.pdf,Guyana,Dinslaken,22.1054885,DE,srv-25.scheibe.com,21:28:fa:bb:72:0d,6484
2021-11-06T08:06:31,"19,18 €",Wende Barkholz e.G.,Pacific/Easter,ur,2002-10-09,1997-08-15 06:57:47,Glas.key,Sri Lanka,Duderstadt,-43.867163,DE,lt-82.gerlach.com,c4:6d:27:c7:40:ee,50814
1973-10-01T10:49:00,"9.276,13 €",Ortmann Heinrich AG,America/Guyana,kk,1970-11-02,1983-02-01 23:12:40,Minute.gif,Belarus,Wunsiedel,38.521256,DE,email-70.sorgatz.com,a2:8e:ef:ea:e0:43,5
2009-10-05T19:05:54,"2.981,33 €",Pölitz,Asia/Manila,ja,2009-05-28,1988-12-11 10:19:50,kochen.png,Anguilla,Döbeln,42.059673,DE,db-40.mielcarek.com,44:f3:48:4a:f5:7b,16389007
1998-10-07T05:11:58,"20,18 €",Hübel Pohl GmbH & Co. OHG,Europe/Tirane,wa,1973-05-06,1993-10-26 10:23:49,voll.tiff,Mongolei,Neubrandenburg,78.853937,DE,laptop-57.davids.net,62:3f:83:b9:32:5b,58799
2010-12-27T22:54:59,"3.492,23 €",Lachmann AG & Co. OHG,Europe/Chisinau,ce,1974-01-11,2008-06-17 00:07:17,schauen.ods,Estland,Ochsenfurt,40.5968445,DE,db-03.jockel.com,f1:ec:14:83:2b:e8,518526
1977-04-02T10:39:44,"593,53 €",Stolze,Africa/Lome,sa,2003-09-24,1987-09-08 03:05:01,ohne.wav,Amerikanisch-Ozeanien,Eichstätt,-22.923556,DE,lt-78.drubin.de,29:b3:e8:a8:a2:fc,24
2014-04-08T22:48:03,"40,99 €",Schmidt Kallert AG & Co. KGaA,Indian/Comoro,lo,2000-03-11,1996-11-21 16:46:58,Musik.bmp,Samoa,Neubrandenburg,-65.4815535,DE,email-37.spiess.net,7f:f9:5d:ba:f0:c0,96444086
2005-10-27T10:32:54,"72,98 €",Jüttner KGaA,Europe/Zagreb,th,1990-05-19,1995-06-28 13:42:32,heute.jpg,Argentinien,Warendorf,-19.088705,DE,email-76.hellwig.com,f5:26:6a:e6:01:cd,443111
1985-10-30T02:23:21,"73.749,37 €",Vollbrecht,America/Guatemala,bn,1985-02-18,2008-12-23 18:14:39,ins.jpg,Cookinseln,Artern,-37.534180,DE,email-15.lehmann.net,fb:da:aa:5e:b1:ec,25786399
1980-04-23T13:53:56,"70,81 €",Rädel AG,Asia/Qatar,sa,2008-09-22,1977-02-03 07:39:13,ins.jpeg,Vereinigte Arabische Emirate,Mettmann,-73.5837275,DE,email-81.caspar.net,22:61:6d:47:14:a6,346
2013-05-20T05:00:00,"348,23 €",Lehmann GmbH,Africa/Ouagadougou,ia,1996-05-14,1983-07-20 04:59:50,verstecken.gif,Republik Moldau,Sangerhausen,-72.4718985,DE,desktop-69.thanel.de,95:fc:bd:6c:b0:5e,5839839
1983-08-16T06:21:40,"3.345,14 €",Heinrich,Asia/Almaty,ak,1976-10-14,1976-04-10 12:31:18,Schuh.png,Demokratische Republik Kongo,Strausberg,15.0019395,DE,web-62.geisler.com,61:d2:b4:db:1a:21,53244029
1995-12-21T11:24:43,"8,08 €",Hübel KGaA,Europe/Sarajevo,ml,1986-09-12,1973-12-19 21:34:15,lesen.mov,Uruguay,Mayen,-47.395835,DE,web-18.schottin.com,c5:51:f7:ab:9e:3b,2463
2015-10-20T03:59:26,"2,82 €",Winkler Möchlichen AG & Co. KGaA,Europe/Zagreb,hr,2019-07-03,2010-06-22 01:41:06,nämlich.bmp,Guernsey,Bogen,61.4396935,DE,db-46.seifert.de,c4:aa:77:5c:09:44,5960588
2007-07-30T20:44:50,"0,60 €",Wirth Kostolzin Stiftung & Co. KGaA,Asia/Taipei,ro,1977-01-24,1997-10-17 21:50:49,heißen.xls,Ecuador,Zossen,-21.651353,DE,srv-14.lachmann.com,bb:83:86:6e:aa:9f,6
2010-12-15T01:09:55,"58,45 €",Kramer Stiftung & Co. KG,Africa/Johannesburg,gv,1989-02-08,1997-04-22 00:48:51,werfen.js,Republik Korea,Rottweil,-8.4364325,DE,web-66.fliegner.de,bc:63:2c:7e:19:cf,948
2015-08-31T07:43:43,"920,30 €",Schmidt Hendriks KG,Asia/Katmandu,zu,2000-07-03,1997-01-13 22:35:37,Sonntag.css,Nordmazedonien,Dessau,-48.762173,DE,srv-33.hamann.de,61:c1:7f:79:0a:f0,638271414
1994-09-21T02:34:18,"63.618,51 €",Dippel OHG mbH,Asia/Bahrain,nr,1992-08-29,2019-01-03 11:07:49,anfangen.odp,Vatikanstadt,Säckingen,-37.927500,DE,srv-89.schlosser.org,f2:b8:b0:12:1c:c9,43402516
2020-03-17T16:30:41,"6,13 €",Jäkel AG & Co. KGaA,America/Guyana,ss,1989-09-23,1983-06-18 18:55:58,Wagen.json,Ghana,Dinslaken,-66.5862505,DE,laptop-73.mohaupt.org,00:a1:0e:76:5c:3b,423
1999-08-04T20:29:33,"819,77 €",Rudolph,Africa/Gaborone,szl,2005-11-12,2010-11-18 15:20:37,groß.flac,Tschad,Amberg,75.9472015,DE,desktop-06.wernecke.net,aa:0d:81:b8:dd:71,628
1986-08-10T07:20:35,"710,04 €",Hethur Speer AG,Europe/Zagreb,uk,1995-07-28,1985-10-21 23:05:02,schenken.tiff,Südafrika,Bad Freienwalde,-73.5255505,DE,web-57.koehler.net,78:82:09:f8:17:a6,660
2019-04-22T14:12:08,"10,54 €",Zirme Etzold GmbH,America/St_Lucia,nso,2016-07-10,2004-10-09 02:06:12,wollen.flac,Benin,Delitzsch,60.5386905,DE,lt-92.putz.com,3e:44:20:f5:3c:e7,753
1980-08-01T19:29:09,"5.831,50 €",Neuschäfer Henck GmbH & Co. KGaA,America/Guatemala,ml,1986-03-21,2014-12-29 08:32:47,wahr.doc,Bosnien und Herzegowina,Stendal,68.4730855,DE,email-19.seidel.de,ab:f7:67:26:83:5d,49861531
1997-07-20T14:50:43,"23,44 €",Bärer AG,America/Nassau,sv,2015-07-19,2003-04-30 21:06:41,ins.js,Kambodscha,Hohenmölsen,41.1349175,DE,srv-77.trommler.de,0d:b9:f7:67:ca:c9,46617
1989-05-29T13:15:10,"361,98 €",Börner OHG mbH,America/Belem,pap,2007-06-07,2015-08-23 22:16:48,fertig.json,Sierra Leone,Recklinghausen,12.046863,DE,laptop-17.fiebig.com,af:38:46:b0:33:1c,15595
2009-12-29T03:10:47,"38.375,48 €",Rogge,Africa/Tripoli,sl,2006-12-22,1995-02-15 22:20:00,ihr.avi,Äthiopien,Angermünde,68.8936055,DE,laptop-99.davids.com,fc:6f:e7:52:15:c1,60
2011-10-23T04:29:09,"2.357,92 €",Henck,Africa/Brazzaville,dz,1978-04-01,1972-01-21 01:52:05,Blume.html,Papua-Neuguinea,Wolfenbüttel,-34.0228225,DE,desktop-18.bolzmann.de,28:45:29:70:4c:5a,142528
1992-11-13T22:28:13,"61,87 €",Kobelt AG,Asia/Katmandu,nan,1984-10-07,2021-10-23 10:32:45,neun.png,Taiwan,Saulgau,82.854460,DE,lt-32.mitschke.com,11:57:15:84:33:be,72628
2007-10-06T22:13:14,"6,62 €",Bloch,America/Whitehorse,lv,2016-09-29,1971-05-26 13:49:56,wichtig.jpg,Salomonen,Gelnhausen,-69.321641,DE,laptop-99.wilmsen.net,a2:83:14:cf:55:be,5753
2010-07-19T00:40:39,"15,62 €",Aumann Klemm GbR,Africa/Maputo,th,1987-10-18,2018-07-07 11:37:54,Auge.flac,Kuba,Fürstenfeldbruck,-24.072849,DE,srv-72.jockel.com,64:d4:7c:02:0b:0d,3975386
2015-10-26T14:53:08,"74,80 €",Zahn,Europe/Vaduz,sl,2019-12-01,1974-06-27 09:52:48,dunkel.html,Angola,Aschaffenburg,41.6571575,DE,desktop-55.wagenknecht.com,bc:97:52:99:e6:11,6501213
1989-08-17T12:08:52,"9,95 €",Ullmann e.G.,Asia/Muscat,ts,2007-01-28,2017-03-25 07:13:50,Himmel.csv,Jersey,Backnang,57.060703,DE,email-82.weiss.de,31:6e:6b:f2:f2:50,3539288
2004-02-03T22:23:56,"722,11 €",Karge AG,Asia/Magadan,lv,1984-08-14,2000-04-02 18:09:15,Sache.mp3,Republik Korea,Querfurt,-22.524111,DE,web-26.davids.net,2a:cb:02:65:35:94,84576082
1986-08-30T00:48:45,"56,96 €",Karz,Asia/Taipei,csb,1999-01-23,2001-01-30 18:21:11,Fenster.json,Bermuda,Zerbst,-41.900322,DE,srv-79.heser.de,ee:da:ca:36:9b:f1,4
2006-04-21T16:52:40,"79,40 €",Mälzer GmbH,Indian/Maldives,id,2011-07-31,1970-07-30 05:41:37,ziehen.xlsx,St. Barthélemy,Tecklenburg,38.3723725,DE,srv-48.etzler.com,73:f6:10:06:f6:58,39602784
1977-07-31T23:09:47,"4.886,72 €",Bärer Caspar AG,America/Paramaribo,fo,1999-07-25,1982-12-30 23:16:10,wichtig.json,Papua-Neuguinea,Burgdorf,87.4186955,DE,srv-31.mohaupt.com,29:a7:87:71:23:27,63470909
1996-11-14T13:56:23,"197,57 €",Noack Jockel AG & Co. OHG,Asia/Kuching,am,1988-01-20,2006-03-03 10:27:41,sie.jpg,Martinique,Emmendingen,-5.451888,DE,web-03.trommler.com,09:4b:e5:3a:73:ab,57853
2003-10-08T04:53:39,"78.893,47 €",Löffler,Africa/Cairo,fur,1978-12-19,2012-11-24 08:16:43,Schnee.numbers,Guatemala,Neustrelitz,-87.578691,DE,desktop-73.hoffmann.com,6a:1c:75:b2:2a:5c,56266028
1977-01-03T11:30:10,"52,67 €",Butte GmbH & Co. KG,Africa/Lagos,lo,1978-04-11,1996-05-09 15:48:01,antworten.html,Griechenland,Witzenhausen,23.836766,DE,laptop-39.stahr.de,ab:0a:d0:a0:4d:da,181834
2013-09-24T14:03:54,"256,62 €",Bonbach,America/Costa_Rica,az,1984-06-23,1984-02-05 19:57:24,nehmen.gif,Brasilien,Klötze,-51.160272,DE,laptop-60.dippel.de,03:72:d3:98:86:aa,38484380
1991-03-15T15:04:24,"3.317,72 €",Löwer,Asia/Samarkand,tr,1977-07-06,2013-07-12 02:14:38,Boden.mp3,Republik Korea,Herford,-54.451133,DE,srv-41.jungfer.com,c9:36:fd:ab:f6:ab,5332
2005-12-22T03:24:08,"3.964,24 €",Gnatz GmbH,Europe/Lisbon,mi,1985-07-18,2011-12-26 23:08:27,traurig.jpeg,Sierra Leone,Neustadt am Rübenberge,-81.415867,DE,lt-12.girschner.org,7d:a4:5f:ad:d8:3a,694859966
2014-05-19T18:04:04,"85,77 €",Krein GmbH & Co. KG,America/Managua,lb,1972-06-26,1970-06-06 15:34:46,danach.avi,Australien,Northeim,15.6226035,DE,db-25.raedel.net,e5:7d:c5:a8:9c:2e,55792275
2019-03-25T08:45:52,"751,50 €",Wulf AG,Africa/Bangui,tcy,1975-01-18,2022-10-01 01:08:22,dumm.flac,Lesotho,Sömmerda,-23.844235,DE,lt-57.schlosser.com,68:9b:c9:6c:cb:4c,92982129
2016-08-14T16:55:58,"70.812,04 €",Karz GbR,Europe/Stockholm,hak,1997-09-03,1987-09-18 13:53:13,rot.png,Tonga,Bremen,-65.6161685,DE,desktop-48.heydrich.net,50:54:04:9e:5b:3e,7705586
1979-01-11T12:52:12,"49.978,90 €",Fritsch Pärtzelt AG,Europe/Kiev,mai,2019-01-23,2018-07-28 05:45:48,Lehrerin.flac,Malediven,Gelnhausen,0.735163,DE,srv-39.lange.de,57:70:f1:cf:94:fd,3317
1989-06-26T14:54:55,"784,09 €",Gude,Africa/Libreville,tg,2006-11-13,2013-01-16 07:51:53,Geschenk.jpg,Nicaragua,Erding,25.145358,DE,web-21.roskoth.com,de:1b:a3:36:2b:92,34921288
1999-03-31T04:12:13,"7,98 €",Hethur,Africa/Porto-Novo,pa,1998-03-31,1978-07-13 19:01:22,fangen.bmp,St. Kitts und Nevis,Amberg,75.1431625,DE,srv-30.doering.org,a5:b5:d4:be:8f:ff,8991397
2021-07-10T19:52:13,"74,82 €",Weinhold Seip GbR,Pacific/Apia,quz,1978-08-28,1978-09-30 04:49:05,fressen.mp4,Kokosinseln,Altötting,-73.8562905,DE,laptop-63.heintze.de,02:4f:9d:45:bd:c2,9484975
1990-10-23T06:22:29,"10,49 €",Hermighausen,Asia/Choibalsan,ayc,1981-09-30,1977-10-15 13:26:15,bin.jpg,Amerikanisch-Samoa,Miesbach,64.0301445,DE,srv-30.reuter.de,18:d8:33:4b:2a:25,70452
2023-05-30T20:00:22,"89.454,57 €",Drewes,Asia/Calcutta,bs,2010-03-29,2012-08-13 09:06:27,Zahl.mov,Russische Föderation,Pasewalk,54.5451035,DE,laptop-49.putz.com,fe:b6:f0:2e:55:3b,91045877
2004-08-12T02:07:45,"76,69 €",Röhrdanz AG,America/Paramaribo,es,1979-07-21,2017-02-22 01:50:12,waschen.css,Südgeorgien und die Südlichen Sandwichinseln,Rudolstadt,26.473348,DE,web-68.wilmsen.com,3c:0e:22:c9:00:0f,60553750
2002-03-12T21:43:37,"47,67 €",Kreusel,Asia/Brunei,uk,1973-07-26,2017-11-10 04:16:00,Mann.json,Dominikanische Republik,Gräfenhainichen,-73.555077,DE,laptop-77.graf.net,96:9f:63:28:b1:d5,87137
2001-12-27T19:01:37,"201,16 €",Scholl KG,Europe/Andorra,hne,1987-02-01,1990-04-04 04:25:30,vorbei.webm,Türkei,Gelnhausen,-30.506283,DE,laptop-81.ackermann.de,c2:95:64:95:41:be,21
1997-01-21T07:34:56,"7,06 €",Barth Ritter GmbH & Co. OHG,America/Bogota,bem,2016-02-03,2012-08-28 15:55:09,Hase.mp3,Demokratische Volksrepublik Korea,Kleve,-58.435277,DE,email-92.luebs.com,1e:d4:4a:a6:c5:dd,622724
1987-11-15T02:14:04,"295,65 €",Gunpf Eigenwillig GmbH & Co. KG,Africa/Kampala,wae,1984-06-14,2004-07-17 15:53:25,weg.js,Vereinigte Staaten,Eilenburg,55.0882415,DE,db-19.schuchhardt.de,56:fd:96:0e:00:8c,78
1973-04-20T03:08:27,"193,07 €",Hermighausen,America/Caracas,lt,1984-05-13,1999-08-19 11:55:28,braun.txt,Kuba,München,68.2673955,DE,desktop-88.hendriks.de,a2:54:f4:6d:83:33,8881
1998-08-28T09:07:01,"8.073,10 €",Hermighausen e.G.,Africa/Lome,ayc,2003-10-18,2010-10-28 14:56:04,Auge.flac,Montenegro,Parchim,42.4755945,DE,laptop-85.hein.de,3f:31:e8:25:e1:f7,966557193
2021-01-27T10:21:48,"4.061,62 €",Margraf Trüb e.V.,Asia/Dubai,en,1970-08-07,1973-09-14 01:32:04,um.xlsx,Malta,Leipziger Land,-12.5701245,DE,email-52.hauffer.de,b3:2c:0d:2e:aa:a2,559294
1970-09-29T20:10:53,"413,14 €",Roskoth GbR,Europe/Tirane,ku,2001-06-23,1993-07-12 10:59:09,gerade.bmp,Italien,Pößneck,89.1446835,DE,laptop-19.riehl.com,1a:de:50:8a:70:d1,649836
2006-11-18T15:22:00,"95.084,88 €",Reinhardt Sontag AG & Co. OHG,Europe/Skopje,ber,2015-10-25,2022-05-31 01:48:52,hoch.jpg,Mauritius,Bergzabern,-76.9946635,DE,lt-07.saeuberlich.de,7a:14:44:5e:ad:b1,9
2021-06-30T20:46:41,"44.686,42 €",Adolph Mangold KG,Europe/Warsaw,gl,1973-04-16,2005-07-18 02:51:07,Name.csv,Costa Rica,Saulgau,-1.0521485,DE,desktop-76.hoelzenbecher.com,de:09:1a:59:1e:77,977839
2005-11-15T02:14:19,"6.985,80 €",Ortmann GmbH,Europe/Tallinn,fi,2010-03-05,2009-10-17 16:02:26,sollen.numbers,El Salvador,Bad Mergentheim,29.0536965,DE,srv-13.junken.net,65:72:67:f4:06:57,777697
1991-02-13T19:26:34,"152,11 €",Franke AG & Co. KGaA,Pacific/Truk,fa,1990-01-01,1994-10-10 10:13:01,Glas.mp3,Albanien,Badalzungen,-75.9880405,DE,laptop-07.baehr.com,c9:b8:af:0e:e2:ad,0
2010-01-21T11:53:51,"466,55 €",Rörricht Stiftung & Co. KG,Asia/Aden,or,1971-09-16,2010-11-22 22:40:24,böse.bmp,Ukraine,Starnberg,-75.510802,DE,db-96.rogner.de,66:6f:2b:61:12:4b,513
2021-04-16T18:25:25,"644,71 €",Schaaf GbR,Africa/Bujumbura,hi,1974-01-27,1988-05-09 17:28:11,Welt.ppt,Niue,Marienberg,-47.639042,DE,laptop-21.stiffel.com,88:0c:63:ea:9d:2c,8794308
1992-10-13T10:52:57,"9,66 €",Beyer Steinberg GbR,Asia/Singapore,sl,2003-02-17,1979-12-28 21:23:26,Freude.avi,San Marino,Belzig,14.614588,DE,desktop-71.kranz.de,6c:28:3d:ae:28:85,952
2019-03-03T03:40:12,"6,60 €",Drub,Europe/Andorra,se,2000-07-11,1991-05-05 01:05:24,gehen.csv,Französisch-Polynesien,Mühldorf am Inn,-55.2911415,DE,laptop-12.hentschel.net,74:a1:e4:21:29:2b,828767
1989-09-27T07:51:30,"156,78 €",Loos,Europe/Ljubljana,eo,2023-08-15,2009-07-07 17:35:23,anfangen.mov,Peru,Lobenstein,-55.927121,DE,srv-16.grein.de,88:da:78:04:98:49,100
2005-02-09T11:53:33,"68,01 €",Mohaupt Biggen GmbH & Co. KGaA,Africa/Ndjamena,km,1984-08-15,1986-06-14 06:51:55,Land.png,Usbekistan,Quedlinburg,-54.295603,DE,web-33.stumpf.de,59:37:5d:ba:74:c3,752697113
1980-10-06T05:13:02,"227,83 €",Löwer,Europe/Stockholm,ht,1973-10-25,2014-07-28 05:41:07,gibt.mp4,Turks- und Caicosinseln,Schwerin,-8.2131375,DE,laptop-61.ullrich.com,1e:3a:03:ca:9d:95,9
2013-08-03T09:29:49,"27.649,13 €",Striebitz,Europe/Amsterdam,ts,1985-02-07,1991-07-18 21:22:53,gut.jpg,Bouvetinsel,Wolfratshausen,-42.6893795,DE,laptop-09.fliegner.com,43:ed:3e:95:e2:c0,8864
1997-09-18T13:50:24,"876,46 €",Heser Ruppersberger OHG mbH,Europe/Tallinn,sc,2013-03-24,1970-04-03 04:48:38,grün.pages,Osttimor,Bad Liebenwerda,35.760059,DE,srv-79.kobelt.de,29:17:9c:54:09:c5,6
1992-04-08T23:12:26,"292,39 €",Kostolzin AG & Co. KGaA,America/Havana,yo,2015-08-12,1976-09-11 22:36:24,fertig.ods,Salomonen,Luckenwalde,1.5151375,DE,web-59.roskoth.de,a7:ec:6b:f3:75:d3,3362
2014-02-26T03:17:38,"3.892,84 €",Radisch,Africa/Gaborone,nn,2009-08-12,2016-06-19 05:11:40,fressen.pptx,Heard- und McDonald-Inseln,Jülich,29.790119,DE,lt-91.herrmann.de,9d:2d:de:5f:6e:af,75192
1981-12-12T12:07:28,"8,24 €",Preiß,Africa/Conakry,mt,1971-04-30,2021-10-22 00:49:06,helfen.pptx,Togo,Eggenfelden,-1.8661225,DE,laptop-23.rogner.com,2b:63:85:ed:f1:a3,597439594
2013-09-25T10:20:28,"79.483,39 €",Schinke,America/Santiago,tl,1990-06-30,2017-10-25 07:38:03,suchen.avi,Philippinen,Bayreuth,2.8423935,DE,lt-42.fechner.com,2f:f2:26:0a:a3:2b,9065100
2016-03-16T23:36:50,"24,66 €",Schottin Hellwig AG,Australia/Currie,el,2005-07-03,1986-06-29 09:29:52,braun.jpeg,Mexiko,Wetzlar,13.312533,DE,email-86.scholl.net,a0:cb:ba:32:e6:11,3503832
2013-07-14T07:20:00,"3,65 €",Lehmann,America/Managua,ts,1999-09-29,2003-03-18 15:14:05,Haare.docx,Nauru,Belzig,45.7062655,DE,desktop-47.loewer.com,76:11:e0:72:f1:7a,428410887
2014-05-04T09:46:23,"40,56 €",Nohlmans Rädel GmbH & Co. KGaA,Europe/Andorra,uz,2007-02-09,2015-09-22 01:52:56,Ding.pdf,Kolumbien,Aue,-48.1743745,DE,db-58.schuchhardt.com,29:b7:46:13:2d:a0,8
2021-08-09T13:56:25,"347,35 €",Kreusel Gute e.V.,Asia/Manila,gl,1995-07-07,2003-04-07 17:59:39,darin.flac,Britisches Territorium im Indischen Ozean,Hohenstein-Ernstthal,88.288818,DE,desktop-97.kaester.de,28:d7:4f:f5:6d:ee,50299
1993-02-22T09:23:27,"31.302,65 €",Junken GmbH & Co. KG,Pacific/Efate,wo,1999-06-02,2023-08-10 06:15:02,ohne.gif,Saudi-Arabien,Sankt Goarshausen,-18.889532,DE,desktop-12.weller.com,a2:f9:98:6f:00:ed,62
1994-07-23T03:43:37,"71,69 €",Dobes,America/Nassau,pl,1982-07-05,1998-10-14 20:11:53,wohnen.jpg,Amerikanisch-Samoa,Hamburg,-81.894894,DE,email-53.schaefer.de,e8:1c:2b:01:1b:b1,1
1983-09-26T20:31:12,"8.410,23 €",Paffrath KG,Africa/Dakar,ky,2011-04-18,1983-06-30 05:00:31,zwischen.txt,Vietnam,Wanzleben,-10.394067,DE,db-64.koch.de,06:c5:78:b9:6c:0f,49
1985-06-17T06:58:23,"48,33 €",Losekann AG,Europe/Warsaw,hy,2018-10-10,2011-04-15 17:15:12,wird.css,Schweiz,Donaueschingen,39.0788655,DE,srv-77.ruppert.com,76:92:3e:a1:8b:d3,74
2014-12-31T19:22:41,"4.725,07 €",Girschner Beer AG,Europe/Amsterdam,pt,2016-10-08,2022-12-30 17:55:39,ohne.mp3,Grönland,Forst,6.534826,DE,srv-27.thies.de,7a:65:cd:e3:16:5c,1155
2016-05-08T04:39:31,"3.752,65 €",Gutknecht,Africa/Bangui,lo,1994-02-01,2012-08-21 09:40:08,bin.webm,Gambia,Hofgeismar,44.306795,DE,laptop-42.giess.com,ac:71:e5:ee:2f:4f,52099498
2007-08-01T09:50:40,"9.757,47 €",Mentzel Ruppersberger GmbH & Co. OHG,Africa/Ceuta,sk,1991-08-03,2012-10-11 09:17:02,nass.js,Französisch-Guayana,Artern,-42.3249335,DE,web-74.kusch.com,ca:a2:b4:89:33:bf,9
2004-09-30T15:22:18,"66.217,24 €",Fischer GmbH & Co. KG,Asia/Baku,nhn,1989-07-31,1977-01-12 10:02:47,fährt.numbers,Estland,Eichstätt,-42.4669645,DE,email-49.jungfer.com,57:90:bc:0b:99:7f,3551
2021-01-15T03:47:59,"44.489,00 €",Kroker AG & Co. KGaA,Europe/Amsterdam,id,2006-06-22,1991-07-24 08:24:52,dunkel.webm,Kanada,Sondershausen,75.9681335,DE,laptop-75.grein.org,a0:08:49:4f:8f:bf,592
1997-09-17T12:46:25,"3,59 €",Schleich Gieß GmbH,Europe/Amsterdam,lv,1986-02-27,2009-03-07 07:48:55,fehlen.json,São Tomé und Príncipe,Erding,44.6518675,DE,lt-75.rohleder.org,80:b2:8a:ae:01:9e,26728
2010-07-17T07:51:58,"82.575,23 €",Kuhl GmbH,America/Panama,sv,2016-02-12,1985-02-13 04:38:10,Wissen.wav,Ghana,Berchtesgaden,-37.588668,DE,desktop-54.holt.com,2e:39:70:11:14:91,609549333
1989-09-13T17:06:06,"7.805,31 €",Gotthard AG & Co. KG,America/Havana,be,2014-01-21,2020-07-27 15:55:01,dein.bmp,Kanada,Jena,50.373517,DE,web-87.gute.net,07:5e:a3:1c:02:de,25139326
2021-08-15T23:16:50,"96.798,36 €",Mans,Australia/Darwin,or,2007-03-22,2002-02-15 13:10:32,heraus.numbers,Madagaskar,Melle,-20.9189035,DE,srv-74.staude.de,64:e6:e9:34:8e:a4,2142
2008-07-23T01:04:39,"5,47 €",Oestrovsky,Europe/Vienna,nan,2022-10-11,2020-03-17 20:49:50,ihm.numbers,Katar,Kyritz,-16.4008015,DE,db-95.ditschlerin.de,41:c8:69:58:a5:34,206172
2014-03-17T14:54:43,"1,47 €",Hänel AG,America/Guatemala,li,1982-08-23,1987-10-10 20:11:10,hinein.gif,Serbien und Montenegro,Staffelstein,-1.793059,DE,laptop-84.buchholz.com,d7:d4:9b:68:46:2c,58580574
1978-10-09T04:19:58,"5.285,68 €",Biggen,Africa/Djibouti,ga,2018-07-08,2003-08-26 15:28:53,rennen.flac,Afghanistan,Cloppenburg,-3.287090,DE,lt-47.knappe.org,51:cf:43:98:a3:ad,4060
1991-10-18T02:23:08,"631,09 €",Pohl,Asia/Qatar,tl,2011-05-03,2023-05-16 13:43:55,ihr.jpg,Kroatien,Großenhain,74.4646855,DE,desktop-29.riehl.de,a0:85:4c:63:00:46,44
1998-01-28T16:02:38,"766,08 €",Faust,America/Dawson,eu,2013-01-13,1988-05-09 11:34:06,Mama.pages,Tokelau,Osterburg,-86.908982,DE,srv-87.ring.com,5d:24:bd:fa:13:56,67
1999-04-16T20:23:01,"871,98 €",Junck GmbH,Indian/Comoro,cv,1986-08-11,2007-08-27 15:42:26,erzählen.mp3,Panama,Neubrandenburg,88.679269,DE,db-52.mueller.com,30:c4:9b:13:e4:b8,24438
2009-04-17T01:15:43,"8,79 €",Häring e.V.,Asia/Brunei,kk,2023-05-06,1994-06-11 12:53:25,überall.js,Indien,Bergzabern,86.043356,DE,web-11.loos.com,aa:40:9c:02:ca:3f,68
2006-11-20T16:11:46,"136,16 €",Anders,Africa/Nouakchott,fi,1988-03-04,1992-02-12 12:48:20,ohne.mp4,Tunesien,Sankt Goar,66.834650,DE,email-80.bolander.com,5d:81:84:83:d5:37,9
1992-12-31T11:24:12,"40,62 €",Junken,America/Managua,tk,1984-10-09,1976-10-23 16:59:36,warten.key,Somalia,Northeim,-49.854515,DE,db-81.seidel.com,e8:50:d0:39:1b:b2,2
2004-08-17T18:24:31,"5.161,25 €",Förster AG & Co. KG,Africa/Casablanca,ug,2015-07-07,1996-02-24 01:15:53,ohne.xls,Liechtenstein,Teterow,85.2033555,DE,laptop-79.dowerg.com,ba:8c:d8:3d:b7:19,69
1987-08-21T23:34:53,"95,49 €",Möchlichen GbR,Africa/Lusaka,kl,1988-03-22,2012-06-14 11:19:59,anfangen.flac,Vereinigte Arabische Emirate,Aue,-43.843942,DE,web-94.heintze.com,11:3d:1c:3e:c4:aa,83
2018-03-15T19:24:21,"1.371,11 €",Röhrdanz,Europe/Copenhagen,is,2023-01-15,1997-04-24 11:17:59,ist.csv,Sonderverwaltungszone Hongkong,Wertingen,44.254834,DE,email-55.seidel.net,2a:25:5c:fe:24:06,7251
2013-09-01T07:29:59,"509,06 €",Drewes AG & Co. KGaA,Asia/Samarkand,fur,1978-12-19,2002-03-26 21:29:11,mit.flac,Guadeloupe,Sankt Goarshausen,0.477737,DE,db-77.fischer.de,70:13:a8:c2:d4:bd,3460852
1991-07-24T12:47:22,"0,37 €",Mosemann AG,Africa/Lusaka,bho,2003-11-21,1971-11-25 06:24:13,fünf.mov,Tokelau,Kamenz,-82.6994105,DE,db-43.dussen.com,c9:09:b2:4f:66:39,9425
2019-01-17T19:12:27,"85,57 €",Thanel Hettner e.G.,Asia/Bangkok,hr,2002-01-02,1991-04-02 21:20:20,heute.xls,Aruba,Düren,-7.265466,DE,email-60.foerster.net,fb:c7:5e:f3:37:82,68
2001-06-29T07:48:09,"78.818,68 €",Linke GmbH & Co. KG,America/Bogota,the,2001-07-16,2020-02-14 10:38:48,natürlich.odt,China,Lüdenscheid,-34.2101135,DE,desktop-80.eberhardt.de,a0:95:20:48:14:04,27940
2010-07-20T02:56:29,"2,32 €",Gutknecht,Africa/Harare,ce,1972-11-03,1986-04-02 18:30:09,seit.docx,Island,Bremen,66.029152,DE,lt-61.hoelzenbecher.de,d7:4e:fa:f7:eb:68,8980707
2008-09-29T12:37:22,"1,74 €",Dörr KG,Europe/Andorra,kn,1987-11-26,1995-07-08 20:55:00,dann.js,Mexiko,Marienberg,-78.8335345,DE,lt-42.schleich.org,a4:f7:35:cd:da:03,6
2016-03-07T13:37:19,"456,30 €",Klemt Schmidtke Stiftung & Co. KG,Africa/Mbabane,mhr,2013-04-13,2021-03-21 01:02:46,sehen.webm,Dominikanische Republik,Hofgeismar,-41.972120,DE,desktop-03.berger.com,43:58:10:ff:d5:cb,2
2022-06-30T22:53:13,"46,07 €",Bähr GmbH & Co. KGaA,Africa/Bujumbura,hr,1992-04-02,2009-01-20 02:16:42,böse.odp,Belarus,Olpe,-12.035627,DE,desktop-73.riehl.com,10:42:18:25:d8:b8,1
1991-06-05T06:21:43,"19.298,47 €",Meyer,Africa/Nairobi,ro,2022-12-28,2012-09-24 06:13:21,Mann.mov,Französisch-Polynesien,Gera,-64.8810465,DE,web-95.fritsch.de,26:a5:ca:06:8d:c0,842
1971-09-19T12:17:23,"963,13 €",Striebitz,Asia/Jakarta,mg,1999-03-31,2004-04-05 13:10:09,merken.webm,Namibia,Döbeln,48.800516,DE,srv-77.huebel.com,09:df:b1:16:bb:b5,88629817
1977-03-27T18:04:22,"9,11 €",Seidel,Africa/Khartoum,bho,1981-08-27,2022-01-28 05:19:33,Abend.pdf,Indonesien,Staffelstein,20.4171225,DE,db-46.tschentscher.com,11:3e:5d:d0:b3:25,978
2007-01-19T14:15:09,"35.766,60 €",Lorch GbR,Asia/Damascus,pl,1986-09-10,1987-02-23 02:18:34,bauen.flac,Montenegro,Wolfratshausen,-33.956561,DE,desktop-41.fechner.de,2d:a3:88:a8:47:d6,8
1996-01-13T08:04:52,"43.948,05 €",Haering OHG mbH,Europe/Malta,hne,1994-05-22,2016-11-09 07:19:16,suchen.mov,Tonga,Ueckermünde,77.551770,DE,laptop-71.mans.de,56:89:1d:94:e2:00,5544
2014-05-26T03:51:29,"5,83 €",Weinhage GmbH,America/Caracas,hu,1982-06-30,2022-07-28 05:30:39,müssen.mov,Brasilien,Bremervörde,-43.5319935,DE,srv-20.loos.com,89:ee:a3:2c:46:5d,4486
2006-06-19T08:38:39,"10,41 €",Caspar Anders e.V.,America/Lima,mi,1994-12-11,1992-11-20 04:09:12,verlieren.ppt,Griechenland,Schwäbisch Gmünd,-29.9109455,DE,db-85.heidrich.net,83:74:1d:b1:a2:22,709757
2015-03-02T07:24:51,"53,17 €",Kaul Spieß GmbH,America/Asuncion,ur,2019-12-02,1984-10-26 20:10:52,lassen.pdf,Suriname,Celle,-58.314637,DE,laptop-61.barth.com,e8:7d:18:c6:db:76,28
2015-11-12T12:32:27,"258,79 €",Gutknecht Bärer GmbH,Africa/Libreville,se,2021-08-05,2019-05-09 16:15:49,las.bmp,St. Vincent und die Grenadinen,Ochsenfurt,-43.8335315,DE,desktop-05.muelichen.com,49:ea:9e:31:7f:73,5315
1992-05-30T23:35:09,"6.386,14 €",Holsten Jacobi Jäckel GbR,America/Havana,et,1977-11-03,2017-10-02 17:57:23,tot.xls,Honduras,Backnang,17.128821,DE,web-58.matthaei.de,7a:3a:d0:a0:54:43,51557111
1973-05-13T03:45:33,"446,12 €",Zobel GmbH & Co. KGaA,Africa/Tripoli,fy,1992-10-18,2018-01-08 13:10:24,essen.csv,Nördliche Marianen,Kitzingen,37.864445,DE,email-24.weinhold.com,d4:4e:41:ca:37:71,313
2021-08-20T15:28:15,"1,35 €",Birnbaum Seip e.G.,America/Nassau,or,1972-03-26,2016-04-16 23:03:21,ist.tiff,Vereinigte Staaten,Oranienburg,-35.1757925,DE,email-75.losekann.net,cd:6f:ae:46:d6:de,984
2004-03-15T13:14:17,"150,51 €",Barth Schmidt GmbH,Pacific/Kwajalein,unm,2001-10-21,2009-03-12 12:03:22,bei.js,Anguilla,Stollberg,-80.5428025,DE,laptop-00.bauer.de,47:04:87:94:0f:01,80131357
2018-05-03T15:08:19,"432,43 €",Jockel AG,Asia/Nicosia,ks,1970-09-02,1998-12-31 02:12:26,Sommer.tiff,Turkmenistan,Hofgeismar,43.9665475,DE,laptop-15.pruschke.com,fe:68:99:6a:c3:64,73181166
1974-12-08T05:38:34,"7,91 €",Wagner GmbH & Co. KGaA,Africa/Ceuta,lv,2006-09-21,2010-09-10 14:17:57,Leben.bmp,Ghana,Auerbach,75.4804225,DE,web-48.mohaupt.net,77:74:d5:e6:9b:14,3290
1973-12-27T18:41:44,"2,59 €",Ebert,America/Santo_Domingo,hr,1984-09-09,2019-10-24 01:05:36,zum.mp3,Belgien,Moers,-19.9785865,DE,laptop-91.tintzmann.de,0c:00:b9:e3:f1:cf,59401028
1970-08-18T16:28:20,"859,45 €",Lübs AG & Co. KG,Indian/Antananarivo,fo,1987-05-23,1986-11-08 21:13:41,grün.png,Dschibuti,Meißen,-3.7938205,DE,web-60.geissler.de,d2:2a:77:cf:cd:3b,3164
1970-02-04T08:13:58,"69.061,72 €",Pruschke,Asia/Dhaka,doi,2014-12-09,1995-02-25 10:20:55,kam.tiff,Tuvalu,Geldern,6.7959525,DE,web-18.bolzmann.de,03:b9:7e:74:ea:a6,8
2013-08-14T11:09:20,"31.455,94 €",Geißler GmbH & Co. KGaA,Africa/Bangui,nds,2009-08-09,1980-10-16 19:08:54,glauben.avi,Senegal,Euskirchen,-41.215574,DE,db-93.henck.de,1a:be:bc:41:53:e9,8
1976-03-14T19:05:18,"50.128,98 €",Trub Stiffel KGaA,Indian/Mahe,el,2016-08-23,1980-02-05 09:40:18,den.mp4,Ruanda,Schongau,-23.2260975,DE,email-92.weiss.org,4f:09:5c:c4:9a:7f,15230
1994-08-11T12:47:16,"3,56 €",Hellwig,Asia/Nicosia,os,2004-05-23,1979-11-12 21:27:33,durch.webm,Seychellen,Prenzlau,-68.2868985,DE,lt-77.metz.com,5e:01:32:86:61:36,465443
1975-11-23T16:18:22,"7,05 €",Trubin Kühnert GmbH,America/Dominica,ug,1990-12-21,1991-01-07 15:46:44,Bild.xlsx,Taiwan,Gräfenhainichen,-83.606432,DE,srv-17.warmer.de,d8:54:08:44:ce:f6,7655903
1996-03-31T06:19:10,"7.796,96 €",Gierschner Stiftung & Co. KG,Asia/Vientiane,et,2004-11-19,2007-11-27 18:59:58,vielleicht.odt,Montserrat,Stade,47.6544645,DE,email-50.walter.net,18:88:6b:df:03:d5,114656
1988-06-23T06:03:57,"850,37 €",Thies,Africa/Ouagadougou,sc,2021-11-13,1978-06-20 09:48:32,drei.avi,Andorra,Leipziger Land,37.796324,DE,email-25.franke.org,39:11:ce:5a:98:3d,3
2008-11-26T06:29:02,"567,75 €",Becker Scholz KG,Europe/Paris,gv,1986-01-03,2010-04-05 12:41:16,haben.csv,Grenada,Donaueschingen,36.4375595,DE,desktop-12.finke.com,f4:aa:eb:5d:30:3c,597557
1974-08-11T11:17:13,"3,66 €",Niemeier AG,Asia/Jayapura,cy,1986-07-18,2013-06-26 20:33:58,Ende.avi,Lettland,Senftenberg,51.594601,DE,srv-92.bender.de,6c:13:b9:0f:4b:e6,16
1979-11-01T19:45:57,"77.106,34 €",Bohlander GmbH & Co. OHG,Africa/Libreville,the,2008-02-26,2011-01-28 19:11:46,hören.png,Schweden,Calw,-55.909496,DE,lt-71.steckel.de,b1:ba:2e:26:2c:d5,34
1981-07-08T04:10:21,"69.497,87 €",Hermann,Pacific/Efate,sq,1974-07-15,2008-03-02 11:03:34,spielen.webm,Indonesien,Brandenburg,-55.732840,DE,desktop-07.mude.de,70:fa:43:b3:96:5e,6526945
2021-03-26T21:51:46,"21,88 €",Gieß Scheel GmbH & Co. KGaA,Europe/Vienna,nb,2019-04-20,2001-12-23 20:52:05,merken.wav,Wallis und Futuna,Germersheim,64.3095075,DE,email-45.schmiedt.com,93:fd:4a:9e:88:55,963
1995-09-09T20:42:20,"51,44 €",Häring Wernecke Stiftung & Co. KG,Europe/Sofia,ky,1978-06-23,1978-11-29 12:45:25,voll.flac,St. Kitts und Nevis,Badoberan,-28.190945,DE,lt-40.mohaupt.de,07:41:a9:9b:55:4e,85936000
1984-11-22T22:01:11,"8,03 €",Davids Drub GmbH & Co. KGaA,Europe/Stockholm,mt,2003-01-18,2005-02-07 17:15:15,sie.bmp,Kanada,Hammelburg,34.6535705,DE,desktop-48.krause.de,62:ea:b0:25:0d:8a,8437
2019-04-26T07:56:58,"696,15 €",Möchlichen Trüb Stiftung & Co. KG,Africa/Niamey,wae,1975-12-18,1985-08-03 21:35:28,Essen.csv,Iran,Kusel,22.333966,DE,web-04.mude.net,f5:ff:28:dd:9c:ba,943944467
1987-08-03T12:11:29,"7,40 €",Lorch Scholz GmbH,Asia/Beirut,brx,2006-06-26,1997-05-24 08:58:33,Papa.mp4,Äquatorialguinea,Mallersdorf,54.8029025,DE,desktop-35.dietz.de,9c:df:86:c1:32:22,2
2005-12-23T01:20:35,"53,79 €",Jähn Ackermann GmbH & Co. KGaA,America/Paramaribo,ug,1978-10-03,1981-12-27 07:28:15,sind.mp3,Philippinen,Viersen,85.1367045,DE,desktop-07.weihmann.de,01:69:0c:59:f6:88,1
1983-04-17T07:33:39,"2.827,87 €",Schweitzer Gunpf GmbH & Co. KGaA,Asia/Nicosia,kl,1975-12-30,1985-05-14 18:45:57,Geburtstag.wav,Irak,Starnberg,50.170659,DE,desktop-87.hellwig.de,27:ca:f8:74:df:c0,7
1977-11-18T01:17:07,"86,01 €",Ullmann,America/Shiprock,ayc,1974-05-03,2016-02-08 09:49:05,heute.xlsx,Bouvetinsel,Lüneburg,1.0394475,DE,lt-88.wiek.com,5a:71:46:34:b8:f5,52283589
2011-12-21T13:08:13,"5,59 €",Karz Ruppert AG,Europe/Riga,sw,1976-05-20,1976-04-27 06:13:27,heiß.csv,Burundi,Soltau,31.0130685,DE,desktop-34.poelitz.de,2e:26:da:b9:a6:cc,37
1992-03-21T03:32:15,"166,22 €",Karge Stiftung & Co. KGaA,Pacific/Port_Moresby,rw,2008-09-11,1973-02-10 20:45:46,lustig.csv,Laos,Gera,66.253925,DE,web-53.roehricht.de,3e:bb:a0:b4:fe:be,8
2004-08-10T13:18:43,"2,19 €",Ditschlerin,Africa/Gaborone,tt,2021-07-10,2020-12-11 23:53:12,Arbeit.mov,Österreich,Säckingen,-71.859883,DE,desktop-96.hering.de,1e:ab:96:e9:4c:54,121492
2003-03-21T01:32:49,"756,06 €",Hornich Scheuermann GmbH & Co. KG,Pacific/Easter,nn,1971-11-30,1980-09-30 20:42:38,Baum.gif,Sri Lanka,Potsdam,-40.4386655,DE,web-12.klingelhoefer.de,38:48:07:1d:65:02,4574
1984-10-08T01:38:39,"1,88 €",Schleich Mangold GmbH & Co. OHG,Africa/Bissau,yi,2017-02-12,1978-03-18 07:01:30,kein.wav,Heard- und McDonald-Inseln,Brandenburg,-33.231403,DE,web-62.taesche.com,bd:86:f0:2f:2e:43,0
1995-03-06T16:01:45,"622,19 €",Thies,Europe/San_Marino,wae,2011-07-04,2002-07-22 09:47:04,Zeitung.bmp,Jordanien,Angermünde,82.294883,DE,laptop-86.kusch.com,d4:42:61:83:80:60,679509
2001-06-19T07:57:37,"4.570,94 €",Oestrovsky,Europe/Warsaw,mt,2020-03-27,2004-09-06 02:36:51,Platz.numbers,Niger,Scheinfeld,-50.1968185,DE,desktop-89.drub.de,61:a0:57:36:4b:76,3
1978-07-13T04:13:41,"901,76 €",Täsche Schmiedecke Stiftung & Co. KG,Asia/Kuwait,si,2001-06-02,2002-06-27 21:45:10,müde.html,Vanuatu,Geithain,58.1888215,DE,web-27.mohaupt.com,54:dc:c2:df:79:8b,4586517
2004-02-02T02:49:34,"78,23 €",Roskoth,America/Argentina/Buenos_Aires,am,2017-02-03,2022-08-20 23:44:11,doch.key,Marokko,Luckau,-30.4561985,DE,email-30.jacobi.net,f7:15:46:53:1b:11,1363
1988-05-09T05:06:23,"66,14 €",Jockel,Asia/Kabul,sc,2016-01-23,2009-03-20 02:18:24,Klasse.mov,Rumänien,Schrobenhausen,23.5181735,DE,web-87.soeding.com,28:f0:7f:ca:c6:f3,53482
1998-12-21T11:00:06,"6,71 €",Seifert Jüttner GbR,Africa/Nouakchott,wae,1997-02-28,1981-03-26 13:15:21,heißen.jpeg,Serbien,Roth,-54.856560,DE,db-87.sontag.de,85:44:8f:9c:52:24,4761
2009-10-27T21:55:08,"582,10 €",Dippel,Atlantic/Reykjavik,gv,1983-02-24,1982-04-20 10:16:26,fest.mp4,Nigeria,Lüneburg,9.483236,DE,laptop-22.ullmann.com,a1:9a:7d:7a:84:87,34407449
2009-02-13T13:51:18,"7,86 €",Schacht Dörr AG,Europe/Rome,sk,2013-03-27,1973-10-26 10:31:44,müde.xls,Kolumbien,Marienberg,23.894316,DE,laptop-61.sager.de,51:43:17:2b:be:f1,57902
2013-05-10T10:54:27,"495,88 €",Finke e.V.,Europe/Helsinki,wae,1977-04-03,1987-03-22 06:23:45,damit.pages,Guinea-Bissau,Marienberg,-16.071627,DE,email-37.stumpf.net,c9:2e:19:18:8c:db,8
1994-05-13T20:04:51,"2.344,27 €",Wagner Finke OHG mbH,Asia/Thimphu,sw,1990-02-27,1984-12-30 21:37:17,reiten.wav,Tansania,Saulgau,78.501731,DE,lt-32.bohnbach.net,e9:9b:99:98:53:b1,41793
2005-11-16T12:43:15,"18,99 €",Graf,America/Guyana,quz,1992-11-02,2018-06-27 19:28:56,unser.html,Neuseeland,Mellrichstadt,-27.7998005,DE,email-25.barkholz.com,0e:32:73:3c:6d:8e,2
1991-07-18T01:07:23,"52,65 €",Börner,America/Nassau,cy,2002-12-05,1983-08-29 11:34:40,zehn.wav,Puerto Rico,Vohenstrauß,67.785336,DE,desktop-64.hermighausen.de,6b:2c:0d:74:0e:0d,49058251
1988-06-13T04:30:36,"377,88 €",Klemm Beckmann KG,Europe/Riga,sq,1986-11-07,2013-05-07 22:47:41,gesund.jpg,China,Berchtesgaden,60.409350,DE,laptop-42.luebs.net,7d:7d:9a:8c:00:83,51
1992-07-06T21:56:42,"685,39 €",Jäntsch,Asia/Beirut,ayc,2005-11-10,1981-09-23 14:49:35,Blume.html,Indonesien,Eilenburg,-41.797895,DE,email-82.pohl.org,27:dc:2d:4b:e7:65,892618
1975-12-08T22:06:40,"2.862,06 €",Sauer GmbH,Europe/Amsterdam,ml,1996-12-18,2010-07-13 09:24:32,her.csv,Palästinensische Gebiete,Beilngries,-81.426707,DE,srv-12.faust.com,ed:e7:6a:f8:d7:a4,11305
1996-12-20T07:54:46,"121,89 €",Geisel,Pacific/Apia,sv,1998-11-07,1991-07-17 06:11:34,hier.pages,Äthiopien,Malchin,88.083149,DE,db-96.conradi.org,12:aa:72:ca:e8:cf,1
1990-06-12T02:50:57,"39,62 €",Rose KG,Europe/Tallinn,so,2016-12-01,2000-06-25 13:49:52,können.mp4,Turkmenistan,Dresden,3.2873035,DE,db-72.patberg.com,5f:86:20:ae:78:f8,942848
1990-12-20T19:01:50,"80,02 €",Fiebig,Asia/Choibalsan,ig,1993-04-11,1976-08-14 10:44:16,vorbei.flac,Marshallinseln,Uffenheim,36.6171635,DE,web-31.schmidtke.net,a6:98:bb:58:57:74,522016
1991-12-11T17:44:27,"16,97 €",Hendriks AG,Africa/Kampala,wo,1992-08-11,2007-03-21 05:17:39,wie.wav,Belize,Hohenstein-Ernstthal,-60.764338,DE,db-37.wiek.org,a7:48:f2:41:72:38,81071272
1991-02-14T21:09:27,"48.070,76 €",Berger Weinhold GbR,America/Nassau,shs,2001-12-31,1998-08-10 13:20:22,holen.gif,Jordanien,Günzburg,-46.143323,DE,db-32.rosenow.com,ce:9c:f7:52:cc:e8,702
1983-12-09T22:56:59,"6,99 €",Preiß,America/Santo_Domingo,ce,1970-10-10,1999-09-11 14:40:47,Stück.css,Seychellen,Gräfenhainichen,42.9215545,DE,email-21.oestrovsky.com,28:58:38:d9:28:29,2
2008-12-24T06:11:29,"8.510,51 €",Bonbach GmbH & Co. KGaA,Asia/Muscat,mhr,2006-12-22,1983-04-07 07:06:25,Schwester.flac,Libyen,Eberswalde,-63.6576435,DE,lt-01.seidel.de,fb:d6:4c:70:e7:62,9886440
1999-05-16T18:45:37,"17,18 €",Roskoth,Asia/Urumqi,km,1981-04-25,1998-07-23 19:49:05,oben.json,Swasiland,Wismar,43.0593535,DE,lt-48.kaester.com,7b:6f:c5:38:c0:76,656215
2019-08-12T00:22:58,"68,47 €",Klingelhöfer,Europe/Belgrade,om,1988-08-04,1974-06-06 03:04:01,drei.mp3,Cookinseln,Crailsheim,69.118323,DE,srv-09.schleich.com,8d:f3:ad:88:72:6e,411545
2006-09-17T15:30:23,"9.667,38 €",Pruschke Bolnbach KGaA,America/Santo_Domingo,lzh,2009-05-05,1995-05-07 04:42:15,Ferien.txt,Uruguay,Dresden,77.3102975,DE,db-07.adler.de,ed:46:af:c2:df:79,6632
1980-04-10T11:11:37,"328,59 €",Hornig,Africa/Algiers,lv,2014-11-27,1993-10-03 14:58:00,kann.json,Palau,Hansestadttralsund,-10.106319,DE,web-11.bohnbach.com,f2:9e:88:f9:a5:3f,28967
2014-09-06T13:52:27,"2,25 €",Heinrich GmbH & Co. KGaA,Europe/Istanbul,ro,1973-12-25,2021-11-26 06:52:32,hier.gif,Äquatorialguinea,Fürstenfeldbruck,37.7422565,DE,srv-14.scheibe.de,e9:fa:d2:51:46:01,12793
1990-01-13T03:47:40,"5.393,16 €",Zirme Hethur e.G.,Asia/Kuala_Lumpur,the,2014-10-23,1977-12-15 17:42:33,werden.avi,Kamerun,Strasburg,-80.2210475,DE,desktop-57.kambs.net,80:95:5f:27:bd:df,292882
2016-12-05T18:50:17,"5.214,43 €",Franke Vogt GmbH,America/Monterrey,os,1975-01-31,2015-12-29 16:07:13,nächste.flac,Mongolei,Chemnitz,-77.9745865,DE,desktop-98.schweitzer.com,bd:1c:a2:1b:dc:ef,4585890
1985-04-21T14:43:17,"470,47 €",Trommler Bolzmann KG,America/Guatemala,ne,1976-07-05,2017-12-23 19:10:29,freuen.bmp,Chile,Arnstadt,57.1114865,DE,web-59.gehringer.com,53:02:2e:6c:64:e9,29210690
1986-10-09T16:57:17,"75.262,81 €",Henck Käster GmbH & Co. KG,America/Grenada,quz,2005-07-10,1981-04-04 14:20:53,fest.mp4,Aruba,Aachen,-14.066270,DE,lt-47.luebs.net,c6:f7:ad:ec:63:35,2754135
1987-03-12T15:17:00,"1.454,35 €",Schacht,Africa/Kigali,yue,2018-06-05,2015-09-10 17:26:01,bleiben.mov,Venezuela,Erbisdorf,74.236405,DE,laptop-37.maelzer.net,f5:61:ef:9c:77:ca,420375
2004-09-13T02:02:04,"72.197,90 €",Holt,Asia/Dushanbe,hsb,2020-08-30,1973-07-14 11:17:42,Lehrer.bmp,Turks- und Caicosinseln,Garmisch-Partenkirchen,70.565467,DE,email-82.bolzmann.de,d7:6e:e3:5e:50:c3,515
1987-05-05T12:51:09,"6.419,85 €",Etzold,Europe/London,ps,2022-09-29,2017-10-06 17:24:35,immer.css,Malawi,Euskirchen,-63.4066485,DE,email-44.hartmann.com,9c:98:f6:c6:5e:dd,3650005
1978-05-21T14:43:23,"9,09 €",Hänel GmbH & Co. KGaA,Atlantic/Cape_Verde,ast,1995-06-18,2011-03-28 04:47:09,dürfen.wav,Lesotho,Bremen,-82.9867035,DE,lt-61.heinrich.com,ed:7a:33:df:f3:a3,569224289
