time,longitude,latitude,random_number,mac_address,pricetag,company,file_name,city,bank_country,language_name,date,hostname,country,date_time,timezone
05:11:53,61.504206,53.411754,64,3a:9d:af:2b:47:63,$32.48,"Smith, Johnson and Owen",vel.mp4,Williamstown,GB,Inuktitut,1992-01-10,lt-62.higgins.com,Puerto Rico,1974-01-27 18:37:42,Pacific/Palau
04:56:58,166.547012,-24.6321035,4078329,1e:ab:3c:41:20:3f,"$8,305.63","Hill, Lee and Dawson",excepturi.csv,Pearsonville,GB,Yiddish,1990-10-05,srv-29.smith.com,Brazil,2004-04-16 08:13:08,Africa/Harare
00:47:20,119.814586,-33.954916,95,e3:ee:c1:b1:38:43,"$78,822.95","Edwards, Fisher and Bradley",possimus.bmp,West Alexandra,GB,Pali,2007-11-23,laptop-94.smith.com,Sri Lanka,2003-07-14 08:33:10,Africa/Bujumbura
09:04:22,-41.032651,-29.794185,718,2e:91:4d:0a:a7:1f,$257.53,Harding Group,earum.mp4,West Eleanor,GB,South Ndebele,1992-03-28,web-79.kemp.com,Turkmenistan,1977-06-17 16:14:25,Asia/Kabul
20:50:56,179.878807,41.2104985,392,80:90:9c:93:37:36,"$2,241.20",Davies Inc,tempore.html,East Maxmouth,GB,Amharic,2013-06-23,desktop-72.curtis-norman.com,Burundi,1990-02-22 23:38:33,Asia/Muscat
23:15:47,130.691166,64.284289,986096,3f:f2:6b:67:07:89,"$89,258.43",Long-Mills,numquam.jpg,North Graham,GB,Sardinian,1996-01-02,web-27.taylor.com,Qatar,1972-01-07 16:51:19,Europe/Budapest
11:31:50,144.077796,-27.273093,6706586,c5:ef:b4:4f:cf:5c,"$48,519.65","Banks, Atkins and Carter",debitis.key,Alichester,GB,Tatar,1991-01-19,lt-97.smith.biz,Egypt,2023-04-27 21:22:55,Pacific/Tarawa
02:31:26,-61.097413,-54.0477455,9599494,d4:be:fa:e1:ca:77,"$7,819.08",Nash-Johnson,voluptas.jpg,Billymouth,GB,Divehi,1982-04-20,srv-95.king.co.uk,Malta,1988-03-24 07:28:43,Pacific/Palau
00:57:38,39.322291,-55.460525,561652825,27:46:09:ef:ed:b5,"$34,566.43",Patel Ltd,provident.numbers,Davisonmouth,GB,Burmese,1976-08-25,email-11.weston-shaw.com,Vietnam,1978-07-21 20:11:16,Indian/Mahe
09:31:18,-10.963537,-43.4665475,18,98:e6:06:10:f2:ad,$574.86,"Warner, Bishop and Willis",sit.mp3,West Janeland,GB,Tatar,1996-02-19,desktop-53.bailey.com,Kuwait,2010-02-23 18:37:43,Africa/Sao_Tome
05:22:38,54.698164,67.7022065,53398,0f:db:26:11:ba:ac,$6.99,"Walker, Rice and Turner",earum.ppt,Harryton,GB,Marathi,2020-01-26,email-75.nash.com,Sierra Leone,1974-03-28 03:02:42,Asia/Dushanbe
16:24:15,-33.557686,-33.865247,80,5d:1b:42:27:e4:a3,$60.34,"Clarke, Andrews and Woodward",distinctio.css,North Saraborough,GB,Greek,1984-09-05,db-56.chadwick.com,Niger,2016-01-04 22:39:54,Asia/Vientiane
07:12:41,109.618680,51.638670,32,3c:6a:22:0d:24:64,"$72,433.57",Dickinson-Roberts,voluptate.mp3,West Marion,GB,Sindhi,2011-08-11,email-81.ahmed-fraser.com,Gibraltar,1986-01-01 01:15:36,Africa/Gaborone
02:14:52,-78.995572,-76.3064465,935338,0b:4b:bd:4a:29:c4,"$4,092.22",Barker-Watson,quam.html,Liamberg,GB,Panjabi,2012-09-08,srv-70.thompson.com,Cayman Islands,2019-04-11 10:48:54,America/Port_of_Spain
10:43:04,128.158592,-20.7591465,86771,7c:2a:e2:66:8c:8f,$31.93,Begum-Harris,nisi.png,Douglasstad,GB,Uighur,2023-01-10,email-79.wood.biz,Uganda,2005-09-15 22:34:40,Europe/Luxembourg
02:05:26,-141.029851,-43.8016915,846120,cc:92:f8:7f:53:40,$43.70,King-Kirk,earum.jpg,McDonaldborough,GB,Gujarati,1979-01-25,laptop-61.hall-hewitt.com,Montserrat,2010-08-24 12:54:06,Australia/Currie
03:56:02,95.517085,33.3758805,87,5c:a3:1d:c0:fb:d8,$73.13,Green and Sons,a.odp,South Jeremymouth,GB,Swedish,2013-11-16,desktop-75.jones.org,Egypt,1993-03-27 18:06:42,Asia/Rangoon
09:13:19,-21.854612,-1.120573,9393,20:38:d3:f7:52:0d,$2.93,Gray Inc,saepe.jpeg,Victoriamouth,GB,Hindi,1970-09-15,db-07.day.com,Uganda,2008-02-10 11:35:34,Asia/Bangkok
19:50:17,44.703648,-81.622870,3,6d:8a:4f:35:b4:ee,$444.13,George-Wilson,excepturi.wav,Daviesfort,GB,Tajik,1993-05-10,lt-33.barker-bell.com,Panama,1972-07-21 20:17:33,Asia/Kuching
23:30:40,7.716690,-86.392721,287411821,8d:5a:27:ec:60:29,"$7,441.67","Mitchell, Jones and Wallace",ex.jpg,Jasonfort,GB,Azerbaijani,1991-10-21,laptop-96.morgan.com,Canada,2001-06-20 02:37:09,Africa/Blantyre
09:24:23,-25.387097,83.8038075,458229719,d8:9f:f4:ba:8f:21,"$83,883.43",Collins Group,minus.mp4,Justinmouth,GB,Latin,1988-10-02,email-08.graham-wallis.com,Eritrea,1970-04-08 09:02:08,Africa/Khartoum
17:10:12,62.159344,48.4765285,423640966,03:38:0f:91:7c:31,"$3,115.58",Turner-Williams,veritatis.ods,Pottsshire,GB,Komi,1982-02-15,srv-04.williams.net,Ghana,1972-05-30 18:28:04,Africa/Maputo
04:36:21,-55.875671,-89.859583,8305773,2e:a7:d5:67:44:a0,"$9,751.39",Roberts and Sons,consequuntur.jpg,Lake Victorborough,GB,Korean,1993-04-17,db-66.johnson.com,Mauritania,2008-07-27 21:32:08,America/Grenada
05:33:00,140.029099,-35.929253,201061,b4:74:f4:7e:a5:33,"$32,533.29",Andrews Inc,officia.gif,Grantport,GB,Japanese,1989-11-29,db-37.jones-turner.com,Tajikistan,2006-01-11 17:14:02,Asia/Baghdad
23:47:43,57.764589,-61.906760,8,56:52:c8:7a:e0:57,$1.21,"Grant, Miah and Robson",at.wav,West Leonfurt,GB,Turkmen,1977-04-09,lt-14.lewis-jackson.org,Lao People's Democratic Republic,2002-03-12 23:50:10,Asia/Katmandu
22:23:41,65.897576,-38.7325355,1822,6e:d6:cf:a2:d0:75,$14.94,"Pearce, Scott and Dean",laboriosam.gif,West Jay,GB,Basque,2001-08-18,email-31.briggs-chapman.com,Papua New Guinea,2002-03-27 11:30:09,Pacific/Nauru
15:42:58,156.520701,-56.2486765,263576,2b:c4:26:70:31:1b,$9.58,Thompson Group,quibusdam.wav,Frostville,GB,Norwegian,1997-11-16,email-43.graham-ford.net,Bulgaria,2020-05-11 08:41:42,Asia/Harbin
19:46:23,60.432327,54.999703,6454632,aa:4e:f9:9f:17:2b,$104.79,"Thompson, Baker and Gibson",iste.xls,West Abbietown,GB,Venda,1976-08-06,lt-63.jones.info,Russian Federation,2014-04-11 11:40:08,America/Barbados
17:26:41,145.628440,-39.278687,35445,ba:0c:5e:93:c8:d2,"$7,453.66","Hussain, Palmer and Gilbert",ullam.jpeg,East Alison,GB,Walloon,2021-06-23,laptop-93.stewart.com,Cambodia,1980-03-21 08:55:12,Africa/Kinshasa
03:43:12,-29.818020,-60.5778775,85,de:1e:66:f4:a0:99,$897.80,Clarke LLC,neque.jpeg,West Marcusside,GB,Bengali,1989-04-07,desktop-33.brown.info,Chad,1984-11-03 03:58:43,America/Argentina/Ushuaia
21:57:20,83.452792,49.9919765,9,87:84:df:f8:1a:eb,$69.14,"Macdonald, Morgan and Moore",error.pages,East Christinefurt,GB,Sindhi,1997-05-19,srv-60.hobbs-power.org,Sri Lanka,2001-05-02 11:18:35,Europe/Vatican
10:20:08,-43.491492,70.3859225,776,4a:6c:82:4b:c1:66,$72.22,Holden-Barnett,eligendi.webm,Naomistad,GB,Malagasy,2014-10-26,laptop-56.smith-gallagher.co.uk,Korea,1995-09-06 09:21:36,Europe/Vaduz
21:38:48,40.189243,61.8065785,732,55:41:1d:f4:ed:5c,$33.08,Davis Group,ipsam.mp3,Lake Maxview,GB,Avaric,2005-12-05,desktop-68.khan.com,Guyana,1973-06-11 22:10:32,Africa/Malabo
17:42:54,-171.548726,-80.9259955,872,9d:14:73:b5:55:d5,$7.86,Reynolds Group,aspernatur.pdf,New Cliffordfort,GB,Gujarati,1977-02-05,laptop-31.smith.net,Oman,1985-08-08 19:06:39,Europe/Zagreb
10:04:07,-70.444698,-80.970536,347246769,66:3c:6c:45:f5:4d,"$5,113.16",Hill PLC,quas.mp3,East Kennethhaven,GB,Armenian,2021-12-20,srv-80.bailey.biz,Trinidad and Tobago,1997-04-26 15:24:49,America/Porto_Velho
22:29:42,72.326977,-20.122588,75134053,ad:27:3c:8e:92:8d,$1.85,"Vincent, Jones and Holland",fuga.pages,Lake Valeriechester,GB,Romanian,1970-11-13,srv-55.butler.com,Brazil,1997-10-23 11:51:42,Europe/Prague
08:40:54,-159.353315,-63.8359675,97332,b4:41:eb:3e:55:1f,$926.38,Bond-Mason,quod.pages,South Darrenfort,GB,Swati,2017-10-18,db-60.andrews-owen.com,Burundi,2011-05-15 20:15:10,Asia/Vladivostok
17:20:08,137.835649,61.8943345,948,92:c0:be:e5:fa:d5,"$6,734.03",Graham Group,ex.flac,Coleside,GB,Kinyarwanda,1977-01-06,email-83.baker-odonnell.com,Bulgaria,1990-10-07 09:41:16,Europe/Minsk
10:58:30,93.529363,4.3904865,47973060,38:71:5e:48:36:cb,"$68,921.51",Parker PLC,error.pptx,Lake Nicholaston,GB,Lingala,2003-07-10,db-59.lee.info,Norfolk Island,1986-11-18 04:04:05,Europe/Zagreb
15:06:07,-178.024190,-59.416630,542459,91:c6:8a:6c:51:d9,"$9,487.98","O'Connor, Khan and Thompson",voluptas.png,East Fionaborough,GB,Fulah,2013-01-12,srv-34.burton-holland.info,United Kingdom,2006-12-29 14:45:39,Pacific/Nauru
11:40:21,48.413213,13.3812255,127,21:78:d0:9c:31:08,"$8,020.55",Johnson-Graham,sequi.mov,Lukefort,GB,German,2002-06-13,laptop-73.bishop.info,Barbados,1981-11-11 23:47:12,America/Paramaribo
14:35:16,-82.243886,66.8017565,9361935,b7:00:fc:09:58:68,"$63,333.32","Patel, Allen and King",ipsa.png,West Hollie,GB,Kikuyu,1987-07-19,laptop-06.russell.com,Kazakhstan,2012-08-05 02:42:54,Indian/Mauritius
03:17:53,172.931835,-45.3284085,180,ba:4e:03:30:39:fe,$8.07,Owen Group,delectus.numbers,Carrside,GB,Mongolian,1973-05-13,db-36.adams-mellor.com,Nauru,2022-05-20 09:15:42,Asia/Baku
17:43:11,165.244630,-13.9907245,332,42:de:60:8d:58:2f,"$97,906.69",Walker and Sons,adipisci.mov,South Mauricemouth,GB,Nauru,2017-02-14,desktop-60.tyler.org,Kiribati,1977-01-03 22:30:41,Africa/Accra
16:45:14,-10.453189,-2.432867,78398,00:7c:a5:95:18:f3,$96.38,Johnson Ltd,cum.css,North Helenberg,GB,Panjabi,2014-02-01,db-38.pearce.com,Angola,1981-12-27 21:20:13,Africa/Algiers
18:25:44,47.446647,-57.185037,713,6f:da:01:6c:62:c7,$2.47,"O'Brien, Lewis and Matthews",temporibus.gif,Sheilaland,GB,Chechen,2023-03-09,web-82.robinson.com,Azerbaijan,1986-11-18 01:41:43,Africa/Blantyre
04:36:58,-126.596872,-70.238503,7281065,42:76:fa:b7:72:2b,"$91,764.03",Stokes-Jones,minima.tiff,New Barbarahaven,GB,Tagalog,1970-06-24,email-25.begum.info,Vietnam,1995-09-22 13:59:19,Europe/Berlin
17:10:29,-22.730348,-37.3455075,62,5f:a7:01:c2:91:33,$48.25,Tyler Group,nam.bmp,Paulborough,GB,Luba-Katanga,1974-03-10,web-67.burton.com,Indonesia,2022-04-16 15:33:27,Pacific/Kosrae
21:52:01,157.514519,72.272919,83245296,c0:2a:99:07:48:05,$16.36,Mitchell-West,voluptate.jpeg,Marilynview,GB,Hiri Motu,1995-08-22,lt-40.wood.org,Dominican Republic,1973-11-10 16:36:30,Africa/Banjul
22:36:18,-89.616140,36.057413,285,ba:8e:b3:3f:14:c5,$1.71,Shepherd-Wright,illo.pages,Louisefurt,GB,Haitian,1970-09-23,db-03.matthews.com,Togo,1991-06-13 06:40:17,Asia/Kabul
18:40:41,11.976611,79.113797,3,2d:3f:c2:ef:09:cf,"$9,281.13","Jenkins, Clark and Murphy",voluptatum.png,Woodshire,GB,Tonga,1994-10-24,email-19.singh.org,Turkey,2022-10-23 23:20:12,Africa/Freetown
20:43:41,-9.628246,43.607609,25811868,3f:78:80:09:af:e0,$43.37,"Nicholls, Harrison and Warner",sint.odp,Cliveton,GB,German,1985-01-01,web-33.gibson.co.uk,Mauritius,1983-09-08 12:11:51,Asia/Seoul
03:46:50,-118.238129,-30.010400,3,6e:60:d7:e5:89:8d,$1.76,"Atkinson, Collier and Smith",ipsum.flac,North Charlene,GB,Bislama,1984-11-11,laptop-70.white.com,Cape Verde,1973-06-23 07:33:37,Africa/Brazzaville
23:28:36,89.213367,48.157581,87485,a8:06:1f:c1:a3:e8,$822.07,"Lewis, Parker and Austin",totam.js,Lake Geraldinechester,GB,Irish,1990-05-05,laptop-89.pollard.com,Ghana,2000-09-21 11:41:23,Europe/Budapest
16:54:31,110.701665,-63.2287925,264284796,16:3a:bc:25:2a:5a,"$6,752.63",Barker-Taylor,laudantium.json,Lake Helen,GB,Western Frisian,1973-09-09,srv-43.taylor-collins.com,Bolivia,2017-05-05 15:48:50,Asia/Ashgabat
17:18:56,91.514559,10.556341,496395,b5:33:35:f6:24:55,"$85,192.93",Pearson Group,fuga.css,East Eleanor,GB,Romanian,1979-03-22,email-77.wright.co.uk,Brazil,1972-11-29 10:28:19,Africa/Luanda
17:51:58,-67.173418,70.4032805,4093,ed:65:43:e1:5a:e2,"$53,680.44",Perkins-Atkinson,nisi.csv,West Sylviaview,GB,Turkish,2023-04-23,email-44.daniels.com,Antigua and Barbuda,1973-06-19 00:52:02,Indian/Antananarivo
04:34:55,-33.912611,57.545236,997549,fe:62:05:67:1f:47,"$55,286.57",Matthews-Berry,fuga.js,South Lorraine,GB,Lithuanian,2014-09-25,lt-19.holden.net,Ghana,1975-12-27 21:14:47,America/Havana
06:06:14,121.382124,-64.4298035,61,e5:7a:35:56:30:8f,"$8,282.63",Parkes and Sons,perferendis.txt,Williamsburgh,GB,Arabic,2018-02-25,db-15.law-davies.com,Senegal,1985-04-11 03:07:19,Asia/Calcutta
03:14:13,-37.086589,-51.466402,95643,32:c6:86:b4:40:69,$47.77,Lee-Jones,expedita.pptx,Dylanland,GB,Kannada,1973-10-16,db-74.morgan.info,Portugal,2016-03-19 07:46:40,Europe/Berlin
20:07:32,7.608091,-62.659260,3546,05:8d:3f:30:eb:d5,"$2,340.80","Jackson, Chambers and Austin",alias.mp3,New Christine,GB,Lithuanian,1994-03-27,db-79.smith-rose.com,Lesotho,1989-07-05 07:08:24,Asia/Tehran
05:20:21,130.972608,56.096530,809,20:55:9c:0b:6f:22,$382.85,"Robinson, Begum and Page",voluptates.png,Lake Dawnfurt,GB,Maori,1988-02-23,email-64.brennan-simmons.com,Albania,2004-09-06 07:10:37,Asia/Tehran
17:12:43,-1.296331,50.7541075,61450866,73:b0:f5:ae:3f:13,$4.73,Warner LLC,natus.tiff,West Jeremy,GB,Kanuri,2019-10-07,lt-25.smith-knight.biz,Tuvalu,2009-02-03 00:03:21,Europe/Madrid
03:54:02,-116.667342,41.4923845,8532,60:e5:97:9d:64:5b,$22.01,Hope Ltd,quae.mp3,Stanleymouth,GB,Latvian,1977-04-30,laptop-70.cole.com,Costa Rica,1984-03-02 03:29:03,Asia/Vientiane
20:34:32,-20.432772,2.200482,75279475,90:eb:52:71:e5:f5,$48.55,Cooper-Simpson,veritatis.css,East Billytown,GB,Telugu,1997-02-13,db-80.brown.info,Latvia,1977-06-19 22:39:10,Pacific/Tongatapu
09:55:27,-22.590667,33.629804,770005,ec:1b:25:6d:10:a4,"$4,262.74","Clayton, Thomas and Heath",assumenda.mp4,Bethanyland,GB,Galician,2004-01-18,db-31.williams.com,Greenland,1991-03-08 23:28:47,Europe/Monaco
03:27:59,41.463329,-80.2548235,973,2a:4f:af:a9:d0:e3,$5.62,"Thomas, Brown and Wright",impedit.xls,East Sharonfort,GB,Samoan,1976-02-16,db-68.fry.co.uk,Niger,1988-03-06 05:13:16,Africa/Nairobi
21:22:09,-158.838236,22.352957,77391619,c4:ed:20:51:86:e1,$187.24,"Hughes, Reid and Stephenson",expedita.mp4,Victoriaside,GB,Korean,1999-08-03,email-94.kent.org,Greece,1981-07-27 16:39:01,Asia/Taipei
09:22:18,-177.969672,29.157865,4754,a9:2a:f0:1e:d3:40,$5.45,Warren LLC,ab.js,South Gerald,GB,Azerbaijani,1971-02-10,desktop-00.moss.com,El Salvador,1990-04-28 02:49:26,Africa/Kigali
17:35:02,-116.268664,73.875145,1,fc:5d:ff:de:10:30,$7.56,Brown-Hudson,ipsam.wav,East Amyton,GB,Hausa,1989-12-19,laptop-15.patel.biz,Saint Pierre and Miquelon,2000-08-28 08:10:44,Europe/Prague
13:34:08,-156.502962,-68.1450705,40573987,83:c3:ff:7c:b2:72,$4.61,Walker and Sons,et.odp,North Denisetown,GB,Kikuyu,2004-04-05,lt-70.brown-edwards.co.uk,Togo,1985-09-10 15:38:52,Asia/Seoul
01:34:05,-53.064353,10.0760295,4232680,bc:fe:a7:c3:bc:08,"$7,948.00","Francis, Cameron and Wood",adipisci.flac,Mossburgh,GB,Western Frisian,1979-02-13,srv-28.green.net,Macao,1987-12-31 14:32:16,Africa/Tunis
22:54:20,-70.123890,47.3868205,8,a5:17:22:50:7d:3f,$7.67,"Morris, Pollard and Bibi",fugiat.gif,Thomasstad,GB,Irish,2014-09-05,desktop-05.atkins.com,Luxembourg,2015-01-03 12:24:27,Asia/Riyadh
17:51:32,7.658562,60.912466,6,fe:0e:15:f4:b9:e5,$366.62,Patel Inc,natus.odt,Powellburgh,GB,Lithuanian,1974-10-28,srv-34.hart.org,Burkina Faso,1998-05-11 03:58:07,America/St_Lucia
11:13:44,51.082126,63.256744,0,0f:44:93:d9:b5:3f,$222.33,"Blake, Lyons and Bradley",voluptate.webm,West Gracebury,GB,Basque,1989-08-18,srv-14.hurst.com,Kyrgyz Republic,2005-08-22 09:49:29,Asia/Baku
14:02:09,13.669432,78.4578795,369347,ef:5b:ae:8d:02:1e,"$7,527.73",Jackson Inc,deserunt.pdf,Morganfurt,GB,Sardinian,1994-02-02,db-41.wright.biz,United States Virgin Islands,1983-07-11 10:53:47,Europe/London
11:00:55,-59.615819,74.889520,31,3b:1c:85:39:bd:78,"$95,177.39",Simpson and Sons,at.mov,Lake Leon,GB,Chuvash,1971-04-04,email-67.thompson.com,Belize,1992-07-02 21:01:31,America/North_Dakota/New_Salem
11:57:45,122.757752,9.9715625,41323,b1:49:df:71:34:2a,$8.79,Taylor LLC,placeat.numbers,Bradleyville,GB,Uzbek,1984-10-25,db-48.walker.com,Bahrain,1999-04-02 04:54:03,Indian/Mauritius
14:54:57,-102.593746,-35.8969285,73,49:2e:22:68:7d:c0,$23.24,"Carter, Rose and Atkins",dolorem.png,North Elliotland,GB,Avestan,2020-06-17,web-62.wilson.info,Ecuador,1984-08-22 18:36:53,Africa/Nouakchott
04:59:15,143.282981,24.0667965,54773,61:81:4d:99:39:8b,"$2,373.91",Glover-Jackson,nihil.mp4,New Zoeton,GB,Pali,2004-03-04,email-74.patterson.com,Gambia,2003-11-19 22:12:09,Africa/Sao_Tome
01:51:25,122.742437,87.489534,110185,de:83:79:f9:8a:80,$8.81,"Law, Roberts and Reid",veniam.mp3,Wilsontown,GB,Malayalam,1983-07-07,srv-61.bell.com,Anguilla,2008-06-15 13:17:14,Africa/Bissau
10:45:57,-18.760325,-53.0660285,99336482,54:4b:fe:02:18:2c,"$7,526.29","Smith, Howard and Lamb",architecto.odp,Johnsonmouth,GB,Chechen,2012-04-03,laptop-18.ross-martin.com,Georgia,1979-01-12 08:21:00,Pacific/Majuro
19:06:23,121.283456,77.4042595,6442,be:f6:b8:05:17:a9,$34.19,"Hussain, Sanderson and Read",dignissimos.wav,North Christophershire,GB,North Ndebele,2009-01-09,web-31.rahman.org,Bouvet Island (Bouvetoya),2022-04-14 23:45:07,Atlantic/Cape_Verde
01:20:03,161.322606,43.350320,287775,6e:94:55:5f:8b:56,$747.13,Watts-Murray,quisquam.avi,Peacockshire,GB,Yoruba,1976-04-01,laptop-89.armstrong.com,Lesotho,2014-10-18 08:56:32,Africa/Johannesburg
19:27:53,81.819001,13.219674,4,ea:f3:7e:b0:71:54,"$2,229.13",Nash PLC,ipsa.gif,Schofieldville,GB,Slovak,2002-03-24,web-46.hall.com,Thailand,1997-10-13 18:12:13,Africa/Abidjan
06:00:55,-42.622066,-51.1193215,479352,e5:05:d3:d8:40:93,$1.14,"Matthews, Davies and Hall",incidunt.mov,South Raymond,GB,Javanese,1989-03-07,srv-13.baxter.com,Western Sahara,2019-12-04 21:43:01,Indian/Antananarivo
20:24:35,155.420614,46.9901815,78342,ba:77:21:01:dc:24,"$7,923.74","Atkins, Wood and Porter",beatae.mov,Charlottemouth,GB,Greek,1999-01-24,email-80.jones.com,Romania,2012-11-11 21:56:07,America/Belize
19:14:46,119.420328,25.8557595,1730,77:21:bd:e3:64:fc,$81.77,Lee PLC,assumenda.wav,Bondstad,GB,Ojibwa,1994-08-31,srv-04.wallace.com,Western Sahara,1974-04-07 15:05:15,America/Tijuana
23:56:21,-161.859101,-58.6981295,49475983,9c:a8:c9:00:10:9b,$933.67,Owen Ltd,veniam.html,North Vincentborough,GB,Church Slavic,1975-04-18,laptop-25.doyle-bond.org,Dominica,1998-09-05 04:48:58,America/Jamaica
00:26:21,-34.927271,31.568961,4155,5f:ec:1a:4e:14:51,$563.42,Austin Inc,iusto.html,McCarthyberg,GB,Tajik,2017-12-27,lt-34.freeman.com,Australia,2022-04-03 09:03:02,Africa/Brazzaville
08:37:51,99.234378,61.838683,877,95:13:55:44:ac:01,$6.00,"Cooper, Hughes and Smith",occaecati.odp,Jayview,GB,Norwegian Nynorsk,2010-11-16,srv-54.brooks.net,Kyrgyz Republic,1990-04-24 16:45:11,Europe/Vilnius
03:06:42,-140.159747,-53.2231335,1,bb:86:93:09:84:b0,"$79,699.98","Townsend, Garner and Lees",reprehenderit.pptx,Mandymouth,GB,Armenian,2013-01-28,desktop-25.cole-martin.com,Russian Federation,1972-08-15 08:16:07,Europe/Bucharest
23:21:28,-169.558527,-66.0044745,10482,d7:ec:f9:8b:8d:59,$7.44,"Robertson, Thornton and Shaw",neque.avi,Carrchester,GB,Guarani,2022-09-15,srv-77.palmer.biz,Japan,2006-07-18 09:41:11,America/Nassau
11:45:17,101.291269,89.4893655,3059046,2d:5c:10:c4:e6:69,$16.23,"Burton, Davis and Wright",ea.wav,West Lesley,GB,Ido,1981-03-31,laptop-84.edwards-ali.co.uk,Chad,1983-07-20 15:00:07,Asia/Rangoon
22:07:17,87.215501,86.9282195,352859,28:15:a5:41:c6:ef,"$8,496.92",Scott-Harris,itaque.pages,Normanland,GB,Shona,1988-03-31,lt-75.griffin.com,Tunisia,2015-08-10 04:48:53,America/Santo_Domingo
05:44:50,-35.292725,-25.958217,133154077,3e:11:22:d2:d6:19,$939.12,"Davies, Williams and Freeman",distinctio.html,Cookbury,GB,Wolof,2022-02-08,laptop-96.knight.com,Bosnia and Herzegovina,2016-11-01 12:36:11,Africa/Accra
17:02:58,-81.233910,27.358231,83047145,b2:ec:46:03:72:f1,"$13,798.18",Robinson Group,voluptatibus.js,Annetteton,GB,Kinyarwanda,1976-10-24,web-94.clarke.biz,Cyprus,1973-09-15 10:35:52,Indian/Antananarivo
08:48:14,-33.014598,57.161693,14565,3f:f5:9c:c8:1c:58,"$7,684.67",Young LLC,tenetur.csv,North Hazel,GB,Swedish,1992-04-11,srv-68.nicholson.com,Isle of Man,2007-03-22 07:29:32,America/Guatemala
22:50:40,116.788268,51.601491,7267,ad:bf:3e:20:dd:a2,$38.07,Lambert Ltd,a.pdf,Jamiefurt,GB,Western Frisian,1998-05-11,email-29.miah.com,Macao,2014-08-27 12:21:31,Africa/Addis_Ababa
16:47:40,-112.857864,-5.724584,294028970,4c:29:28:4f:20:57,$37.75,Hayes-Hutchinson,aliquid.bmp,Port Lynn,GB,Marshallese,1984-05-11,lt-40.miller.info,Zambia,1989-03-10 06:35:50,Africa/Tripoli
18:46:35,119.727942,-54.3440315,5,ba:d5:82:bd:70:b6,$245.33,"Lees, Taylor and King",architecto.xlsx,Lake Yvonne,GB,Tatar,1978-05-20,lt-49.jones.co.uk,Palau,1981-06-23 18:36:44,Europe/Riga
20:14:57,-55.181616,-50.9244435,21909362,e5:f8:c9:cd:e9:af,$60.29,Hodgson-Payne,molestiae.mov,New Conorburgh,GB,Tagalog,1990-04-01,srv-44.hill.org,Jordan,2007-07-15 09:21:25,Europe/Kiev
08:44:18,111.929542,10.815361,98,13:d8:8f:46:a3:58,"$87,616.91",Burns-Smith,corrupti.flac,Cherylhaven,GB,Malayalam,1984-03-07,email-59.payne.com,Malta,2010-09-02 15:11:23,Asia/Bahrain
07:59:37,163.571522,-70.7170265,13566,bc:c3:1b:c9:9a:13,$85.65,"Poole, Pearson and Morris",sed.js,Dylanburgh,GB,Interlingua,1972-06-19,lt-55.wilkinson.co.uk,Austria,1993-09-16 11:42:41,America/St_Vincent
02:47:27,132.278636,-48.304926,528,cb:26:41:eb:31:3b,"$57,920.29",Thomas LLC,incidunt.json,East Gemma,GB,Ndonga,2013-02-17,email-55.jones.com,Christmas Island,1992-12-09 11:36:01,Europe/Vaduz
19:39:39,-56.227557,22.8181045,8808,92:6a:19:25:57:9d,$8.65,Murray-Ford,quaerat.webm,South Natasha,GB,Turkmen,2000-03-18,laptop-58.davison.com,French Polynesia,1972-10-04 04:00:23,Africa/Tunis
04:38:27,177.450067,-33.008326,6471246,16:9f:16:b9:90:a6,"$30,476.76","Wallace, Cartwright and Anderson",ad.mp3,Port Shirleyfurt,GB,Hausa,1980-02-01,email-24.lewis.com,Uruguay,1989-10-06 14:11:13,America/Paramaribo
14:13:51,60.196545,-27.2771815,27,2d:83:77:6a:80:1f,"$17,814.93","Hudson, Patterson and Bryan",consequuntur.gif,Janiceport,GB,Avaric,2016-10-29,desktop-28.dobson.info,Saudi Arabia,1982-01-30 18:50:33,Europe/Oslo
05:47:27,98.616171,64.9731005,4550483,52:45:d4:af:87:51,$12.67,"McLean, Wall and Greenwood",excepturi.js,Fionaside,GB,Tahitian,2007-01-23,srv-33.moore.info,Myanmar,1985-08-15 18:37:44,Africa/Luanda
08:39:14,-93.916338,-27.524002,2728,ec:c8:43:a9:d0:04,"$79,668.57",Richardson Inc,pariatur.xlsx,Lake Ross,GB,Hausa,2022-11-02,laptop-02.doherty-sutton.com,Northern Mariana Islands,1998-02-24 16:51:29,America/Belize
20:33:30,86.507539,-30.6229255,975,21:0d:05:2c:75:49,$20.93,Robinson-Atkinson,debitis.flac,West Meganchester,GB,Navajo,2002-05-28,web-46.andrews.com,Turkey,1979-03-31 10:37:37,America/Barbados
11:54:21,-158.218246,0.9066605,0,17:6f:22:73:88:33,$193.08,King PLC,voluptates.wav,New Jack,GB,Sanskrit,1974-12-14,srv-18.murphy.com,Nicaragua,2023-05-03 17:14:51,Europe/Belgrade
07:41:25,-123.435868,75.760768,31390724,71:4c:36:00:19:c6,$46.03,"Patel, Bradley and Bailey",dicta.webm,Donnamouth,GB,Armenian,2017-07-10,srv-08.reeves.org,Morocco,1971-09-23 16:53:40,Europe/Paris
10:14:02,-161.640601,-84.673354,233873179,da:cb:53:aa:33:5f,$13.73,Alexander-Phillips,explicabo.json,New Abigailburgh,GB,Polish,2015-03-02,srv-98.rogers.com,French Guiana,1992-03-02 07:56:14,Asia/Gaza
23:43:03,-138.337730,-12.3118885,53,bb:c1:e4:02:88:68,$486.79,Khan-Gibbons,qui.mp4,North Craigstad,GB,Persian,1992-03-18,email-72.green-roberts.net,Mayotte,1976-03-17 20:28:25,Asia/Saigon
04:54:24,92.023838,-50.5626305,9450899,0e:27:42:c5:40:c3,$2.56,Martin-Evans,totam.png,North Glenn,GB,Macedonian,2010-12-19,web-90.watkins.com,Jersey,1990-02-07 02:13:55,Africa/Harare
13:58:39,-125.232087,-12.4575785,487,2e:81:2d:8f:47:99,"$74,163.24",Hart Inc,sed.css,Port Kim,GB,Macedonian,2011-02-26,desktop-61.howe.com,Spain,2010-11-24 14:41:02,Africa/Blantyre
06:02:51,102.566151,32.153949,19221,88:44:7d:37:0d:d7,"$6,153.66",Hicks LLC,asperiores.mp4,West Lynneshire,GB,Uzbek,1974-11-08,web-27.hill-lee.co.uk,Lao People's Democratic Republic,1984-09-08 06:44:30,Asia/Oral
05:23:09,96.158860,-22.125255,327487235,3a:1a:bc:d9:a7:03,$8.96,Martin LLC,quas.odp,Smithmouth,GB,Danish,1977-12-10,web-88.rogers-greenwood.com,Reunion,1980-02-14 08:36:44,Europe/Vienna
19:33:39,49.217123,57.0396115,29642194,57:f6:f0:ab:b7:52,$15.91,"Bradley, Bull and Bryan",voluptate.json,South Marion,GB,Xhosa,1983-03-31,srv-88.davey-gilbert.com,Holy See (Vatican City State),2018-02-14 17:32:33,Europe/Simferopol
04:47:56,129.783716,-44.510588,7236698,a2:21:96:6a:9a:2e,"$34,448.18",Ali-Phillips,eum.js,Collinsport,GB,Hausa,1977-09-08,laptop-30.moore-smith.biz,Denmark,2010-11-15 02:34:29,Pacific/Tarawa
21:48:44,-12.232543,58.0446365,19970045,29:23:f4:a8:4f:c0,$0.60,Parkin-Ford,ipsam.avi,Port Christianland,GB,Croatian,1973-08-03,lt-09.clark.com,Iceland,1975-09-06 05:05:31,Australia/Sydney
08:17:57,-59.619272,-38.965094,7828966,55:5e:ca:7f:14:1c,$600.02,"Morris, Carter and Quinn",commodi.docx,Pearcefort,GB,Tagalog,1994-08-18,desktop-97.fraser.com,United Arab Emirates,1989-01-17 09:09:00,Europe/Istanbul
03:16:34,-51.405199,-4.860761,368188,68:7d:7a:cf:10:f7,$91.83,Davies-Watts,magni.html,Lake Alice,GB,Sichuan Yi,2002-11-08,web-07.bell.co.uk,Nigeria,2020-04-25 11:09:55,Europe/Zurich
22:33:18,170.980398,17.7974105,306578792,f6:f6:0e:61:18:34,"$9,090.63",Harris Ltd,necessitatibus.avi,East Ashleigh,GB,Esperanto,1997-04-19,laptop-04.newton.info,Nicaragua,1981-04-08 09:58:00,Asia/Kuala_Lumpur
06:27:05,-132.788163,68.9140915,4902,43:ff:63:a6:e9:1e,$44.95,McLean-Harris,laborum.mp4,West Jadechester,GB,Portuguese,2017-08-23,lt-94.price.co.uk,Hong Kong,1993-12-13 15:22:49,Asia/Rangoon
12:15:22,-35.621792,49.5319125,7739,ed:27:8d:71:df:e0,$9.51,Collins Inc,similique.key,Barberfort,GB,Tibetan,2020-12-21,laptop-53.james.com,Algeria,1985-07-23 20:21:14,Africa/Conakry
22:48:57,108.346837,-72.007874,1096100,47:41:e1:2a:03:57,"$26,445.34","Morgan, Cox and Greenwood",aliquid.html,Holmesville,GB,Corsican,1984-08-20,email-31.boyle-richards.net,Belgium,2007-12-23 20:58:45,America/Mazatlan
13:42:48,-57.052342,-79.0490235,80244071,39:b8:5d:ab:ac:92,$81.57,"Rose, Hunter and Owen",eligendi.docx,West Fiona,GB,Russian,1990-11-10,desktop-05.noble-murray.com,Sweden,2018-09-10 17:50:58,Atlantic/Azores
07:38:12,83.406522,66.6326365,9,80:8b:09:c1:af:c2,$0.21,Morris Ltd,sapiente.mp3,Zoeport,GB,Akan,1983-11-16,srv-66.sharpe.com,Vietnam,2013-04-12 15:51:11,Africa/Lagos
09:16:39,-84.780150,11.102854,3588333,ea:64:0a:1d:11:6c,"$2,008.76","Parker, Whittaker and Johnson",dicta.wav,New Mandy,GB,Kurdish,1971-10-17,laptop-61.coles.org,China,1998-01-13 17:47:30,America/El_Salvador
04:16:25,-35.772326,-68.2470035,7,5e:36:8a:e6:39:bc,"$32,746.82",Wright-Adams,natus.webm,North Rita,GB,Tsonga,1998-05-08,lt-31.powell.info,Papua New Guinea,2021-08-14 15:01:24,Africa/Gaborone
21:31:26,48.225917,-57.438576,900591769,5d:2b:fd:2b:c0:a6,$1.17,Davey-Porter,accusantium.js,Jodieshire,GB,Church Slavic,2000-09-29,db-55.bibi.co.uk,Micronesia,2021-11-21 16:43:35,America/Lima
01:26:43,158.325283,9.025576,37755310,d5:95:08:bb:63:56,"$3,832.60","Taylor, Elliott and Woodward",sunt.mov,Taylorport,GB,Rundi,1981-12-05,desktop-99.buckley-smith.org,Tuvalu,1992-03-29 22:51:09,Africa/Ndjamena
19:09:33,-154.314615,17.208153,20892504,32:91:ca:94:e2:10,"$1,081.17",Brown-Booth,error.wav,Lake Arthurfurt,GB,Welsh,1983-07-28,web-19.parker-clements.com,Cayman Islands,2003-07-27 22:32:02,Asia/Tehran
01:40:41,-113.520409,63.1470425,6120010,5f:27:45:fb:d9:ef,$135.24,Brown-Phillips,architecto.avi,Jameston,GB,Tagalog,2017-07-09,srv-40.turner-nixon.co.uk,Gibraltar,1974-03-17 03:08:49,Africa/Porto-Novo
01:44:27,157.273767,48.334434,9977,c3:39:e8:b7:fe:2d,"$1,307.81",Howard-Perkins,natus.bmp,Karlstad,GB,Kirghiz,1998-12-04,laptop-25.evans.com,Dominican Republic,1990-11-19 01:46:46,Africa/Nairobi
14:02:27,27.340152,26.227769,30568741,18:cf:fa:97:e4:64,$125.44,"Barker, Stevens and Wood",necessitatibus.json,North Ericville,GB,Bihari languages,2012-03-26,laptop-48.harper-obrien.com,Faroe Islands,2013-09-07 22:19:44,Asia/Dili
16:45:09,-17.072920,55.183293,13362232,b6:c7:1a:f8:0d:31,$9.50,Ford-Barker,labore.gif,East Nicoleland,GB,Hiri Motu,2003-05-11,email-58.perry.info,Papua New Guinea,1989-04-11 17:59:42,Pacific/Ponape
05:43:48,134.872801,69.697576,21269,02:be:17:98:23:54,$52.94,White Inc,sit.wav,West Carolynfurt,GB,Armenian,1980-10-03,srv-45.austin.com,Uzbekistan,1971-01-20 21:22:28,Asia/Riyadh
22:05:05,74.829357,-80.349277,2877145,69:f7:1a:76:ed:5c,"$1,111.18",Sullivan-Mitchell,rem.css,Clarkside,GB,Afrikaans,1977-10-25,desktop-59.brown-king.org,Marshall Islands,1992-09-30 20:44:20,Europe/Bucharest
08:54:02,6.272575,22.9472855,3022,12:72:46:5b:ca:a3,"$1,833.90",Brooks Ltd,distinctio.docx,South Geoffreyfurt,GB,Welsh,2012-10-19,db-69.rowe.biz,Svalbard & Jan Mayen Islands,1990-08-13 05:13:23,Asia/Saigon
21:13:30,-12.483756,-37.371607,271359,77:75:cd:70:ec:33,$2.38,Booth PLC,illo.flac,Lake Sianview,GB,Chuvash,2015-08-08,srv-39.spencer-hall.biz,Nicaragua,2004-01-17 16:29:09,America/Santo_Domingo
20:04:47,44.986914,26.3457945,2184,13:c6:5d:d8:2d:28,"$1,017.49","Davies, Clarke and Ingram",sit.avi,Georgebury,GB,Manx,1983-05-24,laptop-20.moran-miller.net,French Southern Territories,1986-08-05 10:00:43,Pacific/Fiji
11:28:38,6.167689,54.7355825,69615,32:a9:86:1f:0d:0c,"$96,498.67","Knight, Marsh and Hudson",nam.ppt,New Roger,GB,Tigrinya,2003-03-25,web-98.walker.com,Botswana,1986-01-14 17:56:14,Asia/Kuching
02:23:29,-158.058263,59.4063565,26,6e:61:97:1b:ef:e7,"$6,054.82","Coleman, Hopkins and Thomas",aliquid.webm,Chanport,GB,Lao,2007-04-19,lt-34.davis-edwards.net,Comoros,1987-11-15 15:46:40,Africa/Freetown
22:44:36,-177.409543,11.380880,8,8e:8c:d2:c5:ce:ec,"$9,159.38",Jordan-Thompson,ipsa.avi,Liamside,GB,Gujarati,1991-01-13,desktop-13.clark-wood.com,Zambia,1993-04-18 05:47:35,Europe/Copenhagen
22:36:19,-171.398533,-56.2898795,45660,7f:41:5e:37:26:19,"$4,912.42",Smith Group,dolore.flac,New Jack,GB,Corsican,1982-03-15,lt-05.swift.info,Ukraine,1972-06-12 20:52:31,Atlantic/Cape_Verde
00:59:39,12.848071,17.005021,21404,a4:cb:b8:ca:f5:8b,"$9,056.70","Davies, Oliver and Webster",dolorem.jpg,Jackmouth,GB,Kikuyu,1977-05-14,srv-20.smith.com,Russian Federation,1979-05-31 14:57:56,Asia/Rangoon
18:44:06,138.944010,1.4442935,71,e6:22:e9:fe:af:ba,$648.37,Pritchard-Finch,vitae.json,Julianmouth,GB,Limburgan,1995-10-10,lt-19.brooks.info,Pakistan,2009-04-07 21:17:17,Europe/Athens
19:53:10,119.977289,-16.9452695,921680,16:6f:4b:b6:e8:01,$97.48,Andrews LLC,aut.png,Kayburgh,GB,Komi,2017-04-22,email-05.lyons.com,Guinea-Bissau,1997-06-22 21:28:22,America/Eirunepe
22:30:07,118.997361,56.0905015,38152,ce:b7:b9:5b:6c:0b,"$5,861.27",Richardson Ltd,neque.json,Kayside,GB,Faroese,2000-10-05,web-08.manning.com,Netherlands Antilles,2020-09-19 12:25:33,Europe/Dublin
01:21:43,-41.655202,89.8675135,138510,f4:19:b2:1f:84:55,"$50,152.84",Burke LLC,eius.mp3,Duncanville,GB,Panjabi,1973-07-06,web-13.singh.net,Western Sahara,2022-02-26 16:46:35,Africa/Bangui
09:26:10,-58.954319,10.4961535,933,14:31:a9:50:09:05,$95.38,"Reid, Thomas and Todd",doloremque.jpg,Jacobstad,GB,Sichuan Yi,1987-07-18,lt-44.chambers-carter.net,Lithuania,2001-04-18 20:34:44,Asia/Singapore
09:08:36,-1.903442,7.4719565,49485130,9a:30:fd:ce:00:d4,"$9,996.08","Bevan, Duncan and Rogers",similique.odt,Port Laurenport,GB,Yiddish,1977-08-22,desktop-22.robinson.com,Estonia,1975-12-10 15:37:19,America/Port_of_Spain
03:46:04,-10.179909,87.664016,682,8c:98:f8:fe:79:2b,"$66,830.04",Harris LLC,excepturi.numbers,Jackbury,GB,Breton,1978-11-02,lt-53.howe.com,Burkina Faso,1998-03-12 03:58:25,Pacific/Tongatapu
05:06:42,-97.115897,17.665499,0,fe:e1:44:23:76:ab,$6.21,"Nicholson, Evans and Green",magnam.css,Wayneland,GB,Hebrew,1996-11-20,db-39.waters.co.uk,Benin,1999-07-15 05:24:46,America/Argentina/Ushuaia
22:44:32,76.276212,63.325117,4,a6:41:bf:eb:6e:9d,$921.96,"Carpenter, Gray and Lewis",quas.odt,South Pamelaland,GB,Italian,2013-04-20,srv-28.brown.info,Moldova,1992-02-11 18:14:36,Asia/Kuching
06:55:33,-178.358153,-74.0385995,2000365,60:58:b0:6e:92:51,"$87,823.47","Walsh, Roberts and King",consectetur.flac,South Janetown,GB,Samoan,2023-04-26,lt-84.barker.com,Djibouti,1992-10-17 16:59:06,Africa/Windhoek
10:05:49,-157.843297,-18.638979,37,e2:d7:f2:99:ac:33,$208.15,Flynn LLC,saepe.wav,East Timothy,GB,Arabic,1991-04-03,lt-94.smith.co.uk,Nicaragua,2006-11-02 19:24:25,America/Santo_Domingo
15:57:09,-86.824756,-68.1162435,469344008,40:c2:3a:b4:59:3d,$559.27,Bailey-Johnston,at.jpg,New Christopher,GB,Cree,1979-04-13,email-28.mellor.net,India,1985-01-24 13:54:31,Africa/Addis_Ababa
10:09:35,-95.082656,23.7831475,2271,e5:48:05:5d:de:de,$290.33,Evans-Long,repellat.flac,Hutchinsontown,GB,Kalaallisut,2016-12-15,email-04.johnson.com,Nicaragua,2004-09-02 09:21:35,Asia/Beirut
20:09:50,-133.339511,45.4564245,51,ac:c5:47:2d:24:8b,$8.45,"Ward, Berry and Reynolds",quos.jpg,Timothyside,GB,Sindhi,1975-03-28,lt-42.ellis.co.uk,Palau,1976-05-03 19:02:26,America/Asuncion
22:35:31,-85.474927,83.4138985,14846150,b8:1f:65:83:75:7e,$456.36,Marshall-Bull,facere.mov,Nigelburgh,GB,Tajik,2009-08-21,desktop-37.thomas-lee.com,Palestinian Territory,1970-09-19 20:41:29,Europe/Ljubljana
02:41:11,114.242767,-39.7095375,9704,9d:67:99:c9:6e:cc,"$87,979.87",Ward PLC,quas.png,Phillipsview,GB,Polish,1990-03-17,laptop-54.webster.co.uk,Jamaica,1973-10-14 19:15:54,America/Havana
02:25:03,-149.967707,-26.5843185,342426366,3d:fe:3b:85:03:f6,$459.30,Saunders Inc,tempora.flac,South Lynn,GB,Manx,1989-03-29,lt-57.gough.com,Mali,1981-09-09 17:31:26,Africa/Gaborone
23:05:11,-106.151185,7.176288,4082,af:bb:ce:e2:5f:ac,"$8,849.14",Burke-Harris,ipsum.mp3,South Luke,GB,Uighur,2020-07-15,desktop-23.hobbs.com,Angola,1985-05-11 11:05:32,Europe/Bucharest
16:30:13,144.148429,37.445827,30737,82:64:ed:62:df:9f,"$74,188.79",Quinn-Hawkins,tenetur.bmp,Iainport,GB,Turkmen,1994-06-30,web-04.todd.com,Pitcairn Islands,1973-10-03 23:58:01,America/Asuncion
14:32:00,-22.065990,13.6933805,306,51:87:92:57:db:74,$8.95,Williams-Finch,provident.jpg,Lewisberg,GB,Spanish,2020-06-07,email-59.wilkins.org,Romania,1987-05-07 17:19:18,Europe/Budapest
22:54:50,136.306993,-65.735821,489,92:a2:18:a1:c1:a6,"$5,835.58",Patel-Shepherd,beatae.mp3,Rachaelfurt,GB,Guarani,2021-05-18,email-03.price.com,United States of America,2008-04-21 20:02:19,Pacific/Nauru
03:19:42,49.617297,4.5070195,34,c5:a9:ad:14:21:68,$2.91,Osborne-Jones,autem.avi,North Bradleyville,GB,Luba-Katanga,2000-07-12,web-58.carter-little.com,Bermuda,1994-08-01 09:38:55,Africa/Douala
22:28:11,-48.751412,14.504900,24991592,c8:ef:ae:24:ec:9b,$5.91,"Lewis, Stevens and Hewitt",ullam.mp3,East Benjamin,GB,German,2011-01-19,email-51.sharpe-ingram.info,Namibia,1991-05-05 04:49:25,America/Pangnirtung
00:14:53,-15.274094,22.868595,75853313,e1:75:fa:e9:a0:1c,$701.71,Harvey LLC,officia.mov,Geraldstad,GB,Occitan,1994-02-18,srv-10.knight.com,Colombia,1995-11-30 17:45:11,America/Costa_Rica
20:26:47,-90.421789,-9.0015605,5573,bb:ab:e6:d8:77:70,$712.15,Lewis Group,blanditiis.webm,Hoopershire,GB,Turkish,2018-05-04,db-44.taylor.info,Zimbabwe,1975-01-31 05:15:10,Asia/Taipei
18:55:10,174.016540,84.404916,428033701,c3:16:04:92:a9:20,$487.61,Lawrence-Griffiths,iure.mp3,East Lynne,GB,Wolof,2000-09-05,web-73.lynch.co.uk,North Macedonia,1998-11-01 12:57:54,Asia/Riyadh
17:03:01,-103.050149,40.320560,26,da:16:bd:f9:7c:1e,$3.40,Taylor Ltd,cupiditate.pptx,Suttonbury,GB,Estonian,1976-03-13,laptop-56.herbert.net,Mauritius,1970-04-18 16:13:45,Asia/Colombo
17:33:54,19.795615,-58.332130,15,08:12:bb:51:88:f8,$9.50,"Smith, Simpson and Stokes",hic.jpeg,Kaurborough,GB,Sinhala,1990-12-21,lt-91.davies.org,South Georgia and the South Sandwich Islands,2000-12-23 01:15:53,Europe/Dublin
17:54:06,109.741221,20.542200,341968,d8:d1:eb:fa:f5:36,"$11,521.37",Saunders-Miller,omnis.odp,South Rossmouth,GB,Ndonga,1999-07-29,laptop-52.phillips.com,Argentina,2003-03-19 07:18:50,Europe/Podgorica
00:23:58,107.585509,89.225630,34810,63:55:63:81:11:e2,"$61,297.22","Cox, Hussain and Burke",esse.mp3,Cameronborough,GB,Tajik,2009-08-10,lt-69.mahmood-jones.org,Taiwan,2012-05-22 17:33:15,Africa/Tunis
03:14:14,-145.738738,-16.517980,48108,1a:c1:83:96:58:f5,"$79,604.73","Moran, Jordan and Robinson",earum.flac,Harveyport,GB,Ndonga,1990-04-04,db-06.armstrong.com,Cape Verde,2002-09-23 05:37:38,Europe/Lisbon
03:40:05,12.971677,53.038803,93017,2f:06:45:b7:30:6e,"$1,483.12",Evans-Daniels,nihil.pdf,Smithmouth,GB,Sanskrit,2010-12-24,srv-29.bell-wright.info,Kazakhstan,1994-12-23 05:00:10,America/Dominica
10:03:28,20.256024,-86.1433725,5794567,e6:2e:c9:df:0b:c4,$9.56,Atkinson-Collins,magnam.csv,Elliottside,GB,Western Frisian,1999-09-28,lt-07.jones.org,Spain,2020-06-03 00:50:36,Europe/Amsterdam
01:02:09,-101.426530,40.409549,4404,5c:63:8b:cb:c2:da,$0.72,Taylor Group,temporibus.pages,Kemptown,GB,Malagasy,1978-10-23,srv-93.evans.com,Cuba,2005-03-16 15:10:50,Europe/Bucharest
01:45:23,-140.144281,-85.1387165,91633232,d7:49:c9:4e:67:99,"$1,424.97",Cole and Sons,culpa.wav,Baxterton,GB,Basque,2007-11-22,desktop-60.francis-walker.biz,Bahrain,1975-01-25 10:32:31,Europe/Chisinau
19:52:05,102.706593,23.7066765,7964,21:68:49:46:08:aa,$47.57,"Atkinson, James and Thompson",at.json,Toddburgh,GB,Indonesian,1986-08-25,web-23.ryan.net,Swaziland,1971-08-01 05:40:33,Asia/Rangoon
07:20:50,73.342246,36.044374,567686304,5b:35:5e:88:75:7d,$214.56,"Wright, Cameron and Hopkins",optio.flac,Taylorfort,GB,Slovenian,1981-07-13,laptop-13.hall.com,Bouvet Island (Bouvetoya),2007-03-27 02:49:59,America/Barbados
06:08:59,-159.276442,45.7811735,9,21:da:73:b3:2b:d6,$4.58,Brown-Davidson,ad.js,New Marktown,GB,Hebrew,2001-06-07,desktop-57.fisher.co.uk,Pitcairn Islands,1999-08-24 08:06:32,Europe/Warsaw
23:39:44,104.865383,-52.863944,6108096,92:01:3c:3c:5d:a1,$84.22,"Pearson, Reynolds and Simpson",consequuntur.wav,Wallville,GB,Assamese,1995-03-27,srv-58.lewis.com,Sudan,1981-08-23 01:09:58,Europe/Oslo
09:22:05,-151.396034,36.2282745,7716656,eb:65:a1:08:1b:65,"$8,796.27","Archer, Phillips and Bull",consectetur.gif,South Victor,GB,Haitian,2021-06-12,email-99.pickering.com,Jordan,2012-10-31 06:11:01,Asia/Rangoon
23:06:57,179.968408,77.7473745,6,ff:13:43:86:9c:95,"$58,749.02","Stevenson, Slater and Hughes",eveniet.jpg,Turnerstad,GB,Dutch,2005-01-25,email-33.cunningham.com,Bouvet Island (Bouvetoya),2023-05-02 22:33:48,America/Bogota
17:08:14,-85.343624,-36.674176,8,e4:52:64:ea:5e:0c,"$3,232.84","Watson, Booth and Metcalfe",delectus.html,New Henrymouth,GB,Swati,1984-01-06,web-37.dobson.com,Gambia,2020-11-20 11:08:55,Pacific/Chatham
11:04:32,172.525084,47.9442665,141796451,3a:79:45:84:45:8c,$868.78,Riley-Evans,id.css,Shannonfort,GB,Xhosa,1994-10-02,web-95.norton.info,Antigua and Barbuda,2015-10-11 22:03:50,Europe/Sarajevo
15:15:52,-169.611668,-75.0874535,24,01:8b:4b:a8:1e:12,$77.89,Smith Ltd,aliquid.png,Lake Ashleightown,GB,Norwegian,2006-12-04,email-20.walker.com,Gabon,1994-03-23 06:26:47,Europe/Andorra
03:16:33,-121.827202,44.9519255,2999177,75:0e:b8:91:ec:de,"$24,821.36",Bradley Inc,dolorem.pptx,North Jake,GB,Lingala,2015-05-05,db-56.wright.com,Brazil,1998-08-16 06:33:54,Africa/Gaborone
17:37:37,29.176543,23.4401035,27211,40:65:4e:e6:b5:f9,$84.24,Jackson-Marsh,cupiditate.flac,East Emma,GB,Catalan,2016-06-15,lt-51.connolly-khan.org,Moldova,2007-06-09 13:28:56,Africa/Bangui
10:22:01,-96.732328,-40.889753,395,cb:67:68:1d:43:1e,"$5,680.86",Allen Group,molestiae.css,Sarahmouth,GB,Telugu,2018-08-28,email-75.douglas.com,Lao People's Democratic Republic,2007-03-16 21:55:54,Europe/Helsinki
21:51:51,-102.117192,64.848219,229265,e8:3b:ca:22:f8:f3,"$23,957.04",Kelly-Harris,commodi.jpeg,West Raymond,GB,Walloon,2001-08-22,web-72.kaur.net,Spain,1982-04-02 09:33:04,Asia/Jerusalem
16:32:43,-90.782590,-29.753516,10964612,cc:7f:6b:4b:b0:66,$3.38,Barnett-Lucas,voluptates.tiff,Josephinebury,GB,Akan,2017-05-07,lt-41.mann-obrien.net,Honduras,2019-10-29 17:06:22,Europe/Rome
22:24:55,-20.609801,17.0967375,613490578,1d:b9:11:50:0a:0d,$483.75,Russell Inc,possimus.mp3,Quinnfort,GB,Corsican,2007-05-27,lt-40.reid-clarke.com,Mozambique,2003-12-01 15:04:47,Africa/Mbabane
08:59:40,-123.417519,-9.337953,79,1b:b2:20:0e:2e:66,$15.46,Walker and Sons,tempore.css,Goodwinhaven,GB,Inuktitut,2005-12-24,srv-71.cooper-davies.net,Korea,1996-02-18 15:25:10,Africa/Kinshasa
23:48:09,-88.888185,-73.7036975,67723333,12:30:93:df:30:3c,"$3,071.46",Carroll-Green,repudiandae.avi,Josephstad,GB,Hebrew,1992-02-09,web-61.page.org,Seychelles,1971-04-19 14:14:33,Africa/Cairo
16:22:29,141.771556,20.3107175,7720589,84:c7:8e:9b:45:71,$530.84,Forster-Cunningham,commodi.ppt,Emilyside,GB,Church Slavic,1995-01-27,web-30.henderson.com,Cote d'Ivoire,2020-08-19 17:14:53,Europe/Riga
09:31:22,51.450445,-57.3003145,434777,c3:67:16:a1:45:17,$924.85,Campbell-Blackburn,fuga.avi,West Chloe,GB,Central Khmer,1993-11-22,laptop-95.barker.co.uk,Greece,2020-12-04 22:25:55,Australia/Broken_Hill
19:17:34,-167.234423,37.0758115,650,67:99:5a:db:8d:2c,"$8,608.87","Evans, Alexander and Roberts",repellat.csv,Port Sian,GB,Zhuang,1993-09-06,db-43.price.com,United States of America,2018-03-18 08:03:30,Pacific/Port_Moresby
18:59:48,164.022602,10.8902905,158910911,ce:22:0c:6e:a9:09,$277.79,Edwards-Jennings,repellendus.numbers,Port Edwardbury,GB,Tajik,2016-06-30,srv-31.foster-sutton.co.uk,Cambodia,2021-03-31 20:34:42,America/Moncton
00:56:09,-129.866255,-42.914180,33888050,3a:a5:91:1e:6a:1d,"$5,072.53","Dean, Thomas and Cook",fugit.jpeg,East Keithland,GB,Estonian,2002-12-24,desktop-32.davies.com,Uruguay,1983-04-03 12:26:43,Asia/Makassar
15:04:33,98.002250,-30.201529,134925170,2a:bc:0d:df:98:1e,"$6,463.90","Elliott, Allen and Stephens",nostrum.mp3,Port Paigebury,GB,Ndonga,1988-11-26,email-46.hamilton-smith.co.uk,Finland,2000-02-09 09:54:11,Africa/Monrovia
18:47:45,12.834602,44.541421,454202,3e:15:a9:6a:a5:1a,$53.00,Scott-Webster,quae.json,South Jillmouth,GB,Danish,1979-07-23,lt-25.harvey.com,Qatar,2001-11-07 21:32:13,Africa/Nouakchott
11:49:24,90.912825,-22.193915,290813541,f4:8f:5d:d5:46:4f,$47.12,"Swift, Marshall and Thomas",tenetur.mp3,Smithberg,GB,Aragonese,1994-07-17,web-97.brown.net,Grenada,1998-04-24 14:54:17,Europe/Zagreb
15:14:18,-109.275460,11.346189,625222732,17:c9:53:27:ad:60,"$54,960.31",Hancock-Wilkinson,earum.jpeg,Popeburgh,GB,Yiddish,2020-02-18,desktop-04.kelly.com,Mexico,2006-01-22 04:24:57,Pacific/Easter
01:32:12,-94.739939,25.318358,26713132,36:dd:63:98:28:65,"$5,078.49","Harris, McCarthy and White",doloremque.webm,North Charlie,GB,Chinese,1994-12-29,lt-25.farrell.co.uk,Korea,2016-08-19 07:03:17,Africa/Bamako
21:10:38,-95.446411,7.8807215,6,e5:cd:1d:0a:dd:a4,$503.78,Hall-Hughes,modi.avi,East Reece,GB,Tahitian,2023-06-24,lt-71.hart-patterson.net,Australia,2002-10-04 16:46:09,Europe/Oslo
13:19:40,-95.902343,-9.388017,80929646,07:8c:38:98:03:c6,$3.51,"Carroll, Brown and Shaw",debitis.bmp,Naomishire,GB,Navajo,1984-09-23,email-75.walsh-clark.net,Djibouti,1985-03-12 23:56:39,Pacific/Palau
02:24:52,-103.639480,-2.952004,0,b3:89:7a:68:c6:11,$83.75,Williams PLC,a.jpg,Crossfort,GB,Swedish,2006-04-04,srv-98.taylor.com,Cook Islands,1984-06-07 12:20:06,Europe/Minsk
20:02:03,-166.403757,-16.134697,6475,23:e1:51:8d:bd:44,"$8,015.25",Jones PLC,odit.tiff,Julianview,GB,Swahili,1978-11-20,web-26.woodward.biz,Serbia,2010-10-13 00:13:36,Asia/Dushanbe
18:45:18,4.583269,75.601419,65896893,dc:c6:13:b5:b1:52,$707.08,Sutton-Singh,ullam.pages,Mahmoodport,GB,Greek,1978-04-21,srv-82.powell-gibbs.com,Nauru,1985-11-17 22:44:11,Asia/Bangkok
11:09:03,43.871585,31.1196515,8481,8f:52:44:b5:cc:16,"$1,224.66","Marshall, Webb and Cole",pariatur.wav,New Joyce,GB,Nauru,1990-12-17,email-84.hayes.co.uk,Fiji,1970-11-23 03:28:40,America/Guyana
05:46:47,133.131023,-64.638642,90713756,b5:5f:24:d3:c4:44,$69.01,"Haynes, Marshall and Davies",veritatis.jpg,West Oliverport,GB,South Ndebele,2013-06-08,laptop-10.nelson.com,Bahamas,1986-08-02 01:32:10,Asia/Calcutta
09:16:26,-98.171104,-86.7451255,3319,4e:ce:10:c0:6f:68,$9.73,Begum and Sons,asperiores.xls,Hillmouth,GB,Romanian,2021-01-17,email-94.clarke.com,Saint Vincent and the Grenadines,2009-07-30 21:33:52,Asia/Pyongyang
14:40:11,152.392895,59.0706545,1570663,43:78:84:cf:a5:81,"$1,183.77","Leonard, Patel and Taylor",ullam.flac,North Maria,GB,Walloon,2016-09-02,web-18.green.com,Sweden,1973-02-07 11:14:22,America/Belize
01:16:59,153.500139,43.4340685,263937,f6:45:33:3e:16:a0,"$1,099.94",Morgan PLC,eum.flac,East Leonardland,GB,Chinese,2002-02-13,web-48.marshall-fowler.co.uk,Algeria,2020-09-21 17:20:59,Africa/Accra
18:15:21,-179.968942,28.067649,977167707,b8:4f:1c:14:d6:2c,$851.64,Burton Ltd,totam.mp4,Smithfurt,GB,Tagalog,2003-07-19,laptop-13.morton.com,Guinea-Bissau,2014-04-05 08:45:14,America/Havana
05:39:37,66.663670,30.263617,327,a0:46:74:8a:94:12,$321.84,"Williams, Wright and Griffin",nam.csv,Port Staceyland,GB,Swati,2017-10-03,desktop-44.gregory-morgan.com,United Kingdom,2015-07-11 02:51:06,Europe/Copenhagen
07:47:02,23.026560,-32.1874105,592,a4:2a:ff:79:55:12,$599.00,"Gibson, Peacock and Green",temporibus.png,Stuartside,GB,Ndonga,2022-07-24,laptop-31.smith-goddard.com,Gabon,1979-06-23 00:28:52,Africa/Johannesburg
11:05:59,-43.967906,38.3158995,61,10:26:cd:13:5a:35,"$41,015.09",Watts PLC,non.mp3,East Heather,GB,Turkmen,1973-01-29,laptop-81.harvey-smith.net,Gabon,1982-10-19 04:38:44,America/Barbados
00:42:38,-49.067966,-87.181133,7247,4f:b2:8c:6e:d2:53,"$56,048.21",Wilkinson PLC,itaque.odt,Robertsstad,GB,Polish,2011-01-30,lt-67.butler.com,Pitcairn Islands,1997-02-01 21:22:41,Europe/Stockholm
18:38:30,20.200290,81.1515215,3425,b7:00:59:e9:fc:77,"$24,105.56","Hall, Smith and Mitchell",modi.mov,Pearsonburgh,GB,Galician,2009-09-23,desktop-62.baker-greenwood.com,Qatar,1997-02-16 21:07:43,Asia/Dili
01:17:49,169.649603,50.984801,95845136,14:77:cf:99:02:9f,$965.07,Newman-Fraser,in.jpeg,South Terryview,GB,Italian,1998-11-21,db-70.ward.com,Indonesia,2020-02-15 23:19:36,America/Guatemala
07:43:18,97.693865,75.439326,69,ab:b6:64:6a:08:09,"$19,073.98","Lane, Randall and Miller",nihil.wav,South Charlotteborough,GB,French,2000-12-04,db-39.west-gill.info,Bahamas,2014-02-06 13:37:40,Australia/Adelaide
12:33:04,132.885034,86.042848,20,9b:8d:68:a2:f1:c2,$7.40,"Reed, Kirby and Mills",debitis.wav,Bradleybury,GB,Amharic,2002-12-02,desktop-53.gould-wade.info,Cuba,1987-01-16 17:54:55,Pacific/Truk
02:52:08,125.853597,-80.234298,38743347,63:db:f7:fb:f0:8f,$605.19,Roberts-Hammond,sequi.pdf,Pamelachester,GB,Azerbaijani,1998-06-01,email-11.baker-bailey.com,Saint Helena,1985-02-20 00:38:05,America/Bogota
03:37:31,132.290004,60.601043,7,7f:13:59:f8:a6:a4,$3.03,Williams-Hancock,perspiciatis.html,North William,GB,Wolof,2007-04-21,desktop-85.smith.com,Syrian Arab Republic,1972-12-19 06:07:08,America/Guatemala
02:31:23,169.451457,-11.8304615,140099,70:77:58:3d:54:b7,$3.56,Hunter-Jordan,reiciendis.mp3,New Janice,GB,Uighur,1970-10-31,desktop-78.birch-stevenson.com,Cuba,1994-11-06 08:40:28,America/Costa_Rica
12:45:11,-94.507892,-49.8387015,837594,54:d9:34:4b:db:b0,"$1,197.03",Blake Ltd,sint.js,Thompsonshire,GB,Marathi,1978-01-14,lt-95.stanley.com,Mayotte,1975-01-12 18:23:46,Africa/Bujumbura
20:18:27,-132.509335,-18.3533785,524,b2:96:84:3f:7b:08,$16.55,Carter Inc,sed.jpeg,North Mollyburgh,GB,Basque,1988-01-23,laptop-82.wood-stewart.com,Korea,2011-07-24 12:01:39,America/Grenada
22:23:10,-93.466382,-42.819988,0,2a:20:95:62:b1:ca,$857.43,Boyle LLC,eum.mp3,North Charlesberg,GB,Tatar,2022-05-06,srv-48.evans-bailey.net,Bangladesh,1990-12-08 12:44:35,Europe/Stockholm
06:25:02,-77.537989,39.4174495,1009231,12:09:67:3f:60:3d,$8.46,Hill-Brown,voluptas.png,North Alextown,GB,Inuktitut,1983-07-05,db-09.bentley.biz,Bhutan,1973-11-06 23:10:50,Asia/Colombo
14:19:38,-50.849303,22.2244725,108426234,91:fa:1a:76:82:8f,$91.49,Jones-Williamson,quod.jpeg,West Arthur,GB,Azerbaijani,2012-04-03,email-28.webb.com,Panama,1982-08-05 05:08:13,Asia/Dubai
03:51:04,58.564288,2.7697295,25,a0:6b:17:46:62:3c,$933.75,Miah Group,commodi.html,Rhodeshaven,GB,Bulgarian,2013-02-23,web-46.stevens-rose.com,Saint Barthelemy,1986-11-09 06:46:30,Africa/Banjul
09:22:50,-169.182199,-75.934602,138466594,de:52:8b:f5:77:31,$785.18,Taylor Inc,officiis.pptx,Huntton,GB,Kinyarwanda,1986-08-27,desktop-50.thomas.com,Cuba,2001-07-31 03:16:15,America/Port_of_Spain
14:32:45,78.764496,38.762194,565152,11:de:6f:18:e2:ce,"$8,280.70",Wood Group,voluptates.mp3,East Damianbury,GB,Nauru,2022-06-11,laptop-84.bull-brown.info,Liechtenstein,1970-01-06 04:04:49,Asia/Manila
15:52:53,3.514694,-20.5491555,51,94:77:66:41:67:92,"$9,557.64",Stokes-Lucas,illo.numbers,Webbbury,GB,Inupiaq,2020-04-17,web-28.bond.co.uk,Bolivia,1992-01-17 05:26:06,Europe/Amsterdam
01:11:20,-172.309054,13.061062,28331,df:f2:9e:01:ae:77,$503.45,Cook-Simpson,repudiandae.pdf,South Teresamouth,GB,Norwegian,1980-05-31,srv-80.ryan-wilkinson.com,Czech Republic,1997-06-01 17:35:34,Europe/Stockholm
01:56:38,128.005727,52.936978,5,e3:a1:d4:47:46:ea,$6.76,Anderson LLC,officia.avi,South Ruth,GB,Hiri Motu,2008-01-20,db-35.roberts.biz,Bhutan,1980-08-29 20:38:45,Africa/Khartoum
14:28:49,-0.665119,-73.647912,136769,e0:2a:3b:93:f1:77,$2.09,Lewis-Mason,temporibus.xlsx,Lake Janicechester,GB,Aragonese,1976-09-05,web-37.khan.com,Saint Helena,2008-07-27 11:20:48,Africa/Addis_Ababa
10:03:57,-13.531639,28.8126575,82,c2:ce:74:30:60:f9,"$85,995.34",Brooks LLC,neque.numbers,Duncanburgh,GB,Sundanese,1973-09-29,laptop-83.bailey.com,Guinea-Bissau,2008-11-24 14:09:14,Asia/Yerevan
10:18:53,-154.969369,-65.042418,4,04:24:26:2b:6b:f4,$491.31,Martin Group,asperiores.jpeg,South Carolyn,GB,Chechen,2023-06-28,web-60.bowen.com,Cayman Islands,1982-02-14 05:49:54,America/St_Vincent
02:37:28,39.777733,67.7687995,7008,c3:6c:b0:98:dd:2d,$809.39,Edwards-Shaw,esse.xlsx,Boltonberg,GB,Panjabi,1985-10-29,laptop-68.conway.com,Argentina,1971-07-06 19:12:44,America/Nassau
18:50:42,-62.288090,65.556882,49296806,5a:f7:f0:f4:b1:73,"$90,377.21",Payne Inc,molestias.mp3,Franklintown,GB,Sundanese,1976-09-21,email-61.price.co.uk,Bouvet Island (Bouvetoya),1976-10-15 02:43:05,Africa/Johannesburg
18:10:02,-43.197833,-16.2375725,40525,5f:d5:07:9f:f1:cd,"$37,389.66","Holmes, Griffiths and Turnbull",quia.pages,North Amandaberg,GB,Persian,1980-08-18,web-01.bell.info,Benin,1977-07-15 09:05:05,Europe/Zurich
02:03:42,101.990305,78.4401025,337947353,0d:4b:a1:5f:86:b7,"$8,352.74",Robinson-Taylor,error.pdf,Newmanchester,GB,Italian,2021-04-14,laptop-34.gordon-marshall.net,Mauritania,2003-07-21 08:41:16,Asia/Tehran
08:34:38,-36.516673,60.904642,971236979,d7:c5:96:6f:63:c7,$925.43,"Haynes, Naylor and Allen",possimus.mp3,Robinsonburgh,GB,Navajo,1979-09-13,srv-00.herbert.com,Honduras,1994-05-01 22:44:14,Asia/Yerevan
03:17:43,-164.293631,-49.6230515,972,b7:da:86:e2:a9:e1,"$2,165.82",Woodward and Sons,ducimus.gif,Sallyview,GB,Javanese,2012-08-02,web-06.watkins-jones.com,Ecuador,2004-08-13 17:51:57,Africa/Gaborone
04:42:20,130.554409,37.5280505,6,07:27:ab:8f:14:67,$6.53,"White, Thomas and Slater",assumenda.html,Hughchester,GB,Sango,2014-08-26,db-29.lynch.com,Kuwait,2006-12-03 12:03:01,Australia/Darwin
14:59:12,108.481898,-69.591367,73244,d6:83:5f:62:ab:65,$719.54,"Leonard, Taylor and Thorpe",quia.flac,Thomasmouth,GB,Tibetan,1990-12-22,srv-10.jones-day.biz,Micronesia,2002-11-16 17:07:34,America/Nassau
19:08:33,-155.093652,-49.6045375,4,2d:68:67:16:80:2b,$217.62,Robson Ltd,reiciendis.xlsx,West Dean,GB,Zhuang,2022-02-06,lt-75.murphy.info,Sao Tome and Principe,1988-10-20 22:05:40,America/Paramaribo
06:39:25,-146.332871,-6.088892,2724534,9d:2e:71:b8:b7:10,"$13,316.56","Cross, Ashton and Young",repellendus.jpeg,East Roy,GB,Lingala,1974-01-26,web-83.williams-herbert.net,Syrian Arab Republic,2006-10-08 15:09:36,Africa/Abidjan
13:36:14,155.723261,-34.791735,131024,a6:14:66:9e:70:46,$82.22,Frost Inc,tenetur.flac,West Trevormouth,GB,Kalaallisut,1983-04-24,desktop-81.gray-mason.com,Antarctica (the territory South of 60 deg S),1981-03-26 02:05:17,America/El_Salvador
11:37:15,-65.773962,-43.502201,6489,20:3f:d0:ce:cc:b0,"$2,033.63",Williams-Perry,atque.mov,Sandraland,GB,Mongolian,2021-05-25,laptop-70.hutchinson-butcher.org,Dominica,2010-11-11 07:15:33,Asia/Damascus
05:33:09,100.293817,-13.8603925,815975,1f:ba:2b:98:08:19,$3.24,"Reynolds, Rogers and Williams",sunt.doc,New Joanfort,GB,Danish,1970-08-09,srv-49.kay.com,Northern Mariana Islands,1973-03-22 05:21:22,Africa/Nairobi
05:20:29,-51.261591,74.4641145,95,97:3a:10:12:91:bd,$769.33,Shaw Group,eius.wav,North Kayleigh,GB,Inupiaq,2009-06-28,laptop-13.walton.com,Maldives,1979-09-17 16:33:49,Asia/Dushanbe
18:34:17,167.815073,39.812867,5,b6:19:c3:d0:1e:f1,"$85,897.69","Ellis, Cook and Jones",consequuntur.wav,West Frederick,GB,Tsonga,1997-04-20,web-71.boyle.com,Northern Mariana Islands,1992-02-15 19:07:03,America/Grenada
06:35:31,-65.285458,-86.9859215,714,52:08:ae:a5:fa:6c,"$5,948.07",Blackburn PLC,quisquam.html,East Kieran,GB,Tsonga,1992-12-13,db-88.evans.com,Cayman Islands,2001-04-02 08:41:35,America/Guyana
00:52:19,-166.221009,7.6802365,86286635,62:29:c8:08:87:fc,"$46,748.37",Cooper-Robinson,nihil.txt,Hallside,GB,Lao,2005-03-15,desktop-52.turner-glover.com,Burkina Faso,2016-08-22 09:48:02,Europe/Vatican
17:00:14,-125.912454,-63.6372005,64827512,b1:65:c7:95:e7:ee,$75.15,"Bennett, Miles and Smith",delectus.webm,Liamberg,GB,Zulu,1991-11-23,laptop-79.day.co.uk,Barbados,1991-01-12 12:07:48,Europe/Minsk
20:06:51,102.980143,62.210107,232787338,48:ea:ab:a5:cf:22,$558.63,Price-Archer,odit.webm,Lewisside,GB,Limburgan,1988-03-12,lt-85.smith.com,Falkland Islands (Malvinas),1981-02-03 15:07:52,Africa/Sao_Tome
08:57:43,48.257846,77.2057515,6571229,ea:00:5f:f3:91:42,$6.98,Jones-Parry,debitis.mp3,Denisfurt,GB,Tsonga,2001-01-13,srv-21.marsh.biz,Macao,1997-04-19 03:10:46,America/Tegucigalpa
05:10:21,112.690743,63.043182,9023056,75:d6:bb:44:11:f0,$3.75,Long LLC,voluptate.mov,Aaronview,GB,Georgian,1994-01-01,desktop-86.davies-harrison.com,Korea,1992-11-08 16:24:53,America/Santo_Domingo
05:17:41,-147.893440,-12.7727245,71,88:5c:bc:a5:d7:34,$3.60,Chadwick-Walsh,fugiat.ods,North Shaunmouth,GB,Uzbek,1981-02-04,lt-81.jackson-carr.net,Panama,2010-01-15 00:59:48,Europe/Zagreb
05:42:15,165.441722,5.3650805,1,37:a3:93:70:e5:d7,$282.10,Burns-Quinn,incidunt.webm,Dominicside,GB,Tagalog,1982-09-17,desktop-33.fletcher.com,Uganda,1979-01-26 22:05:30,America/Santo_Domingo
17:48:26,100.086052,17.926198,50644736,d4:d4:36:26:18:30,$181.47,"Holden, Davies and Smart",odit.mp3,South Antony,GB,Ewe,1975-10-16,db-62.fletcher-perry.com,Nepal,1996-04-21 13:02:57,America/North_Dakota/Center
17:19:36,12.542107,-20.1416315,316368313,21:5d:b3:c4:de:be,$9.89,Norris-Heath,culpa.css,Fosterville,GB,Samoan,1996-11-29,desktop-65.robinson.com,Portugal,1970-01-10 19:37:54,Asia/Baku
03:12:14,-161.652518,-67.4802195,99937740,43:3d:99:c6:c7:ba,$97.02,Fletcher LLC,magni.mov,South Tony,GB,Javanese,2013-06-06,desktop-08.white.biz,Macao,2008-02-18 12:11:27,Africa/Douala
17:19:29,139.027723,0.537381,8654239,c3:62:f6:c9:10:8a,"$47,260.19",Hargreaves PLC,assumenda.mov,South Brenda,GB,Norwegian Nynorsk,2016-01-11,srv-14.bird.com,Belize,1976-04-23 01:49:14,Pacific/Port_Moresby
17:46:12,-81.795342,-76.176914,38636,ce:29:02:2b:a0:6c,"$6,208.73",Blake PLC,quisquam.mp3,Howardborough,GB,Twi,1995-05-09,email-37.reynolds-hawkins.com,Sweden,2021-06-01 16:07:35,Europe/Podgorica
13:46:26,146.207478,-34.583743,9720094,9c:31:2c:a3:55:8b,$8.67,Fletcher-Foster,aliquam.css,West Raymond,GB,Ossetian,1982-05-02,web-69.anderson-walker.com,South Georgia and the South Sandwich Islands,2016-12-24 15:53:52,Pacific/Palau
08:04:23,122.407541,-30.5317585,339,bf:7f:84:12:b7:94,$34.55,Smith Group,nostrum.odp,New Benjamin,GB,Gaelic,1988-12-08,srv-83.davidson.com,Australia,1978-03-30 13:15:37,Asia/Tashkent
05:39:35,1.469618,-34.4015965,81710360,ee:63:6d:2f:a3:de,$43.80,Walsh-Hodgson,in.txt,Richardsport,GB,Arabic,1992-06-10,laptop-48.griffin.info,Oman,2012-05-16 03:25:18,Pacific/Port_Moresby
17:47:17,-136.651371,-13.3808945,890607,3c:63:b0:2d:38:18,"$4,346.56",Thornton PLC,qui.wav,Scotthaven,GB,Pali,1985-08-28,email-50.peacock.info,Kazakhstan,2005-06-15 00:49:29,Asia/Riyadh
00:49:35,-41.602894,-35.444046,885,69:8b:67:79:67:8e,$974.66,Jones Ltd,dolorum.key,East Vanessamouth,GB,Kikuyu,2018-02-24,email-73.williams-brown.net,Sao Tome and Principe,2006-01-12 11:21:56,America/St_Vincent
16:25:46,-8.826863,70.761975,421207,8b:8c:ff:fb:43:66,$82.93,"Russell, Holland and Marsh",occaecati.txt,Port Steven,GB,Rundi,2023-06-17,srv-44.carter-cross.biz,Antigua and Barbuda,1999-10-08 06:22:20,Europe/London
22:07:48,-157.590729,-11.529805,468183574,6a:b9:61:a4:69:78,"$6,845.67",Sharp PLC,quod.mov,Hughesville,GB,Marathi,1987-09-12,db-11.brown-fisher.com,El Salvador,2020-03-14 21:34:43,Asia/Katmandu
03:55:26,69.539728,9.4218765,928840458,be:cb:84:81:56:df,"$20,066.08","Kaur, Elliott and Hall",cumque.csv,North Natalietown,GB,Igbo,1980-05-18,lt-78.davis.co.uk,French Guiana,2014-10-26 00:21:24,Asia/Aden
12:08:18,118.575191,32.3667275,26668,62:1c:d4:de:ab:f6,$760.76,Winter-Davies,expedita.mp4,Port Adriantown,GB,Akan,2015-05-20,lt-89.knowles.com,Falkland Islands (Malvinas),1983-10-06 03:39:56,Asia/Riyadh
14:08:45,110.300623,15.7499415,1,c5:f2:ce:7a:3f:6c,"$65,678.73",Walton LLC,ipsa.gif,Grahamport,GB,Dzongkha,2023-03-10,email-14.wilson.com,Australia,2023-08-16 11:18:18,Pacific/Funafuti
23:20:45,-114.129302,-59.8625015,18,19:1c:0e:f3:6d:bc,"$2,037.62",Humphreys Inc,tenetur.avi,North Darren,GB,Portuguese,1977-02-04,db-22.jordan.com,Moldova,1992-03-08 12:56:07,Africa/Brazzaville
04:15:46,28.699019,51.3298625,201,81:53:76:47:01:d8,"$45,559.21","Fox, Scott and Pratt",ad.bmp,Craigbury,GB,Oriya,2004-03-26,lt-93.cooper.co.uk,Niue,1990-05-14 04:11:55,America/Bogota
01:51:37,178.821564,-81.3219585,83,ea:4f:53:b1:d5:79,"$5,173.10",Chambers LLC,molestias.docx,North Gillian,GB,Tibetan,1983-09-12,laptop-67.williamson-graham.com,Congo,2008-01-22 00:06:14,Europe/Berlin
03:34:44,-146.253379,38.2015265,95707187,34:4b:22:b6:d2:91,"$15,433.74",Gordon-Hughes,dolore.flac,Karentown,GB,Serbian,2009-08-22,desktop-87.watts.com,Solomon Islands,1980-03-09 13:24:30,Asia/Dili
12:39:30,-96.049032,-22.1245735,419795471,55:84:a8:6e:bf:50,$8.61,"Johnson, Morgan and Murray",impedit.mp3,Port Brian,GB,Yiddish,1996-01-28,lt-76.moore.com,Christmas Island,1973-04-26 15:44:23,Europe/Prague
03:19:45,102.074839,-87.2108865,44,10:f9:0c:5b:0a:d8,$0.69,Clark Ltd,ea.mp4,Lake Martin,GB,Polish,1971-10-27,lt-30.holmes-power.com,Falkland Islands (Malvinas),2001-05-23 13:35:23,Africa/Addis_Ababa
04:52:21,-77.969053,-83.7025565,4225,4d:f0:22:9b:49:92,$24.40,Andrews-Begum,corporis.xlsx,New Abdulfurt,GB,Lingala,1993-11-16,desktop-95.mcdonald-thompson.com,Brazil,1988-02-21 11:53:20,Africa/Douala
22:59:55,28.284910,41.9481635,92352,d4:e3:1f:c4:e3:a3,$789.95,Wilson Ltd,temporibus.jpg,Conorville,GB,Assamese,2005-11-08,email-50.chadwick-birch.com,Italy,2013-07-01 02:45:22,Europe/Amsterdam
03:25:39,-21.475245,-87.429474,65,24:ad:52:90:f2:82,$5.67,"Smith, Harris and Harvey",quos.avi,Deborahstad,GB,Lithuanian,1985-08-04,desktop-73.bartlett.com,Qatar,2019-09-07 12:24:31,Europe/Rome
09:24:16,87.962304,-25.7751275,575,93:21:89:22:33:82,"$75,352.80","Miller, Davies and Green",quod.mp4,New Abbie,GB,Church Slavic,1987-12-11,srv-87.cole.com,Trinidad and Tobago,1971-09-02 04:18:21,America/Havana
11:36:45,37.550880,73.899137,1336045,88:bb:b8:1a:15:76,$102.92,Patel-Pearce,pariatur.json,Lake Phillip,GB,Shona,2006-02-27,laptop-78.oconnor.com,Norfolk Island,1980-11-22 17:54:41,Asia/Ashgabat
04:27:22,-108.083801,86.3456275,5,92:f1:35:8c:e4:7a,"$6,476.02",Gould-Cox,est.mp3,Michelleville,GB,Faroese,2017-05-05,db-94.ferguson-stewart.co.uk,Fiji,2019-09-14 07:01:43,Europe/Budapest
19:07:25,-57.042631,43.732442,341,4b:ad:5e:3d:31:8e,"$73,951.90","Wilkinson, Holland and Smith",totam.txt,West Sharonmouth,GB,Afrikaans,2012-02-08,lt-14.ball.com,Nepal,2001-10-09 00:54:04,Atlantic/Canary
11:55:19,-30.980141,72.055594,0,63:05:99:58:0e:5f,$72.37,"Barker, Patterson and Bennett",sapiente.doc,Port Clareport,GB,Tatar,1992-07-31,laptop-96.shah.biz,Malawi,1995-12-19 05:03:31,Europe/Prague
16:36:29,-123.461464,-51.1722035,34709,54:40:4a:73:6e:1e,$68.88,Tomlinson-Newman,laboriosam.webm,Alanside,GB,Urdu,2006-02-24,lt-97.bryan.net,Senegal,1979-05-08 22:06:48,America/La_Paz
10:17:07,-87.226113,14.929191,21,6f:bb:c2:33:9d:f3,"$27,392.13",Hamilton-Mills,in.pages,West Maureen,GB,Urdu,1974-12-21,email-66.daniels.com,Bahamas,1984-04-14 13:57:01,Africa/Dakar
18:24:32,176.214028,-74.2351645,277,b3:99:bf:02:0a:e4,$842.70,Evans and Sons,quae.webm,New Jeanfurt,GB,Burmese,1987-09-16,web-37.hughes.info,Finland,2022-12-27 18:45:42,Europe/Vilnius
22:36:07,137.138242,-78.2964505,6056,a0:86:f6:c2:de:70,$4.66,Howard and Sons,deserunt.js,Bethantown,GB,Welsh,2002-08-09,srv-21.carroll.com,Greenland,2002-11-19 00:52:10,Africa/Ndjamena
19:33:05,-43.362357,86.056223,579902,8e:d0:a3:d7:f0:4b,$73.50,"Clarke, Wood and Brown",a.csv,South Peter,GB,Dzongkha,2004-05-10,lt-03.fuller-johnson.org,Senegal,2020-08-16 21:26:30,Asia/Tbilisi
19:43:29,97.390340,73.145433,95,e6:18:9e:41:d4:72,"$54,462.54","Griffiths, Sullivan and Begum",molestiae.bmp,Greenfurt,GB,Yoruba,1992-08-21,laptop-17.martin.com,Mauritania,1975-10-05 01:43:03,Europe/Prague
01:06:57,-36.333787,-6.815446,282,92:43:16:c9:72:72,$38.95,"Lewis, Nolan and Perry",ducimus.docx,Meganfurt,GB,Ojibwa,1980-02-15,web-85.adams.com,Colombia,2019-03-17 12:06:47,Indian/Antananarivo
14:10:24,103.007550,-60.0337445,38396258,6e:48:91:ee:00:75,$48.43,"Fleming, Kennedy and Whitehead",in.mov,West Danny,GB,Chamorro,1985-09-20,desktop-00.smith.com,Haiti,2002-06-28 17:58:02,Asia/Ulaanbaatar
17:27:08,-145.959116,-67.8825265,8115256,85:15:7d:68:b9:f8,"$8,874.54","Ford, Scott and Foster",maxime.avi,Jacksonview,GB,Slovenian,2011-04-03,db-75.holland.com,Finland,1976-11-05 13:50:30,Europe/Bratislava
20:09:16,28.396525,57.574234,3383375,73:43:5c:fa:e9:95,"$28,248.20","Moore, Murray and Dale",sunt.txt,Lake Marie,GB,Uzbek,2007-11-06,email-98.bolton.biz,Honduras,1984-09-13 12:20:33,Europe/Minsk
22:11:21,-85.640557,84.3817615,33,28:a0:2e:19:1a:e5,$7.37,"Owen, North and Knight",nesciunt.webm,Davidchester,GB,Malay,1973-07-14,desktop-07.spencer.com,Mozambique,1990-03-03 16:31:36,Europe/Helsinki
20:18:50,135.569081,-70.158157,0,fb:56:c4:92:75:cd,"$8,452.62","Lloyd, Wilkinson and Brown",temporibus.png,South Daleburgh,GB,Urdu,2022-11-20,srv-16.perry.com,Sudan,2000-12-18 17:36:19,Africa/Freetown
17:52:25,128.183160,-3.468521,932879582,ba:05:53:eb:37:d0,$91.50,Barnes LLC,nostrum.gif,Jonesbury,GB,Kikuyu,1982-06-23,web-34.jackson-tomlinson.org,Hong Kong,1990-04-17 02:09:33,Pacific/Funafuti
14:26:59,-145.616805,-2.1471295,5445,45:81:4d:e3:42:71,"$43,573.63","Wilson, Lord and Gibson",sunt.mp3,West Anthonyville,GB,Venda,1970-02-06,laptop-56.morris-hunt.com,Pitcairn Islands,1972-09-09 22:12:03,Asia/Kuwait
14:06:29,177.533150,-11.517952,375,aa:9d:32:96:79:84,"$4,994.06",Hill PLC,totam.jpg,Jonathanville,GB,Estonian,1988-06-24,lt-10.hughes-murray.org,United States of America,1970-10-19 03:39:39,Pacific/Palau
10:13:29,-125.834697,-6.736985,1584,9c:46:e1:78:b9:f8,$233.29,"Hawkins, Hill and Smith",ipsa.mp4,Parryborough,GB,Basque,1991-09-25,laptop-87.vincent.net,Malta,1983-03-24 08:39:40,America/Grenada
00:14:06,-37.355290,-27.348041,6,f0:de:3d:ce:02:3b,"$25,197.62",Rogers Ltd,doloremque.js,Sharonfort,GB,Chechen,1994-06-22,laptop-83.bell.org,Uzbekistan,2012-12-30 08:33:33,Asia/Bahrain
13:01:00,69.177735,-85.8284775,774,be:d9:b9:a3:81:e6,$93.32,"Miller, Mills and Moore",odit.json,Port Seanport,GB,Sinhala,1990-05-01,laptop-68.parkes-ali.com,Greece,1979-03-29 14:00:33,Europe/Dublin
13:19:12,8.018750,-37.5941655,86,81:45:cb:75:5b:b5,"$6,776.73",Jennings PLC,assumenda.odt,New Ericfurt,GB,Faroese,1990-11-30,desktop-96.parker-pearson.info,Ethiopia,2022-08-10 03:18:27,Africa/Dar_es_Salaam
06:50:08,-29.040561,19.5580385,283191514,86:9b:7d:be:bc:21,$3.28,Phillips-Patel,voluptas.flac,Youngfurt,GB,Marshallese,1970-08-11,db-54.murphy.net,Hong Kong,1987-09-28 08:33:08,Europe/Podgorica
19:40:07,-43.123597,-4.6848785,7,68:95:70:f2:24:a6,"$88,946.60",Morris-Quinn,illum.flac,Russellborough,GB,Javanese,2004-12-10,srv-27.lord.com,Bangladesh,1972-09-30 17:47:13,America/Port_of_Spain
13:28:19,108.253128,59.354507,1,55:d8:38:b2:0e:27,$397.81,"Bond, Fleming and Parkin",libero.wav,Jayneburgh,GB,Gaelic,1991-01-18,desktop-57.elliott-lawrence.com,Oman,1997-04-18 08:24:29,Asia/Gaza
07:50:15,47.629997,-68.9213595,7089,04:97:9c:d7:01:0b,$26.45,Anderson-Brown,placeat.bmp,East Debratown,GB,Samoan,2009-02-04,db-04.hobbs.com,Holy See (Vatican City State),1990-08-13 20:01:03,Africa/Algiers
00:00:34,-160.547497,56.640351,9736292,52:b2:6b:bf:81:b2,$90.24,Turner Group,voluptatem.json,Port Thomas,GB,Church Slavic,1997-02-13,lt-59.collins-black.co.uk,Comoros,1997-08-10 02:30:17,Europe/Zagreb
20:02:34,-26.482286,-72.3287585,9937,4c:6e:ff:ca:7f:93,"$75,555.29","Singh, Austin and Allen",tempore.flac,Butlerport,GB,Akan,1984-12-29,laptop-92.bennett.com,Uruguay,1981-07-31 22:48:18,Pacific/Port_Moresby
22:20:35,93.729039,88.9192045,5422372,5b:91:f9:ff:a5:46,$42.72,"Williams, Alexander and Brooks",deleniti.wav,Callumchester,GB,Chichewa,2018-10-02,srv-70.fox.org,Comoros,2009-01-25 10:29:28,Pacific/Galapagos
22:12:59,-26.766258,24.0248705,36688678,03:25:a8:4f:f7:d1,"$70,314.52",Thomas-Williams,ipsam.txt,East Joan,GB,Interlingua,2020-12-13,web-70.howell.com,Tajikistan,2018-06-26 10:03:31,Asia/Bangkok
15:39:37,128.062342,44.6030675,959383,7a:87:4f:cc:f7:fa,$75.33,Allan-Hopkins,sed.mp3,Riceborough,GB,Quechua,1988-07-11,web-72.hooper-begum.com,Turks and Caicos Islands,2016-05-24 02:14:20,Pacific/Tongatapu
10:22:01,-65.579869,-18.2898755,1705,76:d1:5d:7c:92:22,$5.46,"Carter, Richardson and Holloway",cum.bmp,Barnettfurt,GB,Telugu,2021-12-11,srv-20.simpson.biz,Switzerland,1995-08-02 08:57:06,Atlantic/Cape_Verde
23:57:33,-83.666109,67.494814,629,de:69:07:3a:ce:df,$358.98,Hughes and Sons,ipsam.gif,Pamelachester,GB,Nepali,1991-10-18,db-56.fletcher.net,Tuvalu,1982-06-29 01:48:13,Europe/Copenhagen
07:30:08,49.599470,6.566690,3359,15:6c:a7:64:4c:f0,$701.34,Evans-Ward,nulla.json,Thompsonborough,GB,Marshallese,1981-09-26,desktop-72.williams.info,North Macedonia,1971-02-18 04:18:19,Africa/Addis_Ababa
