Asia/Dushanbe,1998-12-30 08:03:25,db:e9:9c:7f:c4:d0,"Scheidegger, Schuler and Felder",fi,$2.51,1983-06-11T05:28:26,Arbon,53.594068,-47.7685115,Liechtenstein,2022-10-25
Asia/Rangoon,2015-02-17 18:42:14,19:71:6a:73:54:31,"Vogt, Wyss and Wirth",am,$42.25,1993-05-19T04:28:52,Plan-les-Ouates,106.675535,-65.1670165,Uganda,2000-12-08
Pacific/Chatham,1993-06-20 16:45:54,9e:dd:24:0a:69:70,Jenni-Martin,bo,$475.91,1985-03-10T12:02:06,Lugano,-36.657878,78.982423,Bahrain,2013-04-14
Europe/Copenhagen,1996-12-29 04:01:32,9b:a8:43:0c:31:ce,"Moser, Imhof and Weibel",bem,"$4,836.31",2007-05-03T12:39:14,Lausanne,-165.522388,-30.4419115,Indonesia,1988-05-25
Asia/Karachi,2006-06-24 02:16:53,3e:ea:80:60:3d:14,"Hug, Senn and Wirth",hu,$75.42,1978-01-26T03:37:13,Gland,88.901092,26.2791075,North Macedonia,1990-05-14
Europe/Athens,1975-10-26 00:39:32,42:e0:91:bd:63:4f,"Hirt, Winkler and Leu",ia,$572.12,1975-05-18T01:31:23,Wil,68.047717,12.356039,East Timor,2020-09-20
America/Antigua,2014-11-28 09:03:51,8d:e8:af:b5:ef:4e,"Schweizer, Meier and Kuhn",ka,$74.02,2004-09-02T16:48:47,Illnau-Effretikon,144.180209,21.9254195,Senegal,1977-01-20
America/Asuncion,2022-12-05 16:16:34,4c:d2:72:52:5f:a2,Suter LLC,be,"$66,790.86",2006-12-30T21:10:29,Binningen,-165.649728,-51.676870,Venezuela,1995-11-03
Africa/Brazzaville,2012-08-08 05:42:48,41:2f:87:d0:d9:29,Flückiger-Probst,pl,"$59,176.49",2017-11-22T23:53:39,Illnau-Effretikon,179.898973,29.2278215,Sierra Leone,1996-10-12
America/El_Salvador,1992-07-03 04:41:06,28:c1:23:5a:56:c3,Schneider-Wolf,fi,"$2,108.44",2017-04-23T03:33:14,Oftringen,23.934679,-3.028463,Syria,1985-06-11
Africa/Brazzaville,2012-05-03 07:16:40,d0:bb:31:1d:a5:4b,"Wegmann, Mettler and Hirt",bem,"$25,786.97",2019-08-26T04:02:57,Sitten,35.299171,-38.520085,Slovenia,2002-02-25
Europe/Zagreb,2004-05-08 11:26:46,3b:f3:92:7b:56:7a,"Vogt, Wettstein and Hoffmann",xh,"$4,962.40",2008-04-15T22:03:25,Pratteln,-37.858440,72.8415255,Saint Kitts and Nevis,2020-09-17
America/Port_of_Spain,2002-09-11 16:19:04,65:bb:32:6e:06:38,"Stadelmann, Gut and Frei",ps,$5.82,2020-06-16T18:07:27,Emmen,26.552570,-70.427761,United Kingdom,2019-07-04
Asia/Muscat,2018-10-14 11:54:05,83:ee:27:72:00:c1,Brunner-Steiner,the,"$1,192.00",1991-04-15T04:20:16,Martigny,78.572122,-82.8652985,Thailand,1977-12-31
Africa/Lome,1979-06-02 12:31:44,cb:c6:16:4e:04:59,"Hotz, Christen and Suter",ha,"$45,819.95",2021-11-17T16:45:03,Versoix,-121.308815,-65.3982175,Azerbaijan,1990-03-30
America/Barbados,2000-03-04 00:33:18,57:de:6e:45:5b:c5,Kohler Inc,mni,"$3,877.13",1992-03-13T10:42:06,Opfikon,162.466007,-40.799797,Sri Lanka,2023-05-02
Europe/Vienna,1971-07-17 09:32:25,94:ea:76:60:f8:e8,Fankhauser-Hasler,kk,"$4,228.84",1979-11-23T13:13:02,Stäfa,-18.764344,44.8102335,Federated States of Micronesia,2010-05-05
Europe/Istanbul,2016-03-08 06:01:11,0d:06:f2:7e:4b:de,Bianchi and Sons,nso,"$6,781.95",1999-02-08T09:09:03,Männedorf,33.867530,68.9081955,Senegal,2016-09-23
Europe/Warsaw,2015-03-18 21:19:31,6d:9a:3a:2d:b8:35,Bachmann-Lutz,kw,$18.05,1976-08-24T18:32:03,Aarau,76.481797,-6.172631,Burkina Faso,1991-01-02
Indian/Mauritius,1988-07-24 07:57:32,39:e4:5c:57:77:25,Roos-Michel,ga,$82.01,2015-12-02T10:52:27,Wil,161.393617,73.1528815,Senegal,2001-05-09
America/Nassau,2012-12-22 21:32:58,a9:4a:7d:a5:2c:05,"Vogel, Frei and Gfeller",os,"$1,626.48",2010-11-04T02:45:46,St. Gallen,141.416795,46.0953005,Malaysia,1988-05-12
Pacific/Tarawa,2010-09-14 18:09:14,cd:ba:f5:7e:db:1d,Näf and Sons,tg,$0.30,1970-04-30T13:15:14,Ostermundigen,-88.152642,22.1755865,Libya,2012-07-03
America/Paramaribo,1985-03-03 11:21:51,39:80:95:0b:a3:6d,"Hartmann, Scherrer and Lustenberger",bo,$33.95,2011-02-02T10:16:29,Payerne,117.430547,-73.417610,France,2007-12-26
Europe/Budapest,1987-08-25 08:48:49,a7:d7:ca:e9:e5:b7,Ernst-Hermann,sd,$8.40,1978-02-15T03:09:43,Riehen,-158.847856,68.7337345,Jordan,2005-06-08
America/Costa_Rica,1991-09-06 04:00:20,5f:eb:b9:68:b4:ff,Hasler-Kaiser,te,$85.20,2014-03-23T16:36:35,Riehen,-81.156883,-2.577621,Oman,1973-02-28
America/Paramaribo,1977-06-20 17:47:02,bb:e4:09:b4:2f:08,Favre LLC,nl,$69.13,2022-12-17T17:58:39,Thun,-64.978423,-10.318959,Kuwait,1975-04-13
Africa/Nairobi,1977-08-30 23:23:37,b5:3e:22:90:ae:df,"Hess, Maurer and Schärer",ve,"$7,171.42",1995-09-27T15:15:58,Kriens,-25.085861,-62.8445675,South Africa,1994-09-28
America/Bogota,2021-12-16 18:42:19,64:1f:ec:cb:33:d4,Blum LLC,crh,"$98,446.06",1987-09-17T23:50:45,Davos,-78.286582,-84.970199,Liechtenstein,2006-10-13
Africa/Mbabane,1971-10-22 16:19:40,5c:7c:f7:54:c7:70,Hug-Wenger,oc,"$9,744.89",2000-03-09T01:59:18,Meilen,-25.020358,-24.404069,Burundi,2007-09-25
Pacific/Palau,1976-04-03 16:48:50,54:79:cc:b3:e5:65,"Wettstein, Scheidegger and Ott",zu,"$18,794.88",2004-12-25T13:24:23,Bern,-77.467100,-58.331905,Malawi,2010-07-24
America/Detroit,1980-09-08 18:17:24,1f:bb:d9:4d:e4:0c,"Bucher, Suter and Pfister",hak,$276.03,1981-09-07T17:31:03,Riehen,-121.419372,72.2238585,Venezuela,1980-12-04
Europe/Moscow,2018-04-01 10:08:52,1c:e3:28:9c:1f:df,Schoch Inc,fil,$66.36,1986-12-24T20:13:05,Kreuzlingen,159.106275,-20.567175,Nigeria,1994-01-29
Africa/Maseru,1971-01-20 20:33:26,63:3f:1f:a6:51:d8,Jäggi Ltd,bg,$287.97,1976-09-04T14:34:37,Zollikofen,-6.957401,31.303966,Estonia,2020-10-03
Atlantic/Azores,2005-12-18 01:12:01,c9:c8:c0:cb:04:40,"Schuler, Portmann and Meili",ayc,"$15,960.09",1978-02-15T06:42:50,Spreitenbach,-171.882648,-28.842910,Argentina,1982-09-29
Pacific/Majuro,1979-08-03 00:55:58,fe:03:6a:12:75:7f,Berger-Tanner,af,$6.97,1978-08-11T10:31:47,Buchs,-38.045726,29.220312,Haiti,1992-08-19
Africa/Kigali,2008-09-23 22:27:33,2b:ab:f8:d3:4f:a1,Sidler-Vogel,gu,"$66,545.32",1980-12-23T04:14:01,Richterswil,98.189133,-61.851461,Cameroon,2003-10-03
Africa/Banjul,1998-07-14 17:17:24,9c:26:e0:24:1e:5f,Widmer and Sons,sat,"$2,677.57",2003-08-07T23:37:11,Cham,8.250489,-12.7350095,Honduras,1997-12-10
Europe/Istanbul,1984-08-15 08:53:31,8a:e4:71:cd:8b:c5,"Graf, Wolf and Winkler",bo,"$4,077.46",1995-09-24T01:01:20,Winterthur,69.201278,49.1238895,Italy,2019-12-18
America/Asuncion,1977-03-10 02:03:54,25:a9:1a:1c:fc:5b,Egli Group,sat,$850.17,1999-10-16T22:52:40,Ittigen,109.685379,56.626917,Afghanistan,1991-10-08
Atlantic/Reykjavik,1984-01-26 05:37:34,b8:b6:c7:f9:5e:c5,Wehrli Group,et,"$96,966.39",1999-05-10T00:31:28,Muri,-73.222585,27.0951725,Kiribati,1983-01-05
Africa/Bamako,1990-08-18 19:55:00,1c:62:9e:ae:3c:50,"Zürcher, Hoffmann and Kohler",cs,"$61,797.86",2001-08-31T17:11:41,Adliswil,142.100986,76.492547,Mongolia,2000-09-25
Europe/Dublin,1984-08-25 01:11:04,33:14:48:fa:a6:92,Schmid-Peter,sl,$85.39,2000-03-28T05:29:39,Pully,-7.579506,-13.2307455,SÃ£o TomÃ© and PrÃ­ncipe,1996-11-11
Asia/Bangkok,1995-04-01 18:19:37,f0:3a:36:ad:31:ce,"Hodel, Hauser and Bianchi",sc,"$2,023.80",1994-07-28T22:22:06,Herisau,159.148660,61.8314235,Mexico,2017-06-02
Europe/Prague,1995-10-12 09:20:30,6b:53:53:10:ec:77,Betschart and Sons,bg,$474.17,2009-07-26T10:46:20,La Chaux-de-Fonds,-88.172713,-30.0789185,Czech Republic,2007-03-05
Africa/Nairobi,1973-03-09 16:13:26,55:cd:95:ad:32:5f,"Steffen, Martin and Huber",wae,$88.92,1999-02-12T08:57:09,Rheinfelden,-89.120615,-35.3351385,Uzbekistan,1978-06-20
Asia/Katmandu,2006-08-29 05:51:56,a9:9e:a6:e7:9c:1c,Mäder Inc,fa,"$1,499.74",2002-01-13T03:50:18,Bernex,175.431659,-39.4207425,CÃ´te d'Ivoire,2005-06-28
Indian/Mahe,2016-07-25 10:27:28,0b:02:d1:6c:6a:e0,"Tanner, Lehmann and Iten",wal,"$8,464.89",1999-04-11T16:50:39,Renens,-122.352481,-55.2196615,Portugal,2000-09-10
Europe/Amsterdam,1980-06-02 21:15:53,06:a2:04:c6:80:1b,Meier-Leu,hu,$9.36,2005-11-14T00:47:14,Bern,97.258979,-2.560292,Antigua and Barbuda,2005-09-25
Europe/Bratislava,1978-03-27 00:24:48,f7:db:c6:23:d5:1c,Meier Inc,nn,$36.58,1996-06-23T14:26:50,Pully,140.923959,10.279659,The Gambia,2005-05-07
Europe/Zagreb,1973-03-31 14:01:27,f9:03:e5:c2:d4:12,Isler and Sons,hne,"$92,043.48",2018-02-11T22:57:56,Neuhausen,-170.130787,-23.327444,Zimbabwe,2018-08-17
Europe/London,1992-06-30 12:14:15,36:65:ca:bc:fb:bf,Baumann Group,se,"$9,716.51",2001-03-02T12:10:57,Regensdorf,-126.412892,-45.8347825,Indonesia,1986-05-28
Europe/Luxembourg,1974-07-06 02:44:39,57:e5:07:58:6a:b7,Bär Group,da,"$3,936.53",2001-10-07T22:14:05,Thônex,-152.806250,16.6788995,Botswana,2011-09-24
Asia/Ashgabat,1996-02-26 07:42:36,c8:c3:2e:40:35:04,Spörri-Ackermann,gd,$48.53,1999-02-21T17:09:55,Münsingen,-77.401226,-62.8118885,Panama,2005-10-20
Europe/Athens,1983-03-24 12:51:48,4c:10:e4:cf:f8:30,Vogt Group,ar,$91.77,2018-04-14T00:23:10,Schlieren,-131.776832,82.208024,Canada,2004-06-16
Africa/Cairo,1974-08-23 08:39:20,b3:24:35:06:5e:fd,Isler-Müller,fo,"$26,302.19",1999-01-20T15:03:20,Schlieren,-139.188180,-66.8567955,Republic of Ireland,2009-07-26
America/Costa_Rica,2016-03-31 01:30:33,1a:01:08:b0:c5:37,"Zimmermann, Roth and Gloor",ug,$62.17,1993-01-14T21:35:14,Aigle,136.808497,62.4325855,Cyprus,1983-05-31
Africa/Maseru,1975-11-26 14:24:59,61:66:8c:12:f4:23,"Baumann, Kohler and Lanz",uz,$49.86,2018-11-09T07:39:43,Naters,22.584665,37.3489975,Madagascar,1979-05-11
Africa/Bissau,2005-03-26 07:48:06,69:cc:e8:73:bb:2c,Kuhn-Rüegg,brx,"$53,223.71",1984-08-06T01:03:46,Stäfa,-69.046355,15.899158,Senegal,1974-01-15
Indian/Mahe,2001-02-25 14:01:44,26:07:d0:33:9a:e7,Meili Ltd,my,"$4,618.53",2012-05-17T03:21:59,Zollikon,76.390850,60.993895,Paraguay,2023-09-09
Europe/Bratislava,1999-03-28 12:51:12,ad:94:40:05:03:47,Bolliger and Sons,iw,$949.47,1986-11-13T12:59:59,Glarus,161.108132,49.5735875,El Salvador,1978-07-27
Africa/Gaborone,1981-11-26 14:02:18,bf:0e:d9:3c:9a:e8,"Vogel, Hafner and Huber",hak,$4.75,1989-08-14T10:56:08,Worb,40.373272,69.5488225,Afghanistan,1977-03-01
Africa/Abidjan,1993-05-21 21:07:33,ca:6c:10:80:fa:f7,Müller and Sons,crh,"$9,887.08",1993-10-15T14:40:02,Versoix,-68.170993,63.208817,Qatar,2013-03-10
Asia/Shanghai,1985-11-19 04:38:00,06:81:74:f9:dc:48,"Studer, Hofmann and Hofer",kn,$421.75,1970-01-01T20:23:32,Einsiedeln,-106.895020,89.687423,Togo,2017-04-09
Europe/Monaco,1970-11-15 00:17:42,f7:8f:f6:11:84:0d,Giger-Kunz,so,$9.35,2010-06-24T03:03:28,Lutry,61.227833,1.401950,Norway,2013-01-13
Pacific/Port_Moresby,1971-09-10 21:10:44,21:58:f3:8c:98:8b,Bader Ltd,crh,$892.94,2009-02-14T10:55:23,Neuhausen,-154.721096,-56.428621,Uzbekistan,2013-09-08
Africa/Johannesburg,2016-07-11 06:38:46,f5:41:63:90:8b:4f,"Braun, Meyer and Gloor",om,$70.68,1999-09-30T18:54:57,Plan-les-Ouates,-81.418648,61.072281,Iceland,1992-01-19
Asia/Singapore,1989-02-08 23:11:32,cf:ac:45:b3:68:ea,"Geiger, Schwarz and Peter",yi,$236.53,2013-02-19T12:44:57,Payerne,-140.023240,-54.886673,Andorra,2017-01-03
Atlantic/Azores,1985-10-07 06:14:17,08:cb:bf:29:ff:9c,Bianchi-Steinmann,eu,"$89,860.52",1988-04-27T02:14:16,Chêne-Bougeries,-160.999056,19.027120,Germany,2004-06-27
Europe/Sofia,1976-03-15 10:06:51,66:77:79:ef:52:3a,Bachmann Inc,ak,$454.30,1970-07-08T11:56:54,Sarnen,79.499539,43.1427295,Comoros,2014-09-28
Europe/Rome,1983-08-07 12:56:44,4e:22:85:00:b0:a2,"Bühlmann, Suter and Schuler",pl,$791.26,1970-05-12T05:32:33,Illnau-Effretikon,171.653887,-62.3475455,Honduras,2021-04-13
Asia/Aden,2010-10-31 23:53:10,f2:c9:20:a5:1f:6a,"Vogt, Stadelmann and Winkler",mi,$52.05,1998-12-21T15:01:42,Schwyz,175.156707,-24.8996285,Canada,1974-01-01
Africa/Lome,1973-10-11 03:36:44,bf:12:d5:c2:a1:bc,Hasler PLC,cmn,$6.55,2017-10-10T21:09:39,Grenchen,111.564351,59.0875185,Bolivia,2000-11-21
Europe/Kaliningrad,2003-10-11 23:17:44,eb:16:8c:9c:a1:01,"Mettler, Pfister and Zollinger",lv,$34.01,1988-05-25T01:41:08,Monthey,35.218177,53.694222,Uzbekistan,2002-11-25
Asia/Kuala_Lumpur,2020-08-06 13:38:18,d0:1e:20:e5:63:1f,Senn Group,ln,"$2,921.90",1980-11-15T01:19:41,Steinhausen,-35.760724,54.915250,Seychelles,1994-07-20
America/Port_of_Spain,1992-06-24 14:06:34,66:2a:9c:55:e3:80,"Leu, Hürlimann and Hunziker",doi,$182.01,1996-09-06T21:21:27,Volketswil,51.416640,69.694418,Malaysia,2014-07-22
Africa/Conakry,2018-04-17 02:52:26,7f:b0:3d:7b:ae:3d,Moser and Sons,si,$141.36,2002-02-07T05:34:51,Wallisellen,-5.562121,39.2194095,Palau,2016-03-25
Asia/Karachi,2002-01-08 15:57:40,11:d3:b1:9e:2c:53,"Seiler, Weber and Schlatter",fo,$90.17,1972-07-08T12:25:58,Wettingen,-76.818104,-37.617140,Lithuania,2016-12-07
Asia/Pyongyang,2020-12-20 14:42:47,1e:ee:38:9f:22:72,Ammann-Scheidegger,os,"$8,192.83",1990-10-31T15:40:09,Hinwil,99.373003,16.4241375,Kyrgyzstan,2011-01-18
Africa/Lubumbashi,2008-11-10 07:51:08,ac:f3:47:e4:6a:cd,Mettler Inc,mt,"$8,359.34",1978-11-11T09:59:03,Oberwil,125.312971,-10.2937225,Republic of the Congo,1987-11-26
Africa/Douala,2009-04-10 08:27:41,9a:15:b1:ab:b0:6f,Meili-Stauffer,gez,$595.77,1994-08-23T13:37:08,Crans-Montana,114.330673,12.421307,Chile,2005-07-03
Pacific/Kosrae,1987-10-29 21:14:30,4c:02:2e:d2:34:54,"Berger, Wüthrich and Lutz",rw,$24.78,1987-10-04T03:38:18,Wetzikon,60.966256,-59.388957,Croatia,2008-09-14
Europe/Monaco,1976-07-26 03:10:53,7f:19:64:31:2a:9e,Walter Group,nn,$31.28,2017-02-06T14:20:05,Val-de-Travers,109.316818,27.1075245,Thailand,1998-06-18
Europe/Vilnius,2015-02-06 03:23:29,30:b6:8f:e6:92:f5,Bachmann-Brunner,fr,"$3,690.64",2008-06-30T09:27:23,Sarnen,178.105980,-61.5647625,Hungary,2007-08-24
Africa/Accra,1976-01-04 06:11:02,6f:b5:c1:54:12:ae,Müller Ltd,ve,$5.20,1983-02-15T04:32:01,Pully,60.720339,19.2330965,Afghanistan,2020-10-05
Africa/Porto-Novo,2022-06-10 09:14:03,2b:39:d5:f3:7a:f3,Schwarz-Stettler,sq,"$4,897.25",1987-01-03T12:23:36,Rüti,98.894003,-31.247056,Colombia,2001-09-21
Africa/Niamey,2001-03-15 01:26:32,4c:9f:42:98:48:02,Bühler-Wettstein,km,$7.26,2006-01-14T05:16:51,Arbon,-160.247015,-86.3075745,Honduras,1975-02-27
Pacific/Galapagos,1970-01-14 14:09:39,9b:97:10:ad:9d:82,Grob Ltd,fur,"$38,273.45",2011-10-05T07:09:57,Emmen,-156.480192,-32.243833,Montenegro,2013-07-02
Africa/Bamako,1992-10-29 05:44:49,76:17:46:42:04:c3,Favre-Merz,or,"$23,491.13",1993-01-22T01:09:08,Lausanne,105.697716,-56.7235755,Argentina,1995-02-20
America/St_Vincent,1991-07-13 15:03:20,0c:34:cb:b2:25:ed,"Hotz, Mäder and Schaller",ayc,$69.25,1987-07-27T04:03:19,Morges,12.694594,14.464449,Namibia,1994-03-17
Indian/Antananarivo,1976-04-27 22:49:07,bc:9d:8a:30:75:bd,Gasser-Imhof,ps,"$39,619.59",2008-02-23T21:19:46,Bulle,-92.568966,-60.6644165,Grenada,2022-10-05
Africa/Harare,2017-07-11 22:16:00,e3:60:d0:5b:63:4b,Hofmann-Thommen,nl,"$2,495.95",1975-08-18T02:24:21,Sursee,-96.866939,-69.981244,Venezuela,1991-06-27
America/Port_of_Spain,1989-05-21 04:49:19,b0:1c:0d:45:e0:91,Winkler LLC,cv,$3.57,2022-11-01T15:47:26,Lyss,-29.952702,-75.640606,Israel,2007-12-16
Asia/Amman,2012-12-22 15:17:42,11:85:0a:bd:bb:1e,Hofer-Zehnder,bem,$204.93,1997-04-21T06:42:45,Ittigen,19.458168,40.2636865,San Marino,2013-07-21
Indian/Mahe,1989-06-25 02:47:28,b1:e6:5e:45:c2:e7,Graf-Fuchs,wae,"$5,069.96",2002-06-24T17:54:24,La Chaux-de-Fonds,13.020926,46.576546,Finland,1998-01-08
Europe/Malta,2010-05-01 15:04:42,66:0e:2f:82:70:a6,Schneider and Sons,ayc,$20.15,2006-06-03T21:35:12,Binningen,-123.719961,53.360353,Malaysia,2001-03-06
America/Grenada,2006-08-17 22:31:22,ef:6c:1a:61:31:23,Leunberger-Lüscher,eu,$74.04,1990-07-26T21:52:24,Schaffhausen,-110.660188,-9.232477,Federated States of Micronesia,1996-02-05
Asia/Singapore,1978-05-19 17:19:27,c6:f0:df:b5:c0:2f,Gerber and Sons,pl,"$5,746.79",1997-10-11T01:16:05,Zollikon,113.039520,-14.6541405,Afghanistan,1982-01-04
Europe/Sarajevo,2013-10-25 19:50:44,77:15:62:5c:90:ee,"Arnold, Hodel and Schumacher",csb,$51.21,1996-08-06T20:48:24,Baden,-130.191442,-34.867677,Philippines,2001-11-27
Africa/Brazzaville,2014-07-08 20:49:10,00:2e:ae:71:88:b9,Leu Group,tg,$6.17,1987-07-03T12:06:02,Richterswil,-129.564807,-21.9607365,Portugal,1976-05-02
Europe/Paris,2010-06-25 13:34:04,77:1a:14:8c:28:61,Tobler-Kern,hy,"$1,432.92",2008-11-11T22:50:56,Yverdon-les-Bains,106.763235,57.951988,Turkmenistan,2007-07-20
Asia/Seoul,1974-06-18 23:42:06,31:94:cd:8c:fd:1e,Schuler-Küng,an,"$36,188.14",1990-12-27T08:54:09,Renens,168.353395,10.651983,Tuvalu,1977-12-20
Africa/Asmera,1998-07-22 20:02:16,21:10:ae:b9:c1:ca,Gross Group,wa,"$49,245.44",2009-09-08T07:32:56,Arth,-143.761113,-53.135024,Palau,2014-03-05
Africa/Libreville,2016-07-29 02:16:40,e8:27:ee:84:a5:90,Lanz-Wehrli,yi,$973.91,2015-10-12T09:25:43,La Tour-de-Peilz,33.526672,-78.677192,Djibouti,2002-08-22
Europe/Vienna,1988-02-03 02:27:13,2b:e7:bc:01:08:3f,Tobler Group,cmn,$9.56,1995-10-10T16:10:45,Payerne,-134.322654,39.6787155,Romania,1990-04-09
Africa/Nouakchott,2021-11-08 14:17:43,67:f4:d6:1e:1e:ef,Walter Inc,bo,$7.38,1983-11-04T01:32:44,Genf,128.758625,3.840965,United States,1993-12-31
Europe/Uzhgorod,1977-02-21 00:00:00,00:74:d0:b4:07:a6,Wenger-Weber,kk,"$4,755.25",2013-06-16T14:16:03,Mendrisio,-162.529601,87.745983,Latvia,1992-02-29
Africa/Dakar,1988-10-15 14:23:42,c9:b4:f8:ef:ec:8e,"Schaller, Braun and Müller",ve,$58.62,2004-05-13T22:09:53,Amriswil,101.286554,80.7487035,Swaziland,2018-01-04
Asia/Phnom_Penh,2017-10-04 15:54:53,a0:e7:70:b7:4e:1e,"Gut, Käser and Wolf",bo,$969.50,2003-05-16T05:00:40,Küssnacht,-13.293214,58.1217955,Kuwait,2018-09-04
Europe/Chisinau,1990-05-09 17:22:01,27:59:0a:90:fa:a8,Sigrist-Jäggi,lb,"$97,891.84",2007-04-19T15:02:29,Le Grand-Saconnex,97.837202,75.0570335,North Macedonia,1976-12-21
Europe/Zagreb,2015-06-03 20:27:44,01:55:39:38:fa:e5,Felber Inc,el,$3.64,1975-12-12T00:22:27,Zug,-26.329931,-60.5978785,Germany,1984-06-14
Asia/Taipei,2004-09-26 13:04:32,13:a0:7a:3c:6a:59,Wagner-Portmann,id,"$5,836.16",1987-08-17T23:33:37,Freienbach,110.706685,26.299938,Denmark,1973-06-05
Asia/Phnom_Penh,1971-02-07 09:01:26,be:68:77:89:07:78,"Berger, Schmid and Bernasconi",szl,"$94,676.70",2015-07-10T19:03:36,Rüti,26.911301,48.1964855,United Kingdom,1992-05-12
America/Havana,1975-06-27 15:37:20,ec:25:b3:30:3c:ea,Sigrist-Schumacher,zh,"$29,389.59",2016-03-18T16:54:26,Küsnacht,-150.151113,64.605465,Monaco,1999-07-16
Africa/Lagos,1971-10-19 07:50:26,e5:2a:a9:a4:76:30,Ackermann-Staub,os,"$81,455.99",2010-03-19T05:48:06,Rapperswil-Jona,170.432375,87.807550,Sierra Leone,1978-07-25
Indian/Mahe,2004-12-12 18:55:16,e3:1a:f1:b8:c3:c9,"Gut, Schenk and Frick",raj,$960.37,2004-10-30T06:31:35,Uster,-178.124062,74.495955,Denmark,1992-02-18
Africa/Freetown,1976-01-24 12:09:16,6e:d6:22:6c:dd:d8,Roos-Zollinger,ik,$291.33,2003-01-27T04:36:42,Maur,-30.052608,86.0331245,Mongolia,2012-05-19
Europe/San_Marino,1975-09-09 00:25:37,38:d9:67:5e:4b:e7,"Kälin, Stalder and Felder",tig,$179.53,2021-11-24T20:50:38,Sursee,-43.281901,49.076271,Suriname,2000-06-30
America/Paramaribo,1994-10-20 07:29:19,8a:42:7c:db:09:4e,Schaub-Steffen,ca,"$6,313.18",2001-03-10T23:58:05,Uster,-145.270798,78.6440205,Bolivia,1987-01-31
Europe/Sarajevo,1992-05-15 12:06:27,9d:e2:5a:4c:7d:69,Stocker-Stutz,hr,$6.32,1982-02-06T23:05:20,Nyon,61.391698,83.9824395,Jordan,1981-09-03
America/La_Paz,2015-08-04 06:52:56,de:65:bb:89:65:55,"Ott, Meyer and Forster",bs,$355.45,1993-09-14T19:25:24,Naters,28.321984,22.8052975,Costa Rica,1994-02-13
Europe/Madrid,2009-10-25 18:58:57,4c:cd:7a:1c:27:09,"Schumacher, Hermann and Kern",ms,"$8,901.46",2023-09-11T19:16:20,Horw,146.523711,53.998806,Zimbabwe,1974-08-12
America/Guyana,2009-05-03 21:34:24,df:09:ed:0d:4d:a9,Baur Inc,oc,$459.89,1977-01-05T07:25:32,Aarau,-116.623748,-80.802831,Kingdom of the Netherlands,2010-04-18
Asia/Hovd,1987-01-01 15:42:36,96:df:b8:27:e5:3a,"Stettler, Scheidegger and Koch",bn,$231.22,2004-12-05T15:00:29,Amriswil,-164.128913,-79.522254,Russia,1977-03-09
Europe/Vienna,2004-07-24 09:50:36,c9:99:6f:d9:ad:5c,Hasler-Käser,pt,"$2,372.13",1991-10-03T11:51:29,Zug,-97.511311,-13.4634855,India,2010-02-07
Africa/Mbabane,1987-03-23 11:58:45,1a:0f:50:86:2f:5b,Seiler Ltd,ik,"$9,745.99",1972-05-12T14:36:22,Uster,-28.671607,35.187800,Madagascar,1986-11-30
Asia/Singapore,2018-06-11 02:48:48,3e:6f:2e:93:da:bb,Fuchs-Steinmann,sid,"$6,377.43",2000-08-06T20:27:56,Payerne,-2.046936,-9.3814005,Cuba,1992-04-21
Europe/Warsaw,1993-08-11 12:27:46,a8:e4:c7:f0:1e:de,"Wegmann, Lang and Graf",lg,$964.28,2008-04-25T08:03:34,Wädenswil,-136.632663,-20.459922,Belarus,1999-01-13
Pacific/Guadalcanal,1985-06-29 21:48:22,db:59:27:1b:a3:1e,"Schärer, Steffen and Eugster",sl,"$1,270.85",2005-12-14T16:55:42,Schwyz,-69.605631,-65.0342665,Uganda,1986-08-16
Pacific/Kiritimati,2020-08-15 13:16:12,20:69:63:63:fa:8e,Frick-Hess,hy,$749.53,1995-05-30T12:08:51,Rüti,-103.269870,-47.3985635,Seychelles,1979-08-17
Europe/London,1988-08-05 15:00:08,af:5f:34:06:b9:76,Bühler Group,lo,$11.60,1976-08-25T08:59:45,Vernier,48.047124,27.720533,Cape Verde,2012-07-06
Europe/Helsinki,1997-12-16 23:08:25,b0:1e:ce:8e:d3:d8,Fuchs and Sons,ku,"$6,819.07",1974-02-20T18:58:28,St. Gallen,28.457455,-68.505190,Bhutan,1975-02-08
Africa/Porto-Novo,1999-11-09 10:37:50,5f:29:31:6a:ce:22,Wagner-Blaser,mg,$13.31,1973-09-26T23:41:57,Küssnacht,-96.778491,23.504342,Zimbabwe,2014-05-24
Europe/Sofia,1993-12-01 00:47:56,ca:d8:67:cd:82:ee,"Kohler, Schenk and Frick",tg,$36.48,1996-09-23T08:19:44,Onex,15.754486,-40.957542,Montenegro,1984-12-27
Asia/Jakarta,1988-09-24 23:05:51,3f:92:58:1d:5d:c6,Blaser LLC,mag,"$34,679.60",1998-07-30T12:12:08,Onex,67.477421,65.217512,Grenada,2002-09-20
Asia/Bangkok,1996-07-16 12:12:32,fe:2d:52:16:38:34,"Lehmann, Stadelmann and Michel",bg,$905.69,1983-03-13T08:30:51,Locarno,-142.016059,-39.041414,Slovenia,2022-05-04
America/Guayaquil,1974-03-16 15:29:43,8f:6c:79:bf:d9:58,"Geiger, Christen and Betschart",eu,"$5,963.56",1977-07-08T13:41:09,Kriens,-20.928715,44.452825,United States,2007-07-28
Africa/Ndjamena,1976-03-21 12:54:19,f4:a6:01:0a:cb:e2,"Bolliger, Seiler and Tobler",tr,"$1,443.29",1983-04-24T18:49:52,Bulle,46.437841,25.5378425,Paraguay,1993-06-06
Europe/Monaco,1999-06-24 21:33:35,11:ea:c8:92:d5:5d,Baur-Imhof,mni,$413.49,2020-10-03T02:49:21,Ecublens,128.966899,1.484995,Zimbabwe,1996-03-04
Atlantic/Reykjavik,1971-05-11 00:58:00,ee:5b:24:df:af:d0,Pfister-Kuhn,szl,$37.87,2017-09-05T02:06:40,Münchenstein,-66.905060,49.9294445,Singapore,1989-05-21
Africa/Accra,1989-10-06 18:52:32,9b:b1:c8:dd:44:a0,"Geiger, Weibel and Schürch",mhr,"$48,472.77",2018-09-27T06:18:56,Rüti,35.545727,-50.428952,Switzerland,1993-12-28
Europe/Andorra,1993-11-01 20:49:34,ae:34:3c:aa:a0:d6,Kaiser-Zingg,nn,"$3,879.17",1970-08-29T06:46:57,Thônex,-162.562689,27.482320,Venezuela,1978-05-01
America/Asuncion,2021-08-11 18:45:40,0e:e6:26:12:ac:c9,Brunner-Hofstetter,ts,"$9,479.73",1993-01-30T17:04:45,Frauenfeld,-53.704224,44.4890015,Saudi Arabia,2005-12-19
Africa/Bujumbura,2014-01-31 01:45:44,11:d5:b9:0d:ac:84,"Ernst, Walter and Maier",ia,$88.99,1999-10-05T07:42:51,Pratteln,84.951518,29.2234205,Chad,2009-12-12
Asia/Dushanbe,1984-11-25 13:07:18,ac:94:da:c0:df:2c,Schneider LLC,hne,$83.80,2003-05-18T22:34:39,Kloten,-139.848590,-82.5307865,Germany,1970-05-25
Africa/Lome,1996-11-18 09:11:13,62:39:34:c8:8a:46,"Maier, Schwab and Ferrari",lzh,"$1,721.30",2000-03-19T10:51:49,Genf,93.873008,24.210403,Central African Republic,1972-04-20
America/Tegucigalpa,2008-02-12 09:10:24,0a:af:29:dd:8a:bc,"Marti, Lutz and Bauer",gu,"$76,801.15",1992-01-06T23:55:21,Steinhausen,136.357346,63.306442,Republic of the Congo,1991-07-24
Europe/Vaduz,2015-01-24 20:56:15,37:57:f0:d0:5f:dd,Meister Group,ne,"$2,462.68",1972-02-11T04:57:40,Locarno,-62.926800,-9.709819,Sweden,1979-02-24
Africa/Bujumbura,1994-01-13 08:33:54,0d:90:fd:6e:a5:23,Lehmann Ltd,bn,$748.94,1977-04-16T14:26:03,Wädenswil,-148.172254,1.262087,Australia,2002-08-08
Asia/Saigon,1991-01-20 21:25:08,d5:4b:79:a3:79:f7,Bianchi Group,szl,$15.91,1975-12-22T23:57:24,Meilen,119.510444,9.225574,Seychelles,1995-07-10
Atlantic/Cape_Verde,1994-01-14 13:21:00,42:6b:84:3c:ef:19,Mäder-Zbinden,gd,$501.43,1997-04-27T02:27:41,Reinach,51.002411,-66.8444235,Antigua and Barbuda,2006-09-11
Europe/Athens,2016-09-14 04:19:23,11:0f:a8:28:2f:11,Zehnder-Steiner,xh,"$65,079.39",2020-07-08T03:48:54,Schaffhausen,-10.431534,-64.3499745,Seychelles,1983-06-28
Asia/Amman,1986-07-23 09:08:16,de:aa:d8:da:48:13,Stutz-Felder,ln,$390.61,1976-10-21T03:26:10,Cham,175.493205,-30.3710235,Tanzania,2018-02-14
Africa/Porto-Novo,2019-10-06 16:23:45,6f:5c:a9:98:42:df,Hoffmann Group,unm,$65.67,1999-01-10T21:31:35,Sitten,-79.074564,84.0785225,Bahamas,1989-11-17
Africa/Kinshasa,1991-08-22 23:14:03,8b:ae:71:61:9f:8a,Blaser-Schweizer,bho,$30.30,2010-01-31T18:39:41,Meilen,75.839039,73.4874715,North Macedonia,2002-11-05
America/Santiago,2002-08-10 17:56:19,87:17:4b:8d:97:5f,Widmer-Huber,xh,$2.75,1998-03-24T02:59:05,Thun,-164.855465,86.322369,Egypt,2002-09-22
Pacific/Tongatapu,1992-07-16 03:01:50,52:a7:05:29:50:3e,Bianchi-Schweizer,ky,$116.78,2003-07-02T13:00:02,Biel/Bienne,-108.151468,27.512541,Myanmar,1992-07-02
Asia/Colombo,1990-11-07 05:45:52,03:27:ad:46:5c:0f,Vogel-Leunberger,unm,"$18,449.54",2022-10-07T06:32:34,Schaffhausen,42.582959,-40.7430875,Slovakia,2012-05-16
Africa/Monrovia,1977-12-31 17:23:36,1e:ca:d5:08:21:d4,Bucher Group,kok,"$37,478.24",2005-05-20T00:51:26,Payerne,-66.558299,12.736831,Sri Lanka,2021-11-17
Asia/Tehran,1981-09-14 16:06:56,d5:4f:da:fe:c5:d0,Sigrist Ltd,ar,"$5,940.57",2009-05-19T02:04:53,Romanshorn,141.428233,74.8184615,Cuba,2016-04-06
Asia/Dubai,1984-05-31 21:24:39,3a:25:c2:44:31:6c,Schwab-Studer,xh,$861.32,1996-12-04T03:56:20,Zug,133.854479,54.561184,Kyrgyzstan,1984-10-01
America/Caracas,1972-11-01 06:53:25,42:26:4c:22:07:5d,"Spörri, Hürlimann and Steiner",tg,$42.02,1993-10-05T22:19:15,Dübendorf,43.100509,-15.804438,Cuba,2011-06-08
Africa/Lusaka,2012-07-17 10:56:56,44:2e:9c:af:2d:31,"Spörri, Fuchs and Blum",wo,"$85,032.47",2003-06-23T06:06:43,Aarau,-158.800920,38.966177,Uganda,2000-10-02
America/Merida,1988-10-07 17:26:49,2a:d6:9c:98:eb:de,Betschart Group,sr,$5.87,2016-04-12T18:49:06,Bassersdorf,-66.871862,38.6766415,Ukraine,2016-03-08
Atlantic/Reykjavik,1999-12-17 19:03:14,ca:8c:81:e4:17:90,"Ernst, Favre and Bianchi",ta,$875.44,1983-08-06T08:00:04,Bassersdorf,-159.397716,-42.929870,Denmark,1971-01-09
Europe/Brussels,2012-07-25 04:38:15,d0:94:c3:b5:e5:be,"Hug, Lehmann and Fehr",xh,"$61,967.33",2008-04-30T12:12:40,Cham,64.497014,-30.7948895,Morocco,2016-01-18
America/New_York,1992-02-03 04:38:06,96:64:53:fa:5b:ef,Wenger Group,ku,"$2,402.37",2018-02-04T20:40:23,Zürich,-34.134116,46.418818,Croatia,2018-06-29
Asia/Bangkok,1993-10-01 09:02:32,db:6a:16:9b:74:6a,Kessler and Sons,byn,$5.72,2000-11-22T12:01:14,Schwyz,47.008014,-41.159270,Maldives,1976-06-27
Asia/Pyongyang,1992-10-29 18:06:02,18:78:ab:99:5d:44,"Schwarz, Bucher and Jenni",mt,"$2,721.45",2016-08-15T22:36:34,Sarnen,-152.443780,66.915697,Kingdom of the Netherlands,1999-07-12
America/Dominica,2015-03-26 04:22:02,2e:63:d0:4f:74:49,Wehrli-Albrecht,gl,"$68,245.02",2003-03-26T16:18:55,Bellinzona,84.203253,-50.2192535,Nauru,2023-05-31
Europe/Berlin,1978-03-15 04:09:04,ee:4d:7d:68:18:4b,Schlatter Ltd,kw,"$95,158.18",2008-04-17T17:25:16,Veyrier,87.233631,11.022303,Bangladesh,1997-11-09
America/St_Kitts,1981-06-30 11:49:44,04:d1:80:4d:0b:49,"Ferrari, Bader and Leu",ckb,$56.36,2004-06-26T21:01:31,Zollikofen,136.267380,-58.390174,Marshall Islands,1979-06-22
Europe/Prague,2000-08-06 23:05:25,28:28:2a:fb:01:c0,"Lüscher, Lüscher and Schäfer",ss,"$7,235.74",1978-08-27T23:23:37,Nyon,106.722601,30.014607,Vietnam,2015-04-08
Africa/Ndjamena,1983-09-23 14:52:48,9a:a2:59:96:21:00,"Blum, Schoch and Gut",nn,"$89,230.65",2005-03-23T09:14:42,Burgdorf,70.672496,-57.6785175,Mauritania,1974-10-26
Europe/Tirane,1985-03-22 15:51:13,47:bc:19:e9:7d:00,Kohler-Hermann,cv,$329.03,2011-08-14T20:26:33,Wallisellen,53.032248,-37.2722855,Serbia,2018-02-03
Europe/Minsk,1971-03-26 13:22:08,05:e5:a4:c9:7e:8e,Peter-Gut,hu,$37.14,2010-08-27T06:43:02,Naters,81.730722,-86.0160325,Guatemala,2012-02-28
Europe/Prague,2006-05-26 19:08:24,94:4b:02:e6:58:25,"Stettler, Bieri and Hirt",nan,$27.97,2012-03-28T03:10:57,Payerne,-103.591742,-5.639288,Tajikistan,2021-04-17
Africa/Freetown,2007-01-10 08:11:42,e8:2b:84:5a:84:7b,"Tanner, Giger and Zimmermann",sd,$0.33,1989-11-25T00:34:02,Münchenbuchsee,74.080173,-61.719249,Costa Rica,1971-10-08
Asia/Gaza,2023-02-13 19:41:42,32:cc:f1:9c:31:f9,Stettler-Grob,tl,$458.63,2007-02-28T01:28:51,Zug,-109.882625,-44.4262475,Zimbabwe,2006-03-22
Africa/Accra,1988-10-30 20:43:25,b3:1d:98:16:82:c4,Zollinger-Spörri,ce,"$1,395.76",1989-09-30T02:28:17,Lutry,113.091743,11.055159,Mauritius,1990-12-11
Pacific/Chatham,2012-01-16 13:53:55,04:34:7a:bb:5f:b5,Hoffmann Inc,wae,"$28,239.01",2000-09-21T09:14:40,Wädenswil,175.652212,54.168159,Cyprus,1977-02-16
Africa/Mbabane,1979-05-21 23:52:07,49:19:68:47:89:9c,Frei-Kuhn,hak,$2.27,1983-08-13T15:04:55,Villars-sur-Glâne,-94.528983,82.1735765,Sri Lanka,1996-10-17
Europe/Monaco,2012-09-28 23:26:10,e1:b3:b8:44:8e:06,Geiger Inc,da,$1.56,1970-06-11T01:33:38,Belp,50.219616,-72.469770,Austria,1989-02-17
America/Bahia,1971-04-07 01:55:32,45:68:13:87:39:04,Schäfer LLC,tn,$97.23,2020-06-26T02:40:05,Küssnacht,-30.447829,-21.978828,Hungary,1996-07-16
Europe/Stockholm,2007-02-02 18:50:28,da:ae:0c:9f:38:2b,Frick-Näf,hsb,$20.12,2008-08-20T15:02:48,Baden,-120.980195,36.5494225,Burundi,2023-06-05
Indian/Mauritius,2017-02-09 04:49:02,7c:03:2e:24:da:be,"Schuler, Beck and Ernst",gl,$0.13,1978-04-11T11:39:19,Aesch,122.750017,-72.4318225,Namibia,1993-09-12
Asia/Taipei,2004-09-06 03:51:52,b2:89:bc:64:3f:6b,"Vogel, Bader and Walter",be,"$43,211.42",2005-03-11T14:22:17,Risch,-112.204356,-33.0755105,Papua New Guinea,2002-01-27
Europe/Rome,2018-09-09 10:11:56,55:cd:94:85:8e:50,Wehrli-Felber,et,"$37,993.96",2022-03-12T15:49:56,Arbon,-31.329092,2.9326535,Moldova,1996-08-06
Europe/Kiev,1977-05-18 12:34:16,a0:91:5b:f5:1c:27,"Sidler, Schneider and Felber",en,"$9,855.79",1999-02-19T06:49:01,Morges,-59.056406,-86.714095,Slovenia,1999-08-06
Africa/Johannesburg,1994-08-07 07:57:12,5d:f6:11:28:f6:30,Knecht-Schwab,mn,$517.68,1979-01-02T14:31:06,Zollikofen,83.854762,30.934713,Uruguay,2002-01-13
Europe/Copenhagen,2021-05-26 11:44:12,82:b7:bc:b3:c2:fc,Meyer-Brun,lg,$94.58,1982-12-08T08:27:44,Möhlin,-13.359307,87.1538185,Cambodia,2020-06-22
Africa/Asmera,2020-12-19 17:57:06,b6:36:9c:78:a7:cd,"Bianchi, Egli and Berger",mr,"$3,348.80",2010-12-16T06:13:19,Siders,-116.868533,50.2453385,New Zealand,1989-08-03
Asia/Kabul,2009-06-27 17:51:32,27:a1:db:f5:02:f1,"Hauser, Huber and Jenni",is,$247.53,1990-05-24T06:42:04,Allschwil,-149.499430,-32.7491005,Pakistan,2000-10-02
America/Santiago,1973-08-02 00:49:28,21:36:93:f2:45:fd,Häfliger-Haas,csb,"$3,910.24",2014-06-06T07:18:24,Birsfelden,178.238972,68.1503605,South Africa,2002-02-19
Africa/Algiers,1996-09-25 13:23:10,de:fa:ee:84:94:30,Stucki LLC,sv,$522.13,1980-12-27T19:40:29,Solothurn,-101.983155,-76.3685915,El Salvador,2004-06-23
Europe/Tallinn,2000-06-14 04:01:42,27:3f:4a:68:53:5b,Kaufmann LLC,id,"$21,691.61",2005-01-16T03:57:34,Binningen,-70.075716,-15.553931,Democratic Republic of the Congo,1989-11-10
Africa/Bujumbura,1971-07-26 21:38:55,ac:d3:87:45:0e:7b,"Ernst, Zollinger and Baur",lb,"$19,010.92",2018-11-28T00:35:25,Steinhausen,106.491500,34.776934,Poland,1979-07-11
Asia/Urumqi,1972-11-06 22:34:36,94:a3:ba:3e:cf:88,"Wüthrich, Haas and Amrein",sk,$132.53,2011-10-28T11:32:05,Gossau,-123.888653,-62.472332,Jordan,1990-04-22
Pacific/Nauru,2014-10-10 07:45:04,4a:f2:b4:46:c8:54,"Sidler, Wirz and Maurer",an,$359.75,1975-01-02T15:03:00,Kriens,-83.467251,12.0820855,Federated States of Micronesia,1988-12-05
Africa/Mogadishu,1992-06-10 13:29:27,b7:0d:bd:c3:e1:d2,Bauer-Tobler,gl,"$3,377.16",1970-12-05T10:02:49,Oftringen,-109.340076,76.007377,Belgium,1986-07-14
Asia/Nicosia,2009-04-26 23:25:17,19:ff:82:0e:4b:ee,"Zbinden, Forster and Roos",unm,$4.02,1976-06-23T02:34:19,Münchenbuchsee,-12.487374,16.6468135,Russia,2019-07-20
America/Managua,2021-04-13 13:44:25,20:6f:d3:0f:44:54,Sidler-Friedli,my,$145.67,2017-07-06T00:39:00,Nyon,73.374417,48.976496,Cuba,2012-04-29
Europe/Chisinau,1994-09-10 13:01:07,14:4b:10:91:ce:19,Gfeller-Bühler,ne,"$47,659.29",1989-01-26T06:41:20,Wetzikon,177.765588,11.2023315,Somalia,2006-07-02
Africa/Kinshasa,2002-03-02 00:36:36,ad:06:c4:3b:91:ae,Ott and Sons,be,"$33,320.13",2000-02-15T12:55:08,Zürich,92.640604,48.005266,CÃ´te d'Ivoire,1991-10-20
Asia/Vientiane,1988-09-05 07:05:03,dc:a0:6a:e2:c1:b0,Gasser Group,es,$96.06,1983-10-01T21:35:23,Wetzikon,-95.562835,77.9305925,Uruguay,1999-09-18
Europe/Lisbon,1999-02-22 17:43:18,5a:51:89:10:0f:44,Lutz-Giger,nl,$8.93,1997-02-19T13:44:42,Einsiedeln,-15.803324,56.426547,Japan,1974-01-23
America/Indiana/Petersburg,1997-12-13 23:47:29,90:ab:e5:81:c5:19,"Rey, Stettler and Schenk",sa,"$75,470.09",1988-01-08T20:13:52,Küssnacht,-4.917906,2.7094665,Brazil,1990-08-28
Europe/Andorra,2016-01-18 14:11:45,03:4e:5a:7c:95:ea,Haas Inc,da,$85.53,2014-08-09T07:09:00,Vevey,140.649496,-35.6341495,Saint Kitts and Nevis,1986-04-22
Africa/Conakry,1985-07-04 23:41:18,fe:b7:6c:bd:bd:48,Frey-Schoch,ayc,$64.12,2012-01-18T11:13:13,Thalwil,42.319190,-15.555446,Brazil,2019-12-15
America/Anchorage,1991-10-16 18:12:23,7d:62:26:c0:90:86,Grob Ltd,nso,$30.15,2017-02-06T04:26:29,Kreuzlingen,-54.966751,64.9125405,Niger,1981-03-04
Europe/San_Marino,1981-09-18 00:02:12,ff:c3:83:38:63:fa,Probst-Jenni,fil,$4.23,2023-01-04T06:02:20,Glarus,-157.095621,36.8456745,Bangladesh,2017-02-10
Africa/Mbabane,1999-07-23 03:53:05,7e:e4:08:57:be:ca,Gasser-Flückiger,nr,$7.39,2017-11-19T12:54:15,Hinwil,-41.416601,83.6715115,Venezuela,1980-10-07
Europe/Istanbul,1996-02-05 09:02:21,16:f6:59:7b:65:d5,Blum-Hafner,ug,"$44,982.89",1997-08-12T21:48:00,Bern,-155.211602,0.8004815,Zimbabwe,1990-08-03
Europe/Riga,1987-12-12 04:44:57,df:85:29:5b:e5:33,"Jäggi, Braun and Stutz",mag,$9.25,1986-02-13T01:31:01,Aesch,-28.373801,57.455973,Germany,1982-10-13
Asia/Muscat,1986-10-09 22:30:32,55:25:89:2a:04:79,"Schumacher, Herzog and Kaufmann",sid,"$92,731.30",1997-10-16T05:09:28,Allschwil,177.538658,7.340602,Slovakia,2010-11-09
Europe/Helsinki,1978-03-28 20:49:24,02:26:b8:a6:ee:78,Schwarz-Ziegler,brx,$6.73,1998-04-11T01:53:52,Grenchen,-107.865469,48.7830245,Armenia,1972-09-08
America/Nassau,2012-11-27 04:06:21,1c:68:67:27:89:30,Wegmann Inc,tt,"$55,852.52",1971-06-19T00:42:28,Kriens,142.020573,40.413340,Republic of Ireland,2013-07-12
Africa/Johannesburg,2008-10-23 14:13:42,40:7e:0d:c0:e7:58,Schneider Inc,hi,"$3,551.08",1980-12-05T18:45:57,Vernier,-29.788290,68.828461,People's Republic of China,1981-02-03
Africa/Douala,2009-06-29 04:03:10,ad:fd:72:03:9f:88,Schenk LLC,hak,"$87,724.69",2012-08-15T04:18:32,Cham,-54.260714,83.546546,Taiwan,1989-08-02
Asia/Manila,2004-12-12 05:00:41,60:53:09:d5:c0:f7,Lüthi-Brun,dv,$977.62,1997-08-14T10:17:05,Arth,89.091501,18.109853,Luxembourg,1990-07-17
Asia/Singapore,1997-12-09 00:25:40,06:d1:4e:6a:e0:9c,Schmid-Gut,si,"$2,397.51",1975-05-09T21:57:27,Arth,-68.108691,-12.414286,Pakistan,2015-03-05
Europe/Bucharest,1974-05-01 16:26:20,a4:8f:0f:9e:dd:8e,Maier and Sons,uz,"$8,970.17",1992-04-17T19:32:16,Plan-les-Ouates,59.480471,-14.307630,El Salvador,2021-10-31
Asia/Baku,2006-05-01 21:45:16,7b:ef:f6:eb:8f:b8,"Meister, Furrer and Wirth",ms,"$8,427.12",1981-02-09T20:34:10,Horgen,26.224159,6.9236175,East Timor,2019-05-06
Asia/Riyadh,2001-05-16 00:05:50,de:71:4b:12:09:ce,"Maurer, Weibel and Schär",ja,$381.31,2021-05-07T04:29:10,Gossau,-60.967235,-72.887044,Federated States of Micronesia,2016-03-08
America/Argentina/Mendoza,1994-03-14 08:10:09,32:d9:c6:2b:d5:76,"Burri, Stadelmann and Felder",ak,$964.56,1984-12-01T16:37:38,Hinwil,49.980841,-43.9627305,Chile,1978-01-10
Africa/Algiers,2012-10-06 02:41:38,b4:cb:d4:8f:55:69,Wettstein Ltd,fa,$9.70,1987-11-06T10:15:21,Einsiedeln,75.891281,-34.2900045,Taiwan,1983-10-13
America/Cancun,1986-03-12 11:36:13,80:f9:03:59:4b:b3,Lüscher-Seiler,cy,$985.51,2021-07-30T19:23:54,Carouge,88.096402,-5.5821235,Malaysia,2020-01-12
Africa/Khartoum,2022-07-19 15:42:52,c3:73:c1:00:5a:75,Lüscher-Stadelmann,mai,$13.99,1970-09-17T22:40:22,Steinhausen,-39.140624,8.7855825,Azerbaijan,1971-04-15
Africa/Harare,2016-01-23 23:24:35,8b:4b:95:f5:3b:d7,Mettler Inc,lo,$35.56,1984-05-25T16:41:36,Dübendorf,-110.766573,-2.2366745,Algeria,1992-08-29
America/Santiago,1992-08-08 08:55:04,b2:06:03:0f:2d:d3,Küng-Felder,br,$48.01,1994-04-07T14:07:03,Gossau,0.716415,35.772721,Egypt,1985-12-23
Europe/Andorra,1979-03-27 03:46:01,e2:22:8a:e7:56:4f,"Gfeller, Fuchs and Bianchi",id,$545.80,2008-08-31T10:40:44,Winterthur,-60.370487,76.3016725,Bhutan,2017-11-27
Asia/Saigon,2013-05-30 03:44:56,0f:c8:8c:15:3b:d9,"Pfister, Sigrist and Eugster",iu,$6.81,2008-09-29T14:04:52,Regensdorf,-85.893087,17.6468975,Belgium,2022-03-24
America/Dominica,2014-01-01 11:30:52,f2:d5:8e:e9:d8:18,Meister-Keller,szl,$1.76,2007-02-27T23:55:06,Altstätten,-80.997626,77.108085,Dominica,2009-01-22
Europe/Copenhagen,2007-11-01 18:00:16,db:80:08:6b:c1:78,"Roth, Kägi and Wettstein",uz,"$9,535.01",2008-06-22T13:14:32,Steinhausen,118.456898,59.5154035,United Kingdom,2006-05-27
Africa/Blantyre,2001-10-15 17:07:07,8d:e6:0c:44:af:10,Bühlmann Inc,hne,"$55,549.32",2001-02-26T19:02:16,Liestal,-74.436414,-87.2381315,Qatar,1985-11-30
Africa/Accra,1980-01-14 10:36:29,44:ad:1d:76:2c:74,"Kohler, Frei and Kaufmann",mr,$787.69,1990-01-31T10:23:57,Plan-les-Ouates,-140.447673,47.8765295,Albania,2006-01-30
Europe/Zurich,2013-03-12 05:57:51,e9:66:d4:2d:3a:9f,Meister Group,zh,"$62,837.27",1987-02-25T01:37:21,Allschwil,-0.423355,-0.281237,Uganda,1973-02-08
Europe/Vilnius,2013-10-22 07:58:20,49:04:5b:5a:c2:fd,"Huber, Gasser and Benz",niu,"$22,832.85",1988-10-05T14:18:08,Versoix,177.544740,-34.3648415,Azerbaijan,1989-11-02
Africa/Khartoum,1982-02-07 21:40:38,48:91:7c:42:e1:e0,Grob-Roth,my,"$31,286.87",1976-11-22T18:20:50,Suhr,130.548087,-87.175552,Romania,2003-09-07
Asia/Rangoon,1970-07-04 01:49:40,ed:bc:36:4b:59:c5,"Kern, Hasler and Arnold",lt,"$3,558.90",2010-12-13T09:35:33,Bülach,59.176503,36.5643625,Liechtenstein,1970-12-24
America/Antigua,1973-11-10 10:44:38,5a:e9:7f:e3:d0:30,Bianchi and Sons,gl,"$74,376.53",1992-04-23T18:38:41,La Tour-de-Peilz,-150.428998,-50.623344,Argentina,1999-09-28
Asia/Aden,1980-12-16 13:17:07,6e:1b:ac:bd:ff:83,"Hofmann, Zingg and Schürch",pl,$767.66,2016-09-03T14:16:24,Sarnen,74.265677,8.4397455,Madagascar,1990-01-30
Asia/Bishkek,2009-07-06 22:11:19,50:0a:25:12:43:b4,Mäder-Probst,nn,$234.03,2018-03-23T22:00:53,Plan-les-Ouates,141.867857,50.846646,Armenia,1988-04-22
Africa/Dakar,1992-07-02 08:08:10,bc:6a:d1:e6:41:6c,Grob PLC,eo,$15.15,2021-06-18T10:44:45,Hinwil,-38.043857,30.065463,Albania,1990-12-31
Africa/Monrovia,1981-11-27 22:00:26,87:13:cb:ab:53:2d,"Schürch, Frey and Gerber",so,"$8,624.79",2014-12-24T21:40:39,Langenthal,-106.861564,44.137107,Venezuela,1994-04-26
Asia/Manila,2010-03-16 00:15:24,69:2b:cc:ee:f5:35,"Schärer, Senn and Hermann",sc,$29.64,1981-06-28T09:39:12,Kriens,-135.861295,81.573292,Sri Lanka,1983-10-10
Africa/Khartoum,2017-06-26 02:20:35,3e:51:bd:94:6d:6b,"Bachmann, Häfliger and Hermann",fo,$78.39,1979-10-27T14:12:18,Vevey,71.714741,-17.219459,United Arab Emirates,2019-04-02
Asia/Aden,1987-03-30 14:34:28,2a:f3:fd:a3:96:5b,"Wirth, Fischer and Walter",mag,$1.45,1976-05-21T01:42:12,Meyrin,112.546429,-26.5775125,Indonesia,1972-03-05
Africa/Douala,2001-12-26 18:55:09,c9:04:0a:82:25:db,Grob-Fankhauser,ka,"$2,844.37",2020-04-20T04:53:31,Wettingen,-66.614746,2.912542,Moldova,1993-06-29
America/St_Lucia,1975-12-10 12:25:30,28:2f:75:c9:d3:b7,"Bühler, Albrecht and Hunziker",lij,"$9,575.60",1994-12-07T21:11:25,Suhr,-30.599600,13.5256385,Albania,2013-02-19
America/La_Paz,1979-08-08 07:13:06,e7:57:c2:93:16:68,Schenk-Staub,ce,$26.58,2004-06-25T06:51:01,Chêne-Bougeries,149.865942,78.519644,Kiribati,1990-10-29
Asia/Ashgabat,1980-09-12 22:39:56,44:7a:96:b7:55:e5,"Knecht, Häfliger and Schärer",tg,$3.90,1988-12-25T23:25:12,Schwyz,106.320811,-43.282439,Mongolia,2001-09-21
Asia/Pyongyang,1994-10-16 12:03:02,cd:83:48:ea:d6:c9,Haas-Studer,sl,$273.69,1983-11-28T10:57:44,Luzern,-45.377047,30.679998,Barbados,1979-02-07
Europe/Tirane,2004-06-09 08:54:15,56:dc:9c:46:5a:42,"Wüthrich, Studer and Lang",sr,"$7,106.41",2010-09-29T13:54:29,Steffisburg,67.550078,60.6845675,Argentina,1987-10-18
Africa/Bamako,1996-06-12 12:44:08,68:12:f5:98:a8:43,"Lüthi, Steiner and Michel",rw,$98.59,1991-08-14T12:10:07,Horw,-71.072736,-48.027056,Iran,2000-12-20
Asia/Dhaka,2012-05-01 03:31:14,da:4a:00:84:4b:a4,Suter Group,dz,$5.51,1987-02-14T03:22:04,Freiburg,-114.084195,86.780956,Solomon Islands,2008-06-25
Africa/Malabo,2006-09-13 05:59:07,ed:95:61:1b:97:38,"Hunziker, Küng and Stocker",mk,"$4,967.78",2002-03-14T06:45:39,Nyon,-63.429187,13.4928715,Bhutan,2004-06-23
Europe/Oslo,2023-04-27 21:41:01,a7:77:34:a7:b0:57,Egli-Herzog,ht,$6.32,1985-11-08T02:20:07,Lancy,-152.265883,-89.990339,Botswana,1999-01-18
Africa/Niamey,2020-10-25 12:42:18,5c:f8:47:82:8f:26,Wenger-Eichenberger,ky,$297.87,1980-11-29T02:14:03,Pully,134.857044,42.685832,Argentina,2000-06-12
Africa/Ceuta,1990-05-11 06:58:34,2f:e4:ca:78:13:65,"Hodel, Christen and Weibel",fr,$0.69,1973-05-29T19:44:05,Plan-les-Ouates,2.721614,58.3747725,Belarus,2002-05-10
Europe/London,1970-12-01 05:48:28,15:62:1f:e4:de:65,"Gloor, Rüegg and Steiger",gu,$6.73,1974-02-23T04:35:13,Adliswil,17.033675,-28.349714,Nepal,1990-09-28
Europe/Tirane,1997-08-22 18:51:45,c4:b8:73:7d:12:8f,Schaller-Flückiger,ig,"$6,467.42",1993-04-18T07:57:03,Carouge,33.114600,-84.840692,Libya,2003-11-26
Africa/Sao_Tome,2015-06-05 13:58:45,2c:d4:b8:a7:4d:e0,Kuhn Group,lv,"$4,215.28",2007-02-07T00:49:53,Münchenbuchsee,60.726359,-38.948555,Tanzania,2014-03-13
Indian/Comoro,1994-07-15 02:21:55,6c:df:94:14:69:33,Tanner-Weber,vi,"$29,264.09",2014-11-20T12:10:04,Münchenbuchsee,168.186044,-72.108019,Andorra,1974-07-06
Africa/Algiers,1975-05-25 11:32:14,4f:27:a2:0e:c6:df,"Jenni, Jost and Leu",ss,"$6,483.78",1986-01-25T22:41:25,Lutry,-56.421912,18.8021605,Guinea-Bissau,2020-07-14
Europe/Berlin,2004-04-01 01:01:02,a7:06:95:0c:ae:0c,"Schneider, Stutz and Hartmann",ik,"$5,478.04",2021-03-12T14:48:05,Brugg,26.034424,3.470449,San Marino,1982-04-26
Africa/Casablanca,1978-06-19 13:02:45,84:48:92:22:16:dd,Siegrist-Martin,is,$8.49,2005-11-09T02:58:11,Rapperswil-Jona,-54.572366,-42.420802,Ghana,2007-05-31
Asia/Dhaka,2016-10-05 11:39:03,92:d5:b2:90:19:d5,"Wehrli, Rey and Wenger",doi,$85.63,2022-11-05T11:56:07,Arth,133.695756,-5.0524255,Bolivia,2009-07-23
Asia/Thimphu,2002-10-06 08:48:34,77:b8:2c:ff:1f:69,"Portmann, Seiler and Probst",hr,$8.93,2006-01-21T13:04:24,Küsnacht,-78.516152,1.9545025,Kenya,2023-08-05
Asia/Ulaanbaatar,1972-02-01 00:56:59,f6:c1:b5:0e:65:4f,Grob-Steffen,wa,"$5,838.36",1994-10-02T21:20:53,Stäfa,154.502136,-15.537297,Andorra,1996-08-05
Europe/Paris,2019-01-04 23:54:24,d9:1a:49:e4:45:51,"Senn, Staub and Friedli",ig,$6.41,2023-01-30T10:07:49,Wil,80.187191,88.4668305,Sudan,2002-10-03
Europe/Vienna,1981-11-11 03:28:30,5f:1a:e6:fa:8d:66,"Walter, Zimmermann and Hofer",th,$3.93,1987-01-25T09:22:59,Binningen,-91.157888,-79.9822555,Sierra Leone,2013-07-10
Africa/Niamey,1984-09-13 01:47:25,1d:6e:a0:79:9c:53,Schwarz LLC,vi,$50.60,1987-01-30T07:16:26,Lausanne,133.294909,7.239240,Honduras,2018-12-09
America/Managua,2020-09-21 07:21:13,10:2d:3b:34:ba:42,Friedli Ltd,ml,"$8,531.98",2014-03-22T17:51:33,Freiburg,8.693281,-22.5379635,Belize,1981-02-05
Asia/Dili,1975-09-25 07:53:12,19:71:1c:d9:b9:4a,Schäfer-Sigrist,li,$51.34,2004-09-17T13:54:16,Suhr,15.123214,81.122930,Moldova,2017-06-07
Pacific/Apia,1999-05-04 07:11:44,f3:0b:c2:e8:fe:95,Hartmann Group,ga,$8.22,1993-01-06T21:41:36,Lutry,-56.002183,30.293037,Cuba,1998-07-21
Europe/Tirane,1992-09-11 07:58:51,ad:94:16:71:7b:67,Graf PLC,bem,"$4,723.15",2006-10-19T13:18:39,Thônex,-76.459909,85.5667345,Bolivia,1993-10-22
Asia/Irkutsk,1998-03-06 20:04:30,7a:40:d0:59:b2:ae,Stettler LLC,pl,$29.54,1990-01-03T00:32:47,Bern,-55.728012,-51.756358,Iran,1992-12-10
Pacific/Kwajalein,2020-02-20 03:37:33,90:77:67:2c:ce:42,"Kägi, Keller and Bieri",cmn,$409.35,2008-05-21T09:55:18,Veyrier,-131.386784,-43.147935,Lesotho,1982-04-08
Asia/Jerusalem,1979-06-16 00:17:03,45:b6:89:f4:2f:c4,Ziegler and Sons,uz,$16.32,2005-01-21T04:37:40,Uster,144.792595,18.113501,Palau,1975-07-01
Africa/Banjul,1986-02-15 23:48:37,46:91:31:c1:f6:1a,"Hofer, Hodel and Brunner",cs,"$5,433.41",2006-10-09T14:20:19,Dietikon,95.550791,-67.9745425,India,1981-02-06
Africa/Conakry,1980-06-30 00:24:42,52:b7:ae:aa:8b:cc,"Hug, Kern and Mayer",wa,"$14,554.90",1973-07-16T21:25:09,Aigle,-81.959982,84.5335285,Syria,2008-07-01
Asia/Amman,1995-08-15 03:32:11,85:13:28:c2:69:24,Lustenberger-Studer,aa,"$2,636.39",1991-01-16T03:03:27,Thalwil,-75.261266,12.646167,Saint Kitts and Nevis,2020-10-13
Pacific/Kwajalein,1972-07-19 18:43:07,99:85:28:21:af:e9,Hauser-Weber,ru,"$46,319.91",2014-02-21T07:33:08,Ostermundigen,91.797600,62.655738,Switzerland,1993-05-28
Asia/Seoul,1981-02-18 16:17:17,2d:cf:0b:9a:30:62,Lustenberger-Berger,nan,$3.46,2000-07-23T02:30:09,Basel,106.032825,6.342893,Sierra Leone,1994-09-30
Asia/Riyadh,2012-12-22 21:44:50,af:26:ed:ac:58:86,Hotz-Frick,is,$7.40,2016-11-14T00:12:50,Sursee,-82.501547,21.041417,Oman,1984-01-31
America/Argentina/Tucuman,2016-10-12 22:56:32,0e:a1:50:fe:00:cb,Iten-Schumacher,bs,$77.32,1992-11-21T11:41:32,Langenthal,129.102899,76.1788735,Iran,2002-08-19
Africa/Bamako,1980-09-02 19:43:31,83:93:fd:3c:bd:45,Stocker-Schumacher,iw,"$65,085.31",1971-10-06T02:47:42,Weinfelden,155.491460,-81.4371655,Haiti,1994-05-08
America/Argentina/Buenos_Aires,1996-06-14 20:50:48,81:cf:de:ad:4c:d1,Aebi-Marti,an,$426.45,1973-02-02T15:54:21,Baden,-148.352305,47.4598125,Moldova,1975-12-06
Pacific/Efate,1972-11-05 13:21:11,6b:70:fa:24:39:9d,"Stettler, Mettler and Suter",sl,"$88,657.72",2001-04-21T21:04:34,Meilen,13.392194,-49.429833,Suriname,1980-04-08
Europe/Amsterdam,1973-10-11 03:03:40,0d:c9:8c:06:84:60,Hoffmann Inc,ayc,$886.53,1996-06-03T19:59:37,Spreitenbach,-83.295371,14.4942475,South Africa,1973-06-20
Europe/Riga,1993-08-19 10:13:16,cf:2b:a4:a5:30:7b,Käser and Sons,bho,"$93,065.94",1973-01-10T10:49:23,Thun,-98.027763,23.0724945,Vatican City,1978-06-06
Africa/Nairobi,2002-07-19 05:49:50,dd:06:5b:85:a0:a0,Thommen Ltd,sid,$79.82,1989-10-22T15:22:58,Oftringen,-45.990344,-46.5828335,Tajikistan,1994-11-22
Europe/Helsinki,2014-06-30 11:01:58,36:1d:7c:e6:08:3e,Hürlimann and Sons,ku,"$21,113.22",1994-05-07T14:14:48,Schaffhausen,-131.099379,-32.784472,Antigua and Barbuda,2002-09-06
Asia/Pyongyang,2012-02-25 06:55:32,23:fc:3b:fc:8d:ab,Küng LLC,tg,$465.28,1974-09-30T19:36:28,Winterthur,-74.475886,-8.2311405,Mexico,1981-10-22
Asia/Amman,1990-02-09 16:29:52,1e:9a:1f:63:84:a7,"Brunner, Martin and Ackermann",is,$883.72,1986-05-11T16:52:30,Amriswil,83.934402,-89.958276,Algeria,2012-07-17
America/Barbados,1975-08-25 14:21:45,ed:aa:cf:56:1b:88,Roth Ltd,bs,"$7,553.87",2004-06-28T08:03:30,Adliswil,98.611929,55.9555535,Kuwait,1985-01-30
America/Bogota,1988-02-07 01:30:45,da:14:34:13:f6:36,"Favre, Egger and Schäfer",raj,$3.37,1997-04-27T18:34:42,Liestal,-55.727696,5.3624305,Angola,2019-02-27
Africa/Lagos,1991-01-27 07:34:13,d6:53:5b:5d:e9:b9,"Müller, Felber and Rey",ts,$4.84,1986-12-05T14:10:24,Davos,70.640849,-28.182030,East Timor,1997-05-26
Indian/Mahe,2020-11-06 06:07:14,81:96:80:09:43:fc,Steiner-Hofstetter,tg,"$27,877.30",1979-06-28T23:52:47,Aigle,-25.038170,-16.496370,Peru,2005-05-25
Africa/Dakar,1975-05-21 22:59:22,72:fb:f7:e1:59:69,"Meister, Lustenberger and Bucher",gv,$3.05,2000-12-20T03:39:15,Kloten,-140.968978,22.6697805,North Macedonia,2011-06-12
Africa/Nairobi,2020-11-25 10:24:51,95:0d:31:f9:d9:b5,Jost-Steffen,cs,"$1,183.75",1998-11-15T11:22:20,Meyrin,-10.431010,31.511877,Guinea-Bissau,1977-07-19
Asia/Kuwait,1977-09-17 09:18:56,8e:08:72:11:cc:22,Schuler-Bättig,sv,$4.81,1972-03-02T11:42:52,Altstätten,155.483201,-33.598395,Mauritius,1983-07-24
Asia/Nicosia,1992-04-16 17:17:43,49:42:b2:e4:94:79,Bianchi Inc,os,"$30,478.67",1971-03-15T02:36:39,Brig-Glis,107.585943,51.316023,Georgia,2021-01-22
Europe/Monaco,2005-09-03 20:18:07,f6:32:85:6f:44:1c,"Ott, Blum and Schweizer",wa,"$3,738.58",2008-05-04T20:31:39,Dübendorf,-67.744284,29.963972,Suriname,2010-07-27
Africa/Algiers,1992-07-10 14:09:45,b7:ad:ff:65:07:10,Rey-Schneider,hy,"$9,274.42",2006-01-25T05:56:48,La Chaux-de-Fonds,-53.081583,26.9487225,Switzerland,1982-02-18
Europe/Warsaw,2019-12-13 03:23:02,3e:91:39:0a:25:c2,Furrer-Winkler,gd,"$8,492.31",1979-12-14T19:36:28,Baden,-142.043796,-19.905881,Kazakhstan,1978-06-26
