GB,velit.mp4,Port Robert,1980-08-16,50,115.358076
GB,quos.wav,Helenville,2017-06-22,3295194,-87.052725
GB,nam.js,Griffithsborough,2006-04-20,37623,-19.066762
GB,nesciunt.flac,Paulland,1975-02-09,1421,-136.417406
GB,quae.wav,West Patrick,2011-06-17,52,-17.899056
GB,atque.docx,New Sallyside,2001-12-10,20343182,95.512992
GB,itaque.flac,Clareside,2005-05-29,91760,171.486299
GB,consequuntur.tiff,Barnesland,1995-12-06,21439471,108.312731
GB,voluptates.bmp,Henrystad,1984-09-15,89475,-35.334878
GB,quam.doc,Simsshire,2009-06-06,59,2.168563
GB,earum.ods,Lake Brenda,2020-06-18,366381194,-133.402534
GB,dolore.ppt,Sykestown,2022-12-19,21,46.079657
GB,modi.bmp,Damienbury,1971-05-27,347515,-130.128742
GB,eum.xls,New Joshville,2014-02-07,363907,-179.308484
GB,iure.flac,Timothyfurt,2003-03-03,14084606,-148.713910
GB,consequuntur.css,North Abbie,2005-05-06,3740,27.129310
GB,laboriosam.avi,North Lawrence,1987-08-25,8768,11.328678
GB,quaerat.bmp,Mooremouth,2004-03-11,54660,-163.148263
GB,vero.flac,Port Liamtown,1974-04-14,235703725,156.732569
GB,dicta.pages,South Anthonyburgh,1993-09-20,3,-56.609108
GB,eligendi.gif,Lake Robin,1972-05-30,2,162.875586
GB,quae.mp4,Akhtarberg,1976-09-20,580431273,-154.415506
GB,veniam.bmp,Lake Declan,2009-03-17,638680257,84.770719
GB,quae.docx,Lake Amyview,2007-02-19,2,-133.387396
GB,molestias.mov,North Sheila,2000-03-23,1481,-57.303316
GB,ullam.jpeg,Clarestad,1975-10-22,56776,-131.445833
GB,autem.pptx,Michaelton,2010-01-03,43086582,85.777572
GB,iste.flac,Port Dorothy,1985-09-20,651955,167.061864
GB,odit.xls,Nicolefurt,2020-07-02,6184035,78.078387
GB,odio.js,Lynnebury,2021-11-28,220311793,-76.827951
GB,laudantium.wav,Oliviaburgh,1997-03-13,55925154,164.699120
GB,fugit.html,Banksville,2003-09-13,6780142,-175.948640
GB,possimus.avi,Lake Mitchellside,1992-03-09,9014,-62.317214
GB,nisi.odt,Gibsontown,2009-12-16,569365910,-113.491094
GB,error.csv,Harrisonton,2021-06-11,8,-81.249394
GB,ut.xlsx,Port Ann,1979-06-19,89,151.759942
GB,magnam.tiff,Donnaland,2012-08-18,866918687,91.645448
GB,repudiandae.mov,Iainside,1975-12-31,39505,138.941974
GB,porro.json,Port Sharon,2021-03-14,563351,-121.091761
GB,aliquam.odp,Carolineside,2006-03-05,940,59.028960
GB,suscipit.flac,Lake Jamestown,1978-04-19,2,44.398716
GB,quidem.js,East Lauramouth,1972-09-13,402924,-124.544730
GB,voluptate.jpeg,South Annette,1974-10-11,182,44.959715
GB,quia.jpeg,East Charlesview,1975-04-06,7,-62.914341
GB,totam.pdf,Kieranville,1990-11-02,81048022,-111.232174
GB,blanditiis.mp4,New Simonburgh,2009-03-15,53,155.806686
GB,ea.flac,Nortonville,2016-03-10,38081428,-116.766002
GB,eligendi.avi,Gregoryville,2006-10-05,602,153.124084
GB,animi.jpeg,New Nathanview,2004-11-02,746569614,-141.123954
GB,libero.gif,Jeffreystad,1988-10-03,637735452,1.547313
GB,perferendis.csv,Taylorshire,1975-03-01,57662441,-163.284995
GB,similique.tiff,Ryanland,2011-09-05,3,-1.651930
GB,sint.ods,New William,1991-02-07,47,146.399309
GB,perferendis.tiff,Lake Donaldburgh,1984-08-22,143062,133.199875
GB,error.avi,Hammondburgh,1985-12-20,7,-56.280649
GB,atque.webm,Abigailton,1987-02-10,84,145.447857
GB,placeat.txt,Joestad,2014-05-26,581,-145.956203
GB,dolorem.webm,Woodsport,1989-10-21,273458364,-119.954474
GB,facere.pptx,New Donaldfort,1975-04-13,7733167,118.843688
GB,porro.txt,Victoriashire,1981-02-26,27709,176.162732
GB,deleniti.txt,Lake Scott,1972-10-13,245,49.827392
GB,debitis.odt,Boothberg,1972-11-24,7,-80.292521
GB,perferendis.ods,Craigton,2011-03-29,314,73.638994
GB,eligendi.webm,Lake Gerard,1983-02-18,97,-18.560066
GB,facilis.html,New Amandaville,1998-01-03,9278,-148.354728
GB,non.jpeg,Port Junebury,1998-02-26,60459,176.413900
GB,blanditiis.gif,Perkinsside,1986-02-23,30,-162.586453
GB,saepe.mp3,East Katie,1974-07-11,3,-43.297764
GB,totam.mov,Greenborough,1988-03-30,95475125,164.270298
GB,molestias.avi,Port Lynneburgh,2005-05-13,81,-62.466628
GB,totam.html,Melissamouth,2023-05-25,70,36.147383
GB,quia.xlsx,Jonesstad,1985-08-06,492194,-46.711611
GB,consequatur.flac,North Colin,1984-12-01,6,-65.641181
GB,nam.css,Port Lawrence,2020-08-22,948393,-51.458288
GB,dolorum.odt,Armstrongborough,2000-05-28,5,132.584596
GB,officiis.html,Webbport,1991-05-08,0,-155.879171
GB,voluptatum.wav,West Keithport,1994-11-17,197,51.314573
GB,velit.avi,Parkerton,1988-01-21,309054,98.244466
GB,voluptate.docx,North Nathanstad,2021-03-28,5817,-76.350955
GB,nostrum.flac,Jodieshire,2022-09-04,5,-45.274693
GB,cumque.webm,New James,1971-11-29,678,99.457673
GB,eius.css,Shaunborough,1985-07-30,6109,-28.804895
GB,expedita.wav,Allanfurt,1974-11-13,90180,70.021105
GB,beatae.doc,Dunnbury,2016-03-09,2,-3.620839
GB,ipsam.webm,Lake Melissaville,2001-08-12,26620902,138.873632
GB,aperiam.xls,East Danielle,2015-04-28,41297927,-98.952872
GB,adipisci.wav,South Shanetown,1977-01-02,20,-12.649474
GB,vero.jpg,East Declanmouth,2003-09-21,7,110.205885
GB,voluptas.flac,Juliastad,2014-06-09,75719995,114.577351
GB,rem.jpeg,Hughesburgh,2016-09-25,50285054,-117.105855
GB,rem.flac,North Gailmouth,2011-08-21,685,-113.477193
GB,harum.png,Brookesport,2001-07-30,804406,-179.928771
GB,praesentium.css,Lake Roy,1988-11-28,54078,44.301428
GB,fugiat.xlsx,Stewartfort,2014-11-22,47345,-49.371374
GB,itaque.mp3,Boyleville,1988-01-11,917,-103.490129
GB,ratione.xls,Port Timothy,1996-09-23,6,8.093307
GB,et.pptx,Kieranport,1993-09-08,548805,72.191402
GB,non.json,Carolestad,2008-03-22,825,-44.783434
GB,inventore.gif,Jacquelineburgh,1996-12-30,4924073,-137.795383
GB,accusamus.jpeg,Dennistown,2002-11-15,307051,127.236856
GB,corporis.avi,Maxburgh,1977-04-27,804851,158.391344
GB,dignissimos.numbers,Allenchester,1992-11-21,4737,130.783501
GB,quasi.docx,East Anthony,1990-09-25,899578,88.752131
GB,nam.css,Brayside,2008-07-03,48,90.079146
GB,officia.csv,Sharonfurt,2021-06-21,2852559,141.272158
GB,assumenda.avi,New Simonmouth,2010-03-19,914951,-87.496553
GB,tempore.odp,Sharonstad,1993-08-09,9430590,20.466298
GB,voluptatibus.webm,New Mathewborough,1995-08-01,990,-133.229913
GB,totam.css,Port Kayleighhaven,1998-07-15,810408,129.015645
GB,nam.csv,New Bethside,1999-09-03,83323,123.663760
GB,repellat.wav,Burtonberg,1982-06-28,6,45.442264
GB,architecto.html,New Rachaelberg,1977-02-01,12,68.586562
GB,quam.png,Port Lynne,2018-08-23,1972910,95.955678
GB,voluptatem.wav,Port Julieview,2003-07-25,284,-116.003358
GB,unde.webm,New Marcchester,2005-07-10,292,-115.561542
GB,consequuntur.xls,Hughshire,1983-07-13,15,82.767369
GB,accusamus.css,South Danielleborough,1974-05-17,30857,-156.286127
GB,mollitia.gif,North Antonychester,2017-05-23,945,-95.714422
GB,ab.pages,New Markville,1971-04-13,39750701,-172.466795
GB,nulla.mp4,East Sean,2009-12-17,76,40.422822
GB,eveniet.webm,Lake Darrenborough,1983-08-18,34,27.625817
GB,perferendis.js,Batesfort,1988-02-28,65838,28.555822
GB,incidunt.png,East Simon,1972-10-16,70,-5.746783
GB,excepturi.avi,North Vanessaborough,1988-07-02,42201,113.988020
GB,ab.pdf,Pearsonfurt,1978-02-10,31,-106.989201
GB,optio.json,Jamesmouth,2007-07-17,7575490,40.222659
GB,recusandae.wav,Port Billyborough,2001-02-07,8,-156.698736
GB,soluta.html,Kayleighfort,2005-01-14,190952,38.157009
GB,necessitatibus.json,New Jasminemouth,2013-12-30,4589,60.007841
GB,quis.avi,East Vanessa,2020-03-17,8271346,17.997794
GB,facilis.jpeg,South Robin,1975-10-11,825829849,107.380436
GB,doloribus.webm,Thomaston,2003-12-18,94164515,-11.190109
GB,ipsum.key,Rachaelmouth,2007-07-09,489,175.453497
GB,odio.jpg,Patrickfurt,1989-07-01,7418,48.363415
GB,officiis.bmp,Lake Jean,2008-01-18,41,-127.585979
GB,dolorem.mov,Gillhaven,1979-02-13,5,92.859892
GB,nostrum.bmp,Quinnland,1995-10-17,2263212,-176.768839
GB,similique.gif,Meganchester,1987-08-25,17,35.529468
GB,iure.flac,Jillview,1979-03-16,796,82.080894
GB,ipsam.wav,Fletcherfurt,1981-06-25,94,56.907512
GB,magnam.mov,Evansmouth,2013-02-22,50481090,81.242640
GB,quas.wav,Susantown,2022-08-07,52,176.315136
GB,minima.tiff,Beverleytown,1975-08-05,3392413,118.940501
GB,neque.gif,Jacquelinehaven,1992-08-09,3949219,-89.416649
GB,dolorum.csv,East Jake,2010-10-25,262810,-130.894166
GB,a.png,North Davidmouth,1996-04-21,16573632,-152.476645
GB,reprehenderit.mp4,East Annette,1983-01-19,678,-67.510755
GB,maxime.jpeg,East Stuartville,1975-12-22,6123,-74.050012
GB,dignissimos.jpg,New Paulmouth,2022-04-19,1894783,-6.271822
GB,porro.flac,Newmanborough,1972-01-12,7543,-21.594686
GB,in.mp3,Douglasland,2000-05-29,29263935,-68.882908
GB,tenetur.docx,Jonesside,1977-01-09,49,-179.886443
GB,laudantium.avi,Daviesside,2004-05-24,39484114,35.975072
GB,id.gif,Deborahburgh,1982-05-04,29951006,-4.034590
GB,temporibus.odt,Victoriaview,2021-08-03,81068,-97.325674
GB,maxime.numbers,South Hughchester,1979-07-04,0,-163.573476
GB,dolor.wav,North Georginaland,1987-07-24,91787838,-84.639860
GB,perspiciatis.tiff,Knightmouth,2005-07-10,77101,-148.785880
GB,soluta.mp4,West Jackfurt,1971-06-27,6602190,154.130587
GB,quas.wav,Lake Marc,2005-06-11,14283817,-77.556528
GB,praesentium.css,Bennetttown,2014-07-09,19732,133.963606
GB,consequuntur.png,New Tracey,1981-02-27,611649,65.026866
GB,quisquam.html,East Louiseshire,1993-01-10,1,177.600727
GB,labore.wav,Moranbury,1980-06-24,3028,19.912542
GB,officia.gif,Scottport,1986-10-30,57,167.112825
GB,beatae.json,West Andrew,1985-06-06,318675,-123.217229
GB,ut.mp3,New Samanthaside,1993-03-08,319,164.102911
GB,repudiandae.bmp,Rhyschester,1982-04-26,3,-124.394921
GB,optio.wav,New Joannaport,1974-10-29,50,-46.872752
GB,deserunt.avi,Joshuafurt,1974-01-09,911,-128.986413
GB,iusto.webm,Willisbury,2011-06-30,6,47.524156
GB,fugiat.avi,South Beth,1972-09-07,10,-89.008172
GB,quaerat.flac,Clarkeside,1991-05-31,9766,-166.302954
GB,a.bmp,East Darrenchester,1990-03-30,9,-101.125140
GB,molestiae.ods,North Julia,2018-08-25,103,-141.281569
GB,facere.mp4,Johnsonfurt,1975-12-24,51108050,82.193467
GB,repudiandae.webm,Melissaborough,1978-03-14,202,157.263237
GB,corporis.avi,Phillipville,1983-09-17,590,98.779247
GB,harum.mov,New Eleanorville,1985-02-18,104194997,-50.071120
GB,doloremque.csv,Reidbury,1996-10-15,6,-67.767804
GB,adipisci.tiff,South Stephanie,1993-02-08,196,-93.184154
GB,aliquid.webm,Valerieshire,1971-09-29,64956,48.083528
GB,ipsum.flac,Jeanville,1984-09-03,9757,120.694251
GB,laboriosam.jpg,Lanefurt,1995-05-23,69790,-48.637241
GB,provident.webm,Khanstad,1975-11-18,422977000,-66.441209
GB,quas.mp3,Brandonland,2001-05-25,63670231,-150.407289
GB,amet.mp4,East Gavinview,1994-11-01,700,136.244157
GB,praesentium.mp4,South Carly,1994-04-20,55562,-80.754761
GB,facere.json,Robinbury,1970-09-15,7992,104.490059
GB,unde.avi,North Stephaniemouth,2022-01-01,3,22.202696
GB,voluptates.flac,East Francis,1996-09-21,857179666,67.803953
GB,deleniti.html,New Damienland,1982-01-02,274,-5.962334
GB,aut.mp4,Jonestown,1983-02-07,283807085,174.959690
GB,odio.xls,Lake Victoriamouth,1981-09-18,16376281,-153.458618
GB,doloribus.webm,North Edwardmouth,2009-08-04,449,-109.527152
GB,ea.csv,Rebeccabury,2012-06-22,813,60.643847
GB,quaerat.js,North Tracey,2006-04-09,66945,55.883441
GB,quidem.js,Lake Mauriceland,1977-04-27,21,0.676309
GB,maxime.gif,Amandastad,1980-11-30,2639169,85.222867
GB,magni.json,New Bethan,2018-08-19,8240,-129.443151
GB,enim.mp4,West Jennifershire,2005-07-19,4279880,105.271069
GB,molestias.csv,Emmaside,2004-12-23,922830,-133.823412
GB,cumque.json,Harrisland,1984-10-01,36581197,139.708095
GB,quidem.pdf,Port Jean,2016-05-09,58708812,-14.006602
GB,omnis.gif,Jonestown,1973-12-27,9455,29.904822
GB,ab.ppt,South Joelstad,2018-07-19,17652644,167.272174
GB,perspiciatis.csv,Kathrynside,2013-07-08,20,5.800532
GB,odit.txt,Simstown,1990-12-25,35441991,-145.071771
GB,eius.odt,South Meganville,2009-03-24,175248,-55.793965
GB,nam.png,Williamstown,1989-11-25,44,-61.101739
GB,nemo.png,North Hugh,1972-02-19,9376,138.744345
GB,numquam.avi,Harrisonbury,2005-06-16,3647169,-155.627766
GB,eius.wav,Port Michaelbury,2021-08-21,334605,83.336926
GB,atque.mov,Port Lorraineburgh,2020-10-01,76211,175.036977
GB,suscipit.html,Simpsonhaven,1994-01-18,77213753,19.637094
GB,fuga.csv,Williamschester,1977-11-12,854,69.818181
GB,sit.wav,New Patricia,2005-09-13,581292109,16.181646
GB,pariatur.wav,Brownmouth,2011-05-06,713640,141.140667
GB,architecto.mp4,New Jeremymouth,2022-06-03,562355,44.546398
GB,dolor.xlsx,Lewisfort,2015-09-11,25323004,-71.667682
GB,itaque.bmp,South Ryan,1998-06-11,5557,-17.032798
GB,ullam.gif,West Martynland,1989-01-25,7521,-39.824999
GB,ad.pdf,East Joechester,2010-10-16,33892,-149.049267
GB,odio.flac,Traceyport,2009-11-25,91,-32.321203
GB,nostrum.jpeg,New Tinamouth,2019-03-13,8,-148.939318
GB,maiores.gif,Spencertown,1971-05-23,31333,-171.763041
GB,atque.css,Lesliefurt,1976-09-11,5,-128.132699
GB,quisquam.pdf,Oliverburgh,2013-01-07,56693981,80.775939
GB,temporibus.txt,Mitchellfurt,1993-09-24,3462136,110.155324
GB,fuga.ppt,Lewischester,1977-01-14,2,61.716813
GB,enim.gif,Jennastad,2004-11-14,756919,-4.056572
GB,nisi.wav,Stephensonshire,2011-11-08,101,56.904350
GB,quae.jpg,North Sophie,1983-07-26,9,-46.951508
GB,debitis.jpeg,South Colin,1990-05-18,7,117.942966
GB,perferendis.avi,Charlesville,2019-01-19,98685678,-134.357535
GB,architecto.wav,East Deniston,2019-04-08,68,-58.132425
GB,eius.html,Smithstad,1976-04-22,54,146.897916
GB,cumque.mp3,Sandraport,2012-12-05,165,-55.858546
GB,dolore.ods,West Samshire,1973-08-16,5104228,172.440294
GB,neque.xlsx,Andrewchester,2021-06-05,75,-38.555716
GB,ipsam.flac,Lorrainechester,2007-10-09,352179175,102.217907
GB,aliquid.txt,Patelmouth,1977-11-03,8415,-52.531730
GB,aut.ods,North Edward,1990-09-30,192,-90.248839
GB,a.mp4,South Jemmatown,1983-03-12,56,84.102209
GB,perferendis.mov,Steeleburgh,2006-04-26,103,-103.629739
GB,nemo.doc,Dannyfort,2004-04-08,7505689,-156.980520
GB,rem.flac,North Bethanland,2007-12-18,203326,-131.113520
GB,autem.csv,Russellshire,1996-01-19,894378287,-28.951235
GB,voluptas.tiff,McCarthyfurt,2000-10-30,68297,-42.645335
GB,natus.js,North Kirstybury,2006-07-03,3665,-154.864714
GB,dolores.odt,Jamesport,1971-04-11,78406,-99.707878
GB,dolores.mov,Antonyport,1970-07-24,40817808,53.529476
GB,voluptates.doc,West Amelia,1973-03-11,573,-61.021723
GB,culpa.pdf,Eleanorshire,1998-07-17,1718,100.525830
GB,quia.mov,Francesside,1987-06-22,34,79.256536
GB,qui.odp,East Marianchester,1991-07-01,971633553,30.119897
GB,provident.mp4,Dennisport,2022-12-18,329,149.900707
GB,tempora.ods,Gailchester,2017-10-16,8878036,59.988601
GB,alias.csv,Oliverchester,1975-08-11,87,114.683891
GB,possimus.bmp,South Elliotburgh,1976-11-19,39383,46.885368
GB,delectus.webm,New Paulineburgh,1985-12-26,1,0.340793
GB,excepturi.tiff,Juliantown,1982-09-22,8430,-177.936725
GB,consequatur.webm,New Terry,2019-12-31,15,-115.694549
GB,esse.txt,Georgeberg,2003-04-26,55063592,176.758758
GB,dolorem.flac,South Raymond,1987-11-05,76132,-135.612011
GB,dolores.tiff,Emmafort,1992-10-10,16115,21.669908
GB,nostrum.mp3,South Deanstad,1999-11-25,398080,149.297455
GB,eaque.jpeg,Charlesstad,1989-07-09,42350564,132.105904
GB,at.jpg,West Bradleyborough,1971-05-23,80423,41.710394
GB,earum.txt,Lake Bryan,1995-09-13,616,163.573976
GB,voluptates.avi,Port Seanville,2022-07-05,178103,16.536934
GB,molestias.csv,West Alicemouth,1973-06-18,947271,46.769676
GB,dolorum.bmp,South Francescamouth,1995-11-13,223546,29.899105
GB,omnis.mp4,Wrightville,2018-04-14,7,-60.353037
GB,cumque.mp3,Greenfurt,2002-02-15,29,-51.563981
GB,cumque.tiff,South Bryan,2023-05-09,67043,16.372100
GB,quasi.mov,West Marionborough,1983-10-31,3911,66.768923
GB,modi.gif,East Joelbury,1972-01-01,877,-23.083707
GB,omnis.css,Marianfort,1992-04-13,62171855,136.389764
GB,occaecati.avi,Markport,1984-03-24,5958682,-87.648377
GB,vero.ods,Daleborough,2002-05-04,5,53.254014
GB,doloribus.html,North Connorberg,2007-06-17,53,-2.564817
GB,et.xls,West Janeland,1981-07-05,7575246,-117.818825
GB,mollitia.wav,Karenside,1992-02-20,504,-28.878543
GB,sed.mp4,Owentown,2010-10-24,305802,-111.326871
GB,ut.js,Bennetttown,2017-09-04,892958282,-0.086044
GB,voluptatem.txt,New Jessicafort,1984-11-21,720682,66.124039
GB,debitis.webm,Cookport,2001-07-21,79130,-131.109545
GB,deleniti.txt,Hayleystad,2000-02-06,53,145.415220
GB,molestias.pptx,North Georgina,1972-01-28,379,61.530045
GB,temporibus.css,Wilsonborough,2008-10-19,8,-156.068038
GB,explicabo.flac,Stephanieberg,2009-08-24,4,128.067813
GB,distinctio.tiff,East Bernardchester,1978-12-26,9,-123.158812
GB,dolor.webm,North Clive,1982-12-19,7352684,-119.337792
GB,quisquam.txt,Port Abbie,1970-12-12,90154,-129.827002
GB,quibusdam.webm,South Danielleborough,2000-11-06,764412594,-161.535513
GB,quo.jpeg,Garyside,2012-12-31,921149533,61.946089
GB,aspernatur.json,Kirbyland,1989-06-18,7083204,166.668498
GB,quia.flac,West Ronald,1994-05-30,125,88.411546
GB,voluptates.flac,Mariafurt,1979-02-12,791419,9.758933
GB,quod.jpeg,Terencestad,1997-11-01,883,-92.272582
GB,recusandae.gif,Lake Beverleymouth,2015-06-05,677138,23.665709
GB,suscipit.avi,East Maurice,2014-05-16,8,-19.489031
GB,nemo.html,Lake Helen,2008-02-05,6856,55.982465
GB,nemo.jpg,Robinsonborough,2003-11-14,324501,159.624953
GB,minima.png,Kateborough,2007-09-15,57656,-100.459351
GB,ab.tiff,Lake Deniseburgh,1998-04-11,8284,-129.399822
GB,autem.key,Richardston,1992-08-11,773027504,-103.815789
GB,nam.avi,Lake Jessica,2012-06-25,6,89.709371
GB,consectetur.flac,Thomastown,1983-06-08,365741,71.837416
GB,neque.doc,Johnsonborough,1996-01-05,1,-175.764382
GB,culpa.js,New Vanessaborough,1988-05-06,19516,-159.982276
GB,veritatis.xls,North Margaret,1978-04-22,480165418,-93.260797
GB,a.mp4,Lanemouth,2008-10-09,684605,76.956913
GB,distinctio.txt,South Frankfort,1999-10-24,14742165,-163.502242
GB,laboriosam.json,Cheryltown,2011-04-16,4,85.327162
GB,voluptas.pages,Sarabury,2018-09-14,3,-128.663540
GB,provident.xls,Banksberg,1976-11-27,8,39.063299
GB,adipisci.csv,Fieldtown,2001-09-08,92622,-28.365362
GB,praesentium.png,Victoriamouth,1973-12-28,94264356,3.655272
GB,error.json,Port Nigelview,2003-10-03,887826,-71.686402
GB,deleniti.doc,O'Neilltown,2020-06-21,981,21.172588
GB,ea.mov,Brownfort,2010-08-07,60141567,151.657152
GB,quod.avi,East Jacob,1991-09-01,9,-123.672499
GB,eos.mov,Mollybury,2019-01-13,2915,67.216232
GB,quis.flac,East Jessica,2007-05-12,84544257,-53.636588
GB,quia.wav,Port Jennifertown,1989-12-12,5091,-166.638732
GB,ab.jpg,South Gerald,1988-04-14,520,-44.401739
GB,minus.jpeg,Lake Martin,1989-05-16,16013,-105.517173
GB,porro.wav,Lesliefurt,2021-11-11,68361911,-33.699066
GB,repellat.key,Fletcherton,1986-04-04,95700,-47.462697
GB,incidunt.xlsx,North Joshport,2005-04-14,80,-1.886431
GB,quidem.js,Parsonsmouth,1971-03-14,332165209,-0.337776
GB,facere.webm,Aliceview,1973-07-16,854367253,40.563337
GB,temporibus.wav,Lake Gavinmouth,1986-11-01,138151485,-33.152353
GB,accusantium.bmp,South Megan,2021-09-24,8705,-8.471550
GB,perspiciatis.css,East Damianberg,1998-06-10,1480,90.688647
GB,quaerat.wav,Taylorview,2008-12-07,4494511,-130.341509
GB,ab.csv,New Tracybury,1978-06-10,5220620,-105.995004
GB,minus.xls,Lake Iainside,1981-10-11,71,-141.785056
GB,neque.odt,Port Andrea,1982-08-24,12,121.194597
GB,soluta.docx,Rogermouth,1971-09-10,5757901,137.316424
GB,nesciunt.mp3,Butlerfort,1981-06-21,5493084,-77.802300
GB,doloribus.jpeg,West Lorraineport,1981-10-31,6364,-81.964316
GB,animi.numbers,South Sian,1998-07-05,8,66.152856
GB,quo.mov,Port Trevor,1973-04-05,746541,-72.191192
GB,explicabo.pages,Beverleybury,1999-03-04,82323,-68.903858
GB,cupiditate.gif,Lake Bryan,2006-09-01,1363,25.855591
GB,iusto.flac,West Ruthshire,2022-06-11,817763,-134.140528
GB,necessitatibus.html,Daviesmouth,2006-06-10,68034823,-93.936279
GB,tenetur.avi,Lake Pamelaborough,1973-08-15,4,79.645574
GB,ea.csv,Gillport,1999-04-17,3,-151.969700
GB,debitis.gif,Port Brandonmouth,1987-08-17,534865,22.081538
GB,ab.mp3,South Dale,2009-03-11,6392064,125.828330
GB,pariatur.mov,Glenburgh,1990-05-09,958299,165.678845
GB,voluptatem.csv,Wendyborough,2018-05-23,6080,-77.436534
GB,totam.js,West Keithtown,1974-04-28,52,-42.595667
GB,alias.jpeg,Kaurshire,1986-04-29,7820103,174.057209
GB,cum.flac,Robsonborough,2002-02-10,65572559,-94.007885
GB,quisquam.xls,Port Kerryside,2005-02-20,4696282,66.701907
GB,voluptatem.png,Russellmouth,1992-08-19,69959,54.021075
GB,iusto.jpeg,Stanleyport,1979-11-15,9744,-6.274988
GB,reprehenderit.webm,South Gavinton,1972-06-10,99,132.996099
GB,harum.pages,Davisbury,1989-12-27,3146,43.733837
GB,itaque.webm,Cameronstad,1985-06-26,477946044,-177.426466
GB,temporibus.mov,New Kenneth,2001-07-15,730913,124.266775
GB,ullam.mp3,Greenchester,1982-04-02,4,123.279348
GB,fuga.mp4,Traceyport,1993-12-29,214214089,81.684819
GB,aperiam.ppt,West Barbaramouth,2004-12-26,9922,54.530708
GB,ad.gif,North Abigailmouth,2010-06-05,365157461,-5.591587
GB,cumque.mov,Mandyfurt,2021-09-02,84,179.358153
GB,dolorum.avi,North Ashley,1973-10-02,36,116.555401
GB,nemo.webm,Caroleton,1985-11-10,6579778,95.514297
GB,doloremque.avi,North Brianfort,1990-03-31,900528,-39.446069
GB,saepe.docx,Port Timothyville,1990-12-29,465202,-18.547352
GB,corrupti.avi,North Mohammedhaven,2001-03-06,6194,51.487287
GB,nulla.wav,Lake Nicolaview,1985-04-07,58537341,-30.851317
GB,vero.ppt,Georgeton,1995-03-11,33628,3.247693
GB,corporis.tiff,New Sandra,2019-03-13,560,-86.622347
GB,minima.pdf,West Derek,1989-08-03,4708514,173.486783
GB,ipsa.wav,South Ellie,1980-01-05,897,-121.148511
GB,error.mp3,East Leighburgh,2018-06-13,8,-50.545212
GB,culpa.mov,West Dylan,2017-06-22,17,11.402694
GB,excepturi.key,Sharonborough,1974-06-19,282982,163.170896
GB,cum.avi,Carrollview,1986-07-19,699,-122.968021
GB,quod.flac,Trevorburgh,1997-10-09,28330,62.036968
GB,consequatur.bmp,Port Bryanburgh,2014-02-22,689541,-91.828984
GB,illum.jpg,East Gracechester,1983-07-01,660110716,-72.950498
GB,reiciendis.mp4,Jonesberg,1984-09-08,4955,-15.750509
GB,quam.wav,New Abbiefort,1977-11-11,900,-20.641329
GB,aspernatur.avi,East Alison,2011-01-14,91,-69.246064
GB,facere.mp4,Harrisonborough,1992-01-13,89709916,-86.653572
GB,modi.key,East Maurice,2004-08-21,38950,103.003012
GB,fuga.avi,Taylorton,1999-12-13,87,-71.799315
GB,illo.tiff,East Lucychester,1999-12-08,23,-73.329608
GB,animi.flac,East Marc,2007-11-08,347912137,51.196834
GB,cupiditate.flac,Bennettburgh,2002-07-30,57763,162.142373
GB,excepturi.csv,Beverleyland,1981-10-09,928988547,-71.688233
GB,ipsa.js,East Janet,2006-04-22,499,-101.887808
GB,eligendi.xlsx,West Mariaside,1977-04-26,14991744,176.257870
GB,quae.mov,Grayside,2013-08-30,96474,2.745665
GB,enim.gif,Kellyshire,1978-04-21,16066,-10.356512
GB,dolores.avi,Maryville,2011-02-18,2,-145.632162
GB,modi.txt,East Patrick,1986-01-20,6,102.766570
GB,consequatur.avi,Lake Sarahfurt,1987-08-08,50,61.624786
GB,quo.mp3,Longchester,2000-07-08,930,-118.544767
GB,nihil.ods,Lake Ashleigh,1991-05-05,864915004,164.125791
GB,nostrum.wav,Ritamouth,1973-05-24,42,161.826328
GB,a.mp3,Rickyfort,1976-07-02,35914095,124.006336
GB,suscipit.txt,Stephensonfort,1997-12-26,411820670,143.655221
GB,voluptatem.mov,Port Katietown,1996-11-24,1193,-67.713087
GB,corporis.css,Parkeston,2011-10-22,820,-102.943478
GB,iusto.mp4,Dorothyland,2020-04-06,8877,140.292015
GB,itaque.wav,Mohammadbury,2018-08-10,75952542,64.194468
GB,dignissimos.tiff,East Rachel,1972-09-27,6342,-147.220155
GB,soluta.odp,Lake Megantown,1974-08-13,40355,103.527219
GB,temporibus.bmp,East Joyce,1973-10-01,643,-25.544591
GB,praesentium.flac,North Joyce,1996-12-04,800119915,169.202694
GB,quia.mov,Jonesburgh,2016-08-14,60,-155.514874
GB,consequuntur.js,Batesfurt,1986-09-15,302,27.707328
GB,velit.json,New Elliotside,2014-08-26,45691841,42.537816
GB,fugit.html,Abbottchester,2017-05-18,798430870,153.095761
GB,numquam.docx,East Rosie,2022-09-03,8,-75.948468
GB,numquam.tiff,East Chelsea,2017-11-20,22,-167.061772
GB,impedit.jpg,West Michaelview,2015-09-13,36,80.915177
GB,sint.png,East Luketon,2008-02-04,98,-91.826939
GB,ipsam.json,West Joanport,1997-04-14,658,134.050545
GB,labore.wav,East Mohamedhaven,1993-02-13,585738445,-129.098397
GB,corporis.png,New Leonardport,1981-02-27,8166950,-68.377479
GB,dicta.pdf,Port Sheilafort,2008-09-08,28803,-149.525606
GB,modi.wav,Lambton,2003-11-22,251696,-73.268334
GB,magnam.odp,Lake Callum,2006-11-13,50,-140.487300
GB,itaque.avi,Scottmouth,1991-01-31,20950,3.233908
GB,provident.mp3,Sarashire,1996-01-07,28128,-82.741348
GB,fugiat.ods,Bakerchester,1999-12-02,45292305,-165.670522
GB,voluptate.ods,Hargreavesshire,1985-07-03,1077,-113.677813
GB,dolor.mp3,New Damianhaven,1999-03-11,47712,-175.957791
GB,eos.mp4,East Hazelside,1971-04-28,801818,-123.046423
GB,consequuntur.webm,East Dean,1994-12-10,859,21.104744
GB,doloribus.txt,New Gavinmouth,1988-07-13,95325,-31.518290
GB,alias.bmp,West Owenborough,1975-11-21,3217,-169.393562
GB,explicabo.mp4,Lake Mohammedchester,1977-10-30,40477,99.948238
GB,autem.wav,Wilsonshire,2009-03-04,8,164.204648
GB,facere.mp3,New Philip,1992-02-12,625228629,-139.971828
GB,modi.png,East Amyborough,1983-07-26,749,117.992563
GB,esse.webm,Scottchester,2000-02-23,29876,80.991782
GB,earum.mp3,Nashstad,1982-01-07,688859532,-23.873116
GB,laborum.csv,Barberchester,1994-02-28,3,-100.941810
GB,natus.csv,Prestonport,2018-02-17,873618999,-77.266285
GB,suscipit.js,Ericchester,2013-07-11,6,-131.947365
GB,eos.wav,Port Amy,1991-04-04,256908492,91.461343
GB,similique.wav,New Janebury,1973-12-19,6062876,15.936258
GB,excepturi.xlsx,Lake Geraldineton,2013-01-23,776,-130.652001
GB,autem.mp4,Tuckerport,2023-02-03,8212611,113.886315
GB,dolorem.jpeg,South Andreaview,2000-04-05,2767351,116.332776
GB,suscipit.txt,Bernardview,1981-12-19,587,-13.851447
GB,dolorem.css,Teresaborough,1999-06-14,22045110,-92.031939
GB,tenetur.mp3,Elaineside,1986-12-28,13,-129.219860
GB,mollitia.pages,Batesland,2002-09-12,282353339,-162.488426
GB,fuga.mp4,Helenshire,2017-10-14,54117,-153.828840
GB,soluta.ods,Bethanview,2022-11-01,825860,174.423135
GB,ut.jpeg,New Rhysstad,1984-05-20,55,30.718570
GB,minima.css,North Tomberg,1998-11-07,2,-51.468868
GB,totam.txt,South Nigelland,2017-02-05,83,-136.616011
GB,et.flac,West Thomas,1984-02-19,9864632,17.153043
GB,soluta.wav,Port Saraton,1997-12-02,3640,-5.865151
GB,magni.webm,West Guyville,2017-01-09,6609,-118.126092
GB,incidunt.tiff,North Charliebury,1972-12-12,157970398,-168.592855
GB,neque.flac,Leanneville,2015-09-11,1,-61.820233
GB,soluta.html,North Josephine,2002-09-01,6445959,-116.237212
GB,animi.wav,West Julian,1986-08-02,9896,116.660574
GB,veniam.mp4,Judithton,2023-02-07,89,-178.670605
GB,asperiores.mp3,Fordburgh,2006-06-15,9682576,-30.942399
GB,iusto.json,Kingville,1977-06-27,9292823,148.369484
GB,totam.wav,Port Clifford,1997-06-17,310268399,-106.616790
GB,tempore.webm,Woodsview,1988-06-15,433365714,50.400444
GB,quasi.wav,North Annettefurt,1999-04-01,901487363,26.381342
GB,ratione.jpg,Normanview,2004-08-04,711191,-56.215879
GB,unde.mp4,Lake Alan,1989-12-09,87144,-167.665995
GB,incidunt.txt,West Barryland,1990-01-25,47,176.362892
