random_number,longitude,timezone,date_time,language_name,country,iso8601,latitude
80006460,-57.698837,Africa/Maseru,1974-08-14 13:50:33,Hindi,Cook Islands,1996-11-01T00:27:14,-70.4420175
817,124.212476,America/Guatemala,1996-03-07 19:07:37,Mongolian,South Africa,2011-11-30T19:27:00,-51.687306
5900,116.401248,Europe/Chisinau,2018-10-19 17:22:17,Tamil,Belize,1975-05-29T08:49:29,-61.274308
108,-19.048376,Africa/Dakar,2012-08-24 02:21:39,"Sotho, Southern",Hungary,1998-01-10T22:18:14,-28.100803
7796,-144.784902,America/Dominica,2000-11-16 22:06:32,Tonga,Denmark,2014-05-01T00:57:10,-45.6075365
7613,14.460393,Africa/Lome,2000-06-05 23:13:36,Kannada,Equatorial Guinea,2017-07-17T20:48:22,84.829290
7,-17.813401,Asia/Taipei,1997-02-16 22:51:53,Russian,Azerbaijan,2003-10-23T21:31:31,-4.3786965
68,25.574492,Asia/Ashgabat,1998-08-23 03:35:42,Central Khmer,Guinea,2008-12-22T16:24:53,58.0215245
70510,-111.487425,Pacific/Kwajalein,2021-12-07 01:57:39,Kinyarwanda,Tokelau,1989-07-10T06:58:38,-39.0393145
314046524,41.964041,Europe/Minsk,2015-05-14 19:33:18,Samoan,Greece,1984-12-06T18:01:20,-71.5992955
32376578,143.472339,America/Guayaquil,1977-09-03 21:32:45,Tibetan,Togo,2007-10-20T22:01:52,-10.7966275
104046742,154.287416,Europe/Oslo,1981-01-24 12:15:45,Bashkir,Swaziland,2020-03-03T07:52:30,59.787500
80,81.288601,Asia/Colombo,1992-09-02 01:18:23,Afrikaans,Turkmenistan,1998-12-10T17:55:36,-44.8856285
222798584,179.257350,America/Glace_Bay,2017-08-02 09:07:48,Luxembourgish,Botswana,2009-02-03T06:38:16,31.637832
8444,-13.401298,Africa/Ouagadougou,1988-05-14 05:02:58,Oriya,Trinidad and Tobago,1986-08-01T23:57:05,-32.890446
688231403,-10.535628,Pacific/Tongatapu,1972-08-30 18:22:16,Kurdish,French Guiana,2011-07-03T11:04:29,55.215065
3850,178.592909,Pacific/Honolulu,2004-04-25 13:46:50,Ndonga,Saint Pierre and Miquelon,1974-05-03T09:10:05,-34.230022
4600688,-48.136432,Europe/Rome,1984-08-27 00:14:25,Vietnamese,Togo,2015-01-07T04:04:37,73.516166
696338410,-58.139362,Pacific/Fiji,1973-09-08 00:01:48,Ukrainian,Bermuda,1982-08-25T23:59:04,-60.6407625
20,31.766254,Europe/Zaporozhye,2004-04-22 00:22:48,North Ndebele,Austria,1984-07-25T04:43:56,5.648351
21023,-35.854327,Asia/Calcutta,1996-04-04 12:36:05,Yoruba,Guadeloupe,1999-04-03T06:53:13,-13.205984
36641,32.543589,Asia/Ashgabat,1970-05-13 12:20:27,Corsican,Egypt,2019-10-29T20:26:26,55.924060
98067655,-18.056885,America/Jamaica,2003-10-13 05:23:30,Croatian,United Arab Emirates,1983-05-16T09:42:28,18.346909
29,-28.217873,Asia/Qatar,1988-02-07 14:01:25,Malay,Netherlands Antilles,2022-08-26T02:00:23,40.425678
4,178.665137,Europe/Zagreb,1999-05-30 08:26:54,Bengali,Israel,1993-04-11T22:22:13,-61.790516
579373,-23.741125,Asia/Katmandu,1981-11-20 02:37:39,Greek,Peru,1977-12-28T18:17:59,22.473233
1,-67.064243,Asia/Kuala_Lumpur,1994-04-03 22:22:21,Icelandic,Spain,2002-01-19T09:43:15,59.3982625
697665092,66.344457,Africa/Nairobi,1987-09-10 03:20:51,Russian,Argentina,1973-09-10T12:03:38,-14.5707965
29,146.274145,Pacific/Ponape,2014-01-05 07:05:15,Thai,Poland,2002-05-24T02:48:57,-11.2413655
5,146.564486,Asia/Colombo,2011-11-24 19:35:27,Ewe,Mauritius,1979-11-05T16:17:34,-77.015231
271,-168.665490,America/Barbados,1985-09-30 03:46:09,Avaric,Dominican Republic,1982-04-05T08:57:03,-42.3371595
900199870,136.757730,America/Tegucigalpa,1998-10-29 02:36:27,Hiri Motu,Comoros,1979-04-18T00:40:36,63.331786
47278,-16.716161,Asia/Bishkek,1989-02-04 11:44:45,Swahili,Brazil,1979-05-15T08:54:55,78.0031265
90,31.358874,Europe/London,1995-09-03 08:19:35,Luxembourgish,Bahrain,2022-10-19T05:15:19,51.989912
9223675,35.030577,Africa/Khartoum,1982-10-09 03:03:05,Pushto,Costa Rica,2014-06-19T06:10:21,-27.6237135
517303883,121.936136,Europe/Zagreb,1992-06-19 09:33:38,Danish,Bouvet Island (Bouvetoya),2000-01-13T06:30:47,51.2453545
300,-142.508862,America/Panama,2000-05-27 12:18:41,Maori,Austria,1975-07-10T00:50:21,-82.1469965
344,92.678929,America/Paramaribo,2023-08-24 00:10:54,Nauru,Tuvalu,2007-12-16T20:10:34,-73.351216
30768474,162.130039,Asia/Baghdad,2018-10-20 00:17:04,Bengali,Lithuania,1978-08-03T20:49:28,8.491846
27,-133.072819,America/Denver,2012-12-03 21:49:40,Georgian,Burundi,2004-06-20T17:12:08,18.1899475
539,-154.465215,America/Belize,1981-11-15 22:48:13,Kurdish,Algeria,1999-10-07T21:39:08,-23.541804
7285757,127.038112,America/Barbados,2013-11-20 08:34:49,Kurdish,Nepal,2014-06-13T13:22:46,22.111356
0,-92.920129,Africa/Lusaka,1998-06-30 02:39:18,Bislama,United States Minor Outlying Islands,1970-08-20T01:44:27,-63.3351015
57347866,67.489424,Atlantic/Reykjavik,2014-08-05 21:12:15,Dzongkha,United States Virgin Islands,1983-01-27T10:39:27,87.9346335
9,-11.807960,Africa/Algiers,2022-12-15 00:51:34,Lao,Guernsey,2017-07-24T21:12:45,43.547642
273843320,-86.564539,Europe/Bratislava,2018-08-27 18:05:13,Norwegian Nynorsk,Sudan,1983-12-23T23:15:35,-46.8498705
420883,-64.369800,Africa/Lusaka,1971-09-28 13:27:50,Church Slavic,Belarus,1989-03-31T10:56:24,-44.590456
50,23.535148,Pacific/Palau,2008-02-08 06:08:56,Limburgan,United Arab Emirates,1978-02-21T19:14:22,-83.512269
260140,-121.058210,Asia/Colombo,1973-12-07 15:10:06,Kurdish,Tanzania,1981-01-08T20:46:24,50.8573105
41,47.292386,America/Shiprock,1994-09-24 06:43:52,Slovak,Lithuania,1985-10-24T11:19:02,-39.905186
35,-100.602924,Europe/Istanbul,1977-09-28 07:08:54,Tagalog,Sweden,2016-07-13T18:14:38,-85.1105985
893167,78.088970,Asia/Aden,1981-01-17 21:08:39,Malay,Uganda,1980-10-28T00:36:53,-3.9981005
917,122.361846,America/Santo_Domingo,2000-04-03 07:54:49,Interlingua,Zambia,1987-01-30T12:36:48,19.410427
5,41.803554,Africa/Kigali,2018-01-24 05:16:39,Sichuan Yi,Palau,1994-09-25T03:58:49,-49.5341985
5,-116.811493,Asia/Taipei,2009-05-29 13:11:49,Kazakh,Montenegro,1982-03-01T21:53:11,6.6291845
45049,-85.116439,Pacific/Port_Moresby,1997-06-10 21:24:24,Manx,Colombia,1999-02-15T09:31:22,16.5272315
84285,-28.154409,Africa/Maputo,2014-06-16 02:49:29,Chechen,British Virgin Islands,1979-12-24T18:39:37,67.6456585
60,165.849168,Europe/Vaduz,1975-05-13 14:10:22,French,Japan,2014-11-01T14:33:38,-57.5292845
80036,-38.419394,America/Barbados,2016-11-11 18:33:52,Russian,Pitcairn Islands,1980-12-07T00:45:49,12.9076495
731952,-92.248318,America/Tijuana,2017-05-23 08:27:23,Spanish,Azerbaijan,1981-03-04T10:54:50,6.1272045
9002179,-148.741029,Africa/Accra,1989-06-23 01:55:29,Central Khmer,Latvia,1976-01-18T15:43:41,-80.391815
146,-122.334970,America/La_Paz,2003-08-09 21:56:33,Chamorro,United States Virgin Islands,2003-08-18T20:41:08,80.538441
3852,-169.839581,Asia/Muscat,1994-04-06 23:46:41,Gaelic,Fiji,2020-08-31T03:06:30,-74.044646
4480,46.232323,Europe/Sarajevo,2005-08-03 23:28:34,Yiddish,Malaysia,1980-01-12T11:07:08,35.734621
3,30.617964,Asia/Aqtau,1995-06-29 17:56:53,Faroese,Croatia,2022-09-24T20:27:49,70.6944085
639841,26.791203,Europe/Brussels,2023-06-28 05:47:49,Chichewa,Romania,2001-04-27T15:03:00,-19.471188
0,91.872438,America/Tegucigalpa,1976-12-28 09:22:01,Nauru,Sri Lanka,2002-09-05T08:28:45,16.1560535
24033301,1.193748,Pacific/Truk,2000-02-19 17:40:59,Inuktitut,Barbados,1990-03-26T07:53:01,-46.484863
3,-153.623815,Europe/Brussels,2005-01-18 08:11:10,Albanian,Venezuela,2017-12-21T09:02:24,-70.2797255
54508067,-36.854154,Asia/Baghdad,1973-01-25 08:02:56,Malay,Slovenia,1989-04-26T08:41:43,-59.6178485
80222576,42.937783,Indian/Maldives,2005-05-05 21:02:53,French,Somalia,2000-07-04T03:59:25,-5.872776
4345290,3.044836,America/Asuncion,1997-01-31 13:38:47,Avestan,Slovakia (Slovak Republic),2012-06-12T00:21:58,-16.149413
3,-82.673224,Asia/Bangkok,1983-11-02 19:13:45,Thai,Palestinian Territory,2000-12-15T06:13:36,86.5215285
884536229,-29.397626,Asia/Dubai,2002-04-29 02:25:55,Croatian,Oman,2013-10-30T06:39:49,21.5527765
562447151,115.234464,Africa/Nouakchott,1990-01-09 06:18:53,Kuanyama,French Guiana,2010-04-25T09:42:56,-41.6533865
892650,173.559198,America/St_Vincent,2013-03-04 10:38:59,Quechua,Bosnia and Herzegovina,1972-11-25T23:35:17,-18.540552
23316947,-10.822097,Asia/Dhaka,1993-07-05 19:29:50,Malagasy,Portugal,1977-02-28T10:21:45,88.397193
101492599,113.020699,America/Port_of_Spain,1979-07-27 03:25:50,Thai,Korea,2020-07-05T04:37:05,47.2184975
9,-176.861961,Europe/Athens,1989-03-28 05:30:12,Maltese,Tonga,1999-01-23T03:00:22,-84.1231865
365217988,-60.526840,Africa/Monrovia,2012-11-15 22:37:05,Portuguese,Saint Lucia,2020-05-11T18:08:07,87.6360165
8701,135.099366,Asia/Tokyo,1975-06-27 04:27:26,Cornish,Kyrgyz Republic,1995-11-01T08:33:06,55.6061585
0,-52.829000,Europe/Bratislava,1984-11-13 02:24:12,Zhuang,Bangladesh,2021-07-15T17:49:15,-77.408350
64921,8.714451,Africa/Cairo,1994-12-11 14:33:32,Slovenian,Guadeloupe,2014-05-16T04:19:43,60.439992
4543846,-137.645865,Asia/Vientiane,1981-03-25 19:15:56,Bislama,Montserrat,2001-12-16T07:55:17,23.166181
630563,1.875658,Europe/Zurich,2023-09-05 13:37:46,Guarani,Myanmar,1977-08-14T15:50:13,39.178999
4,-85.155231,Africa/Lubumbashi,1992-07-22 15:09:32,Azerbaijani,Bulgaria,1970-08-21T17:14:48,-69.1976075
2158,-176.009273,Africa/Douala,1981-03-17 08:23:41,Zulu,Japan,2003-01-23T11:57:54,-27.6353465
80046678,-109.327116,Africa/Khartoum,1979-02-04 23:50:55,Avaric,Bahrain,1988-05-15T04:54:40,-50.8561005
3010,125.387967,Europe/Istanbul,1998-06-06 15:09:13,Korean,Slovenia,2018-03-15T18:57:11,79.3420595
36354,1.079774,Asia/Qatar,2023-05-18 21:54:29,Uzbek,Azerbaijan,1996-10-23T14:12:33,-50.9575945
50695559,163.762756,America/Belize,2019-02-17 23:19:38,Pushto,Syrian Arab Republic,2000-04-05T10:53:36,54.6847935
979,58.812809,Europe/Zaporozhye,1973-07-16 09:56:51,Burmese,Saint Martin,1994-03-07T07:38:04,-60.8879935
299,-154.792938,Pacific/Tongatapu,2020-09-08 17:44:02,Finnish,Sudan,2017-05-17T16:44:26,17.723217
67,-40.893990,Asia/Bangkok,2002-08-19 12:38:29,Tahitian,Georgia,1984-08-17T21:36:45,-62.467328
80573,-153.897812,Asia/Bangkok,2019-07-06 14:55:26,Bambara,Ghana,1999-07-25T09:29:34,-7.779235
5,-140.215121,Africa/Banjul,1978-06-18 19:08:54,Guarani,Armenia,2006-02-19T20:57:38,36.276187
5426340,133.749994,Asia/Makassar,2001-12-10 19:44:44,Fijian,Honduras,2003-08-03T21:43:58,-45.234210
38745,17.601372,America/Barbados,2012-07-15 06:53:55,Avaric,Netherlands,1979-07-24T12:27:57,2.0684655
0,-139.954227,Africa/Dar_es_Salaam,1982-11-14 20:59:02,Malagasy,Maldives,2008-01-08T23:05:56,-11.387188
558293,62.200479,Africa/Accra,1975-04-06 01:19:00,Ojibwa,Eritrea,1972-04-26T03:37:50,80.9857855
1334477,70.959714,Pacific/Truk,1976-02-01 04:19:45,Danish,Wallis and Futuna,1979-01-29T20:31:14,-38.9386585
30229,176.966484,Europe/Amsterdam,1981-10-03 14:37:11,Afrikaans,Spain,2008-01-09T18:09:59,12.330788
205602,46.599227,Asia/Aden,2010-03-14 12:30:06,Bengali,British Virgin Islands,1999-10-28T07:49:39,-26.275852
3170904,-152.601270,Europe/Tirane,1988-03-21 04:46:38,Pushto,Liberia,2002-01-12T12:00:14,63.073717
77322,-8.327451,Europe/Andorra,1973-09-22 21:19:40,Hausa,Mexico,1987-01-21T19:20:59,81.7232375
74382194,96.762974,Europe/Bucharest,1994-08-10 14:21:46,Church Slavic,Zimbabwe,1991-05-31T12:41:48,16.495111
320,145.016033,Europe/Rome,1992-09-18 11:01:09,Central Khmer,Mali,1971-05-07T15:47:52,54.5337915
66381852,-153.437586,America/Havana,1970-12-16 11:50:37,Afar,Canada,1982-04-02T09:49:25,-34.117369
60,-76.266341,Africa/Bujumbura,1978-06-30 16:11:17,Luba-Katanga,Micronesia,2002-06-01T21:48:52,-50.3273305
513,-82.056315,Europe/Athens,1978-04-20 19:53:39,Somali,Spain,2019-04-02T19:22:56,-66.3946425
915588746,168.355069,America/Barbados,2014-07-29 22:01:56,Avestan,Madagascar,2017-03-18T19:49:49,-87.5243865
86679025,-72.159181,Pacific/Efate,2008-02-12 01:24:40,Tagalog,British Indian Ocean Territory (Chagos Archipelago),2009-09-03T10:01:49,13.590706
37867150,156.366900,Africa/Maseru,2007-12-24 01:33:15,Igbo,Holy See (Vatican City State),1983-09-25T05:24:13,-22.388530
105,164.862770,Europe/Amsterdam,1979-09-13 09:18:49,Oriya,Belarus,2005-08-18T04:11:58,-72.2582085
6956539,-26.829345,Europe/Podgorica,1973-03-13 00:15:17,Samoan,Congo,2009-06-01T11:44:56,-82.9295135
2278731,-85.815879,Asia/Singapore,2013-07-26 02:51:47,Uzbek,Korea,2004-05-05T23:05:51,-17.856204
22365674,-47.517193,Asia/Aqtau,2004-03-23 21:24:05,Malayalam,Bangladesh,2002-11-23T07:10:25,-4.589535
2,34.566334,Pacific/Auckland,2011-07-27 21:39:59,Amharic,Grenada,1976-10-13T20:48:50,-74.344966
58,-12.173510,Europe/Vienna,1998-10-16 19:07:28,Fulah,Tonga,1980-03-16T05:47:52,12.9301625
10,43.410254,America/Antigua,2003-08-05 20:11:26,Hausa,Brunei Darussalam,2016-08-09T21:51:42,-32.2012305
787869,27.586785,Europe/Andorra,1997-05-07 22:36:30,English,Malta,2012-03-23T13:12:40,58.2057655
79750805,179.455281,Asia/Karachi,1995-07-17 15:20:57,Ndonga,Comoros,1983-11-17T23:34:04,1.323443
7015507,-110.355823,Asia/Dushanbe,1996-07-10 09:22:43,Chuvash,Svalbard & Jan Mayen Islands,1995-11-26T23:56:12,36.3703175
44927,75.979985,Africa/Blantyre,2018-04-22 07:14:38,Church Slavic,Cayman Islands,1970-02-03T20:58:10,67.897956
38916818,-45.789030,Europe/Stockholm,2001-02-11 19:24:17,Samoan,Christmas Island,2012-09-29T13:32:43,8.822483
964,-126.203783,Europe/Warsaw,2001-04-27 05:28:45,Amharic,Greece,2016-10-03T09:51:39,69.075030
5757,150.799702,Asia/Aqtau,2014-01-31 07:25:10,Ukrainian,Mali,1989-01-02T16:59:02,49.6819845
582504609,91.314062,Africa/Johannesburg,1971-03-08 13:26:59,Italian,Solomon Islands,1992-05-17T01:27:37,-49.331992
1,36.393423,Europe/Sarajevo,1991-11-22 19:17:12,Haitian,Sao Tome and Principe,2015-09-17T01:55:38,84.950245
884,120.799925,Europe/Chisinau,2000-10-01 12:33:20,Bashkir,Senegal,1996-08-16T20:55:57,-52.424656
1222,-139.177561,Asia/Baku,1988-02-14 23:17:40,Uighur,Mayotte,1971-09-03T17:21:00,40.216003
8393,-138.070895,Pacific/Nauru,1987-05-30 18:19:30,Yiddish,Kuwait,1988-11-05T03:08:50,-40.934877
990477287,-157.935074,Europe/Vienna,2016-06-30 02:31:53,Inuktitut,Netherlands,1995-08-08T15:50:55,59.296404
2859,-111.077333,Atlantic/Cape_Verde,1987-07-11 13:08:58,Kuanyama,Iceland,1973-12-12T20:04:14,-0.6437345
363,-144.294523,Africa/Kigali,1985-12-03 14:16:20,Macedonian,Central African Republic,1993-02-28T08:06:37,66.530096
367003637,-17.934260,Europe/Sofia,2001-07-21 11:57:23,Oromo,Vietnam,1994-10-08T10:48:41,18.6300695
1,-24.048951,America/Grenada,2004-06-14 17:13:29,Chuvash,Peru,1971-02-09T10:13:51,53.1511735
209974,-122.436976,Africa/Cairo,1976-10-12 07:01:09,Cornish,Albania,2002-03-04T14:32:56,-84.123637
59,-38.413182,Africa/Bangui,1970-08-10 03:27:04,Serbian,Maldives,1989-04-10T21:14:17,-86.456159
318633,-36.420134,Africa/Mogadishu,1997-10-17 11:28:39,Igbo,Kuwait,1998-02-15T00:26:50,63.649844
53122966,-177.840994,Europe/Sofia,1987-12-16 20:46:08,Venda,Svalbard & Jan Mayen Islands,1971-12-31T16:59:24,62.185916
32,173.029062,Africa/Sao_Tome,2011-11-18 10:35:21,Breton,Belgium,2000-06-26T13:32:14,-31.483193
67,-31.529443,America/Los_Angeles,2007-12-05 19:48:39,Quechua,North Macedonia,1993-02-27T09:04:53,-9.750104
6315733,5.372905,Asia/Kamchatka,1983-01-01 01:52:03,Samoan,New Caledonia,2011-04-06T06:50:51,-66.9553155
140,-11.448801,Africa/Abidjan,1984-08-15 22:44:18,Limburgan,Saint Kitts and Nevis,2017-08-29T02:31:38,83.9001825
34315,40.575270,Asia/Beirut,1989-08-07 10:42:10,Limburgan,Cape Verde,1981-11-22T11:09:03,21.3508545
62,-50.875914,America/Bogota,2003-04-29 17:08:23,Hausa,Trinidad and Tobago,2019-10-27T17:04:21,76.9790415
