latitude,mac_address,company,pricetag,language_name,date,hostname,country,random_number,language_code,longitude,city,iso8601,date_time,timezone,bank_country
-44.564919,fb:c3:c1:39:af:ae,Cooper Ltd,$37.93,Malay,1980-11-01,email-36.bailey.com,Central African Republic,865,da,54.053397,Jessicaside,1992-11-24T10:47:05,1977-12-26 16:53:43,Asia/Dushanbe,GB
-52.6950185,ad:43:e5:04:67:20,Brown and Sons,"$95,440.28",Bambara,1985-04-15,email-36.davidson-smith.com,Argentina,8,sat,-73.811359,Stewartbury,1992-03-07T00:00:05,1981-08-16 05:00:17,Asia/Aqtau,GB
38.696257,64:5f:85:38:27:11,Talbot Inc,$0.43,Yoruba,1982-08-04,laptop-89.ford-mccarthy.com,Monaco,172,fur,-148.233379,Craighaven,1971-07-02T05:56:04,2010-06-20 08:47:51,Asia/Amman,GB
69.4339985,53:47:01:31:3f:e2,"Williams, Ellis and Gilbert","$63,835.72",Hausa,1973-03-21,db-45.murray.net,Yemen,71,fr,111.406513,Lloydborough,2021-06-16T20:36:45,2003-01-05 03:06:13,Africa/Asmera,GB
70.9660055,e2:4e:6d:ef:ca:60,Thompson Inc,"$6,112.53",Belarusian,1985-01-28,lt-36.doherty-pickering.info,Czech Republic,1343,nl,104.348376,North Gerard,2016-02-26T05:14:00,1972-01-22 06:58:02,America/Panama,GB
-84.481093,ca:58:3a:df:2b:1e,Smith Ltd,"$2,198.12",Turkish,2012-07-17,email-40.turner-davies.com,Senegal,500,gl,153.488107,Grahamchester,1996-03-25T18:20:01,1973-04-06 16:48:26,Asia/Calcutta,GB
45.925580,d2:c2:e6:f1:c8:b4,Parker PLC,"$69,423.87",Serbian,2009-09-03,db-72.simpson-hart.org,Ukraine,2,fr,47.411729,Walkerhaven,1985-06-28T10:39:49,1980-03-18 04:56:58,Europe/Athens,GB
-37.263312,13:2b:fd:78:32:64,"Powell, Lambert and Smith",$1.88,Tamil,1987-06-13,desktop-32.thompson.net,Heard Island and McDonald Islands,39454381,tg,63.421192,Lake Callumfort,2000-08-26T03:08:03,2020-03-07 05:09:24,America/Toronto,GB
-81.5173835,8b:dc:35:cf:18:78,"Jones, Marsden and Johnson","$59,891.94",Tsonga,1994-10-22,laptop-63.miller-wood.info,Lithuania,41,ca,81.207268,North Carl,1990-06-10T12:36:34,2013-06-03 09:31:02,Africa/Maseru,GB
74.2073555,73:db:b3:82:95:95,"Cartwright, Mills and Wright",$3.36,Esperanto,2021-03-05,desktop-66.myers.com,United Kingdom,2309542,oc,72.769039,Jonesberg,2004-10-13T23:07:57,1977-05-05 07:02:30,Europe/Vatican,GB
0.9793215,06:25:89:0a:a0:b0,"Kelly, Austin and Smith","$6,469.27",Kannada,2011-07-18,desktop-13.sutton-cooper.org,Costa Rica,571,mk,4.570063,East Shannonborough,1991-04-26T15:45:15,2010-02-23 05:13:37,Africa/Bujumbura,GB
-9.2534135,84:2b:6b:9b:a4:e7,"Dunn, Gray and Johnson","$88,150.34",Croatian,1973-07-18,web-42.hall.org,Russian Federation,6938,lij,143.449498,Port Bernard,1995-11-04T04:10:40,1987-10-17 14:38:30,Europe/Warsaw,GB
-5.3398475,e3:4f:ae:1b:ff:0e,Thompson Ltd,$0.07,Persian,2011-10-03,lt-71.smith-webster.com,New Caledonia,425,he,-49.983204,South Katieshire,2011-03-21T01:47:54,2020-12-18 13:29:23,Europe/Vaduz,GB
18.768220,4b:f6:e7:37:97:35,Stone Ltd,"$60,608.65",Bashkir,2004-08-25,lt-46.nash-clarke.com,Trinidad and Tobago,96,kw,-6.069753,Jamesview,1993-10-09T01:44:24,1992-07-20 04:36:37,Europe/Amsterdam,GB
-28.743470,42:6f:5f:21:b2:68,Smith-Peacock,$64.49,Georgian,2013-09-02,db-82.davies.biz,Cayman Islands,51980,wo,-18.119603,Baldwinside,1999-03-31T18:09:26,1996-04-15 17:35:09,America/Managua,GB
35.5441385,a9:a4:b4:df:23:6d,"Smith, Andrews and Rowley",$277.99,Avaric,2023-05-17,laptop-10.wilkinson.com,Austria,6,zh,-62.862785,Pooleborough,1973-05-12T20:08:51,2003-09-14 03:05:21,Africa/Maputo,GB
64.134967,9e:bd:7d:21:9b:2c,Johnson Ltd,"$64,548.31",Tonga,1975-07-28,db-92.evans-page.com,United Kingdom,9352190,ro,130.897637,Tinaport,1979-08-09T23:03:49,1999-11-14 09:15:52,Asia/Jakarta,GB
16.595109,60:3e:e2:eb:11:1d,"Collins, Carpenter and Gregory",$3.61,Yoruba,1985-03-25,laptop-66.stewart-bowen.com,Korea,9980782,fil,-29.311197,Port Robinside,1983-02-26T19:26:38,1980-04-29 12:15:32,Asia/Saigon,GB
21.7911395,01:b8:3f:dc:e6:a8,Webster-Smith,$585.14,Zulu,1984-11-25,email-64.mason.com,Cape Verde,7531,br,41.218630,South Mohammad,1990-12-16T06:14:37,2013-01-26 11:36:53,Africa/Ndjamena,GB
-6.004181,cb:a4:e9:77:a8:c8,"King, Murphy and Nicholls",$95.40,Chamorro,2016-03-29,desktop-76.reed.com,Netherlands Antilles,1,as,-35.791540,Mohamedfort,2019-02-28T11:43:11,1996-02-02 12:56:32,Africa/Addis_Ababa,GB
-42.2594355,39:97:64:4d:a7:c3,Bradley LLC,"$80,747.10",Polish,2006-10-16,web-46.wood-clark.com,Lesotho,55,af,-66.918466,Julianmouth,2005-08-18T04:04:40,1972-11-20 22:57:24,Africa/Windhoek,GB
-0.116071,6d:7e:17:8d:fc:5d,Smith LLC,"$82,900.79",Tigrinya,2014-12-05,laptop-96.roberts-miller.info,Saint Pierre and Miquelon,1810430,gez,78.668430,Barnettland,2020-03-06T21:53:29,2013-02-21 10:36:30,Europe/Minsk,GB
64.6923045,5e:d1:c5:e7:a9:94,Reed-Johnson,$71.14,Inuktitut,1976-08-18,srv-42.warren.org,Lebanon,205,cy,-92.208665,Lake Alexander,1971-02-06T19:12:02,1974-07-23 06:57:28,Asia/Saigon,GB
56.1132115,95:9d:fa:a9:75:f0,Dean Inc,"$3,229.92",Yiddish,1973-10-16,desktop-19.gray-robinson.com,Saint Helena,38324,tt,90.928271,West Natalieburgh,2013-07-07T17:23:19,2019-11-18 22:43:36,Europe/Amsterdam,GB
67.9158365,34:9a:dd:f1:dd:1c,Murphy-Smith,$18.67,Xhosa,1981-11-02,desktop-45.crawford.org,Tunisia,1967,af,16.485347,North Teresaton,1992-12-08T12:26:08,1996-09-22 03:56:04,Africa/Bangui,GB
41.8506005,2f:3d:77:03:f0:91,Bray Group,"$46,257.70",Arabic,2018-03-03,email-60.smith-pritchard.com,Kenya,28299870,unm,44.764633,Victorberg,2004-08-31T01:07:28,2017-04-25 18:04:13,Europe/Tirane,GB
42.237285,67:7b:e8:bf:bd:cd,"Abbott, Pearson and Smith",$6.24,Amharic,2010-04-20,db-94.bennett.com,Spain,600380584,ml,148.861010,Carpentershire,2012-06-20T22:09:59,2005-03-01 18:41:06,Asia/Gaza,GB
27.772630,72:24:58:47:c3:c6,"Spencer, Rogers and Akhtar","$4,749.51",Turkish,1985-02-24,srv-72.simmons.com,Kenya,50,kk,96.238395,East Lesley,2009-08-30T02:06:58,1976-02-25 02:13:44,Asia/Dhaka,GB
23.1368895,c3:ac:02:a9:b8:5e,"Hayes, Tomlinson and Simpson","$2,452.32",Tonga,1975-12-28,desktop-03.young-james.com,Congo,300804,cmn,-61.341707,West Jordanland,1986-07-05T22:39:42,2016-10-16 07:15:00,Africa/Harare,GB
-43.1548375,4e:3c:ca:ea:a8:a5,Mitchell-Mitchell,$24.11,Aymara,2009-10-26,srv-09.atkins.net,Cambodia,939824574,brx,-41.389403,North Ross,2019-07-08T00:39:16,1992-10-04 05:09:54,Europe/Luxembourg,GB
-88.414912,4b:93:29:21:27:e9,"Jordan, Naylor and Payne","$93,177.39",Amharic,1985-05-08,laptop-25.rees-hicks.com,Macao,22845499,om,92.405442,New Pamela,2012-01-01T17:04:22,1977-12-19 11:01:49,Europe/Belgrade,GB
-57.5374665,53:ce:61:fa:7e:71,"Brown, Watson and Collins","$3,680.70",Hebrew,1985-02-15,desktop-30.sheppard.com,Gabon,1671,niu,-17.285690,Wilsonton,2011-08-20T04:21:13,2022-06-16 05:35:26,Europe/Sarajevo,GB
-61.5100735,02:7a:0f:4c:ec:d0,"Davis, Hunter and Palmer","$39,025.73",Kirghiz,1990-09-07,web-70.dickinson.com,Palestinian Territory,81,ast,31.310777,West Yvonneside,1971-04-12T06:58:05,1983-07-23 19:14:58,Europe/Rome,GB
31.1726175,9e:04:62:ee:f5:e5,Richardson Group,"$9,641.66",Korean,1972-09-19,db-08.price.co.uk,Norfolk Island,9275,gez,93.650737,Jacobmouth,2009-01-14T14:21:37,1972-07-09 12:14:32,Europe/Tirane,GB
-17.641557,e9:af:2e:5c:a7:18,Davies-Griffiths,"$8,946.88",Faroese,1978-06-08,db-50.berry.com,Monaco,639361,ps,111.602374,Joannaport,1991-09-17T14:41:13,2006-03-30 07:03:07,Africa/Ndjamena,GB
10.868729,86:2c:11:b6:4b:7c,Byrne and Sons,$42.90,Tatar,1989-05-12,srv-70.lee.com,Azerbaijan,7203856,cy,-157.791714,East Janet,2022-05-26T20:15:15,1973-12-03 21:40:48,America/Campo_Grande,GB
82.311062,59:f3:ad:8a:46:fb,Wilson-Douglas,"$8,065.15",Tigrinya,2009-04-13,db-80.fitzgerald.biz,Palau,6349,gu,-1.785153,Elizabethside,1995-12-14T04:50:55,1977-03-15 13:13:11,Pacific/Nauru,GB
-20.411882,18:19:d6:82:07:2a,Taylor Group,$1.41,Divehi,2008-01-13,db-83.lewis.com,Bouvet Island (Bouvetoya),331,bs,60.349395,New Allanfort,1994-02-15T13:28:41,1989-11-05 06:35:00,Asia/Dhaka,GB
-67.5482495,be:73:ac:82:6c:e7,Lee LLC,"$3,900.30",Fulah,1982-07-19,laptop-36.king-taylor.co.uk,Azerbaijan,172811082,hi,-27.378834,West Michaelberg,2004-06-27T15:12:28,1990-03-10 05:14:30,Asia/Phnom_Penh,GB
62.751098,b4:a3:ba:77:81:fb,Arnold LLC,$733.08,Greek,1985-10-14,email-72.spencer-hardy.co.uk,Anguilla,181616757,id,-127.462128,New Lauren,1983-11-01T07:14:43,1995-03-19 04:43:38,Europe/Chisinau,GB
86.1457355,e0:f5:a0:8e:37:d4,Gill Group,"$11,018.68",Turkish,1990-01-02,laptop-18.smith.biz,Honduras,89478,rw,75.927334,South Kirstyshire,2007-03-23T07:55:17,2015-06-22 16:37:57,Africa/Sao_Tome,GB
60.9947725,8d:ca:e4:87:7f:b5,Green-Ahmed,$30.39,Igbo,1973-07-18,desktop-63.begum-stokes.co.uk,Congo,16143,iu,17.550456,Port Marcus,1979-02-04T16:14:59,2011-11-22 08:25:59,Europe/Andorra,GB
-34.448751,c4:c9:f7:82:8a:0b,Patel LLC,$92.85,Swati,1976-10-17,laptop-32.goddard.net,Tonga,456943983,sk,155.871599,Smithbury,2005-05-13T07:25:02,2021-11-12 01:08:51,Pacific/Truk,GB
-63.4217755,bc:55:65:34:97:df,"Grant, Moore and Hughes",$761.24,Northern Sami,2014-01-20,srv-63.smith.net,Cambodia,262369,lt,144.735790,Jennaton,1970-01-04T03:40:22,1982-07-27 15:34:18,Pacific/Apia,GB
-2.180670,ff:09:16:34:f6:ef,Ashton-Bentley,$85.18,Tsonga,1993-06-30,laptop-73.kelly-swift.com,Lesotho,66553242,os,7.990684,Junechester,1985-09-09T10:54:42,1985-05-03 13:56:07,Europe/Stockholm,GB
4.909799,9e:70:e4:0f:ab:d0,Little Ltd,$23.50,Tagalog,1970-11-17,desktop-80.ellis.com,Timor-Leste,8152,shs,-141.054216,West Rosie,2022-11-11T14:04:11,1988-01-01 05:17:55,Europe/Luxembourg,GB
25.203738,43:48:5b:03:50:a8,Baker-Price,"$24,239.40",Tajik,1988-12-10,srv-72.miller.com,Tuvalu,851707980,an,-57.765346,Lisashire,1993-10-04T08:09:32,2008-05-14 13:19:07,Europe/Prague,GB
36.072127,c1:c6:34:65:4a:1e,May-Lucas,"$49,445.85",Albanian,1988-07-19,db-00.brooks-richards.com,Nauru,20856,hsb,27.368103,Bakerhaven,1970-04-16T08:33:32,2022-03-14 09:31:44,Africa/Asmera,GB
-11.579731,d3:a9:a7:4f:48:f3,Marsden-Jones,$14.11,Igbo,2004-06-02,email-06.taylor.org,Guyana,97675913,da,-2.321968,East Karlland,1979-04-06T18:19:20,1977-01-23 16:28:24,Pacific/Fiji,GB
63.0455685,f7:7d:24:e1:9f:4c,Hammond-Davis,$918.59,Inuktitut,1973-06-29,laptop-15.smith.net,Saint Pierre and Miquelon,88,yi,95.777180,Jennifertown,2021-03-19T08:15:02,1992-01-26 12:27:14,America/Barbados,GB
-54.155945,d1:8b:d7:16:8f:59,White-Evans,$211.70,Haitian,2009-08-20,lt-10.nicholson-wood.com,Mongolia,103073,ml,49.622395,Annetteview,2018-06-03T19:28:08,1970-05-15 12:26:02,Asia/Seoul,GB
29.431936,7e:06:3b:0b:d8:aa,Parkinson and Sons,$239.77,Kinyarwanda,1999-09-08,web-61.kelly.com,Sudan,69614787,kl,-85.556061,Singhberg,2020-02-05T05:23:25,2021-11-15 23:21:50,Africa/Bissau,GB
16.174727,d1:58:05:62:cb:fc,Harvey Ltd,"$42,229.65",Amharic,1994-09-28,email-43.elliott.net,Bermuda,5501,ks,-168.969456,West Iainview,2004-06-05T09:54:06,1985-03-20 17:08:12,America/Havana,GB
-40.8217915,d9:65:3a:41:7b:5f,"Connolly, Richardson and Carr",$346.10,Ukrainian,1975-06-29,srv-24.spencer.com,Reunion,2121,pl,20.554106,North Beth,1994-01-15T09:25:49,2008-02-15 08:01:44,Asia/Phnom_Penh,GB
76.717094,f3:c4:42:56:9c:16,Thomas-Smith,"$9,252.45",Bislama,1998-03-01,web-16.davies-clarke.biz,Maldives,1839404,sd,130.842713,West Bethfort,1994-02-13T15:26:14,1976-03-02 19:33:42,Africa/Bangui,GB
-85.6619675,43:81:16:e2:1a:39,Hall LLC,$97.99,Azerbaijani,2014-07-06,desktop-82.ford.info,Libyan Arab Jamahiriya,435,sq,-18.885302,New Valerie,1994-02-04T20:14:18,1972-03-11 11:49:14,Europe/Brussels,GB
-51.715903,cd:93:20:70:1f:33,"Miles, Mahmood and Hussain","$5,554.01",Northern Sami,1998-09-28,desktop-85.smith.biz,Angola,451936,sv,-7.803783,Webbshire,1994-09-19T17:38:09,2016-06-16 09:35:22,Africa/Libreville,GB
28.594976,95:77:2d:3c:e0:71,"Fowler, Morgan and Gibson","$8,809.61",Romanian,1986-06-19,laptop-45.winter.co.uk,Sao Tome and Principe,7451058,th,-86.360873,Leeberg,1991-12-14T23:37:27,2007-03-08 12:13:17,Europe/Warsaw,GB
-57.817394,1f:e8:b6:f7:66:b7,Palmer-Barton,$31.97,Macedonian,1971-06-27,laptop-32.humphreys.biz,San Marino,84353,lt,-43.134754,Lake Reeceville,1990-05-21T01:40:12,1989-09-23 14:51:10,Asia/Seoul,GB
82.440365,b0:c7:23:b8:e1:07,"Hussain, Powell and Davis",$56.01,Tswana,2012-07-30,web-63.palmer.com,Finland,414,br,70.498734,Berryton,2003-03-23T22:40:02,1994-06-21 06:52:24,Pacific/Tongatapu,GB
34.7345345,ce:bc:84:f7:c2:5a,"Woods, Newman and Kay","$21,853.11",Luxembourgish,1985-11-17,email-60.myers-connolly.co.uk,Liechtenstein,697522,el,-23.825454,North Mauriceberg,1970-08-05T14:18:32,1992-04-14 14:23:33,Asia/Karachi,GB
87.001090,74:ca:cd:2a:06:14,"Martin, Ali and Collins","$8,126.27",Kalaallisut,2004-06-13,email-86.pope.biz,Libyan Arab Jamahiriya,4717468,ik,64.919976,Lake Helenfort,2011-08-05T03:08:14,2000-12-13 05:02:10,Australia/Lord_Howe,GB
-47.425887,79:6a:b9:ad:ef:c5,Clarke-White,$869.18,French,1981-02-26,laptop-13.richards-steele.com,British Virgin Islands,703,ht,-114.783655,Port Dennis,2008-02-10T08:41:05,2017-07-30 10:40:05,America/Havana,GB
-22.503124,b6:cd:2c:4f:f2:f9,"Bradshaw, Wood and Shaw","$6,271.42",Gaelic,1971-04-29,desktop-26.anderson.biz,Netherlands,575,wal,-157.030066,East Terryview,2001-03-03T16:27:57,1986-01-31 01:37:38,Europe/London,GB
29.7981985,56:5f:6e:e9:a3:f2,"Garner, Owen and Kirby","$55,274.82",Basque,1971-06-12,desktop-52.phillips.com,Saudi Arabia,7437760,mi,-66.915711,Port Adrianburgh,1970-12-10T01:30:51,1988-04-16 22:36:49,Asia/Jerusalem,GB
-75.3819285,0d:86:cf:d9:64:32,"Jenkins, Thomas and Dobson","$96,114.64",Ganda,1974-03-14,laptop-05.bailey.com,Northern Mariana Islands,3365,el,-77.155504,Glentown,1990-12-16T22:31:32,1993-03-28 15:31:17,Pacific/Palau,GB
73.197441,67:51:91:1b:2a:33,Ali-Fox,$839.91,Walloon,1976-01-27,desktop-11.baker.com,Costa Rica,35487,li,-162.136934,Mollytown,2012-07-18T01:44:21,2016-03-15 00:06:54,Asia/Baku,GB
-68.6534705,b6:72:5f:c4:a2:77,Frost Inc,"$3,452.06",Armenian,1986-05-29,srv-94.bartlett.info,Cyprus,8,doi,124.535030,Thomasside,1980-07-12T09:00:43,1989-05-06 23:48:55,Africa/Asmera,GB
79.179135,0b:77:c8:d3:03:92,King-Patel,"$31,328.29",Inupiaq,2003-03-05,db-46.smith.com,Afghanistan,1672596,uz,14.581564,Akhtarside,1977-08-09T03:21:51,1998-03-19 13:19:35,Asia/Pontianak,GB
77.5066065,f6:b0:b9:ba:a0:e7,Brown Group,$66.34,Gaelic,1984-01-12,db-29.clark-booth.co.uk,Malta,2,mk,-173.566961,West Bethany,1983-08-29T15:40:40,2020-10-05 21:53:24,Pacific/Apia,GB
-25.0525075,5f:eb:22:fc:f6:43,Sinclair PLC,"$10,284.13",Sanskrit,1974-08-21,lt-66.spencer.co.uk,Sudan,700788,dv,-152.056988,Simpsonbury,2023-06-15T08:17:08,1977-09-25 11:36:33,Africa/Libreville,GB
77.507601,83:f1:35:2a:3c:7e,Parkes-Thompson,$0.83,Afar,1986-06-18,laptop-35.simpson.info,Bouvet Island (Bouvetoya),89698,an,-64.551081,Johnsonville,1998-04-15T11:43:36,2014-05-23 20:14:37,America/Guyana,GB
66.697792,94:29:e0:a7:a9:44,"Moran, Clarke and Jones","$3,077.18",Tajik,2023-06-03,srv-07.smith.com,United Kingdom,6227,cy,127.763024,Westmouth,1989-12-28T03:13:52,1999-06-22 08:35:15,Europe/Vienna,GB
33.840335,df:bc:32:29:41:5a,"Whitehead, Yates and Martin","$8,965.80",Maltese,1988-04-14,email-23.skinner-jones.info,Martinique,133717990,tn,70.427679,Janebury,1979-10-18T08:50:28,1994-08-28 21:40:10,Africa/Lagos,GB
-71.079282,b8:35:cd:60:4f:e6,Khan Inc,"$74,909.08",Portuguese,2017-01-28,web-80.hughes.biz,Iraq,731653,ky,47.238058,Lake Kevinfurt,2002-09-09T00:55:24,1970-08-31 17:43:35,Europe/Zagreb,GB
53.758159,da:16:62:cf:91:93,Bennett PLC,"$7,588.09",Greek,2017-10-21,srv-06.summers.com,Ghana,42372000,lzh,-98.885934,West Ellie,2021-01-21T11:59:44,1975-05-13 13:14:02,Europe/Brussels,GB
-46.256248,a7:6e:7e:10:18:b9,Stone PLC,$24.54,Kashmiri,1976-11-26,lt-14.watts.com,Norfolk Island,6123,hne,8.989118,Wrighthaven,1980-02-11T02:03:08,2017-04-23 02:04:43,Africa/Bangui,GB
-75.846950,84:7d:8d:9f:89:f1,Walker-Ryan,$23.32,Pushto,1975-02-13,desktop-21.watson-brown.co.uk,Malta,7347914,zh,119.700441,Lake Victoria,1993-12-15T10:01:29,2003-06-03 04:41:52,Africa/Asmera,GB
-82.3384575,5c:44:d9:4d:f2:91,Hayward PLC,"$81,628.50",Swahili,1975-03-04,email-74.smith-booth.net,Algeria,2496,pt,-153.169905,Fitzgeraldville,1975-09-06T17:24:12,2014-10-03 15:34:52,Africa/Mbabane,GB
34.7593305,4b:5d:c2:84:14:70,Begum PLC,$579.51,Chinese,2020-02-12,db-09.roberts.com,Aruba,552061524,yo,152.077886,Aaronmouth,1971-01-21T16:40:24,1989-04-25 17:52:16,America/Paramaribo,GB
60.8851425,c2:ce:8b:af:9e:53,Hunt Ltd,$5.37,Ido,1991-05-30,db-87.freeman.info,Timor-Leste,14,ka,-68.682480,Murphyborough,1980-11-21T23:17:47,1979-03-22 21:55:12,Asia/Nicosia,GB
57.6144185,ea:89:a6:5e:de:b0,Thompson-Wood,"$14,474.73",Urdu,1979-09-06,srv-70.bell.net,Kyrgyz Republic,855987,sd,-91.118286,Janiceland,1981-07-06T23:56:03,1976-09-07 14:46:48,America/Sao_Paulo,GB
12.144193,31:d5:03:cd:38:07,Thomson-Roberts,$2.00,Ukrainian,2000-09-26,web-77.richardson.biz,Malta,4869,sl,150.712756,Garrymouth,1987-09-28T19:03:16,2007-12-22 10:25:59,Pacific/Funafuti,GB
16.3614735,a9:15:f8:d8:c3:39,Palmer PLC,$99.51,Luba-Katanga,2002-03-25,srv-77.howard.biz,Mozambique,26,so,-3.441076,North Fionaland,1987-10-03T21:23:54,1998-08-08 02:22:08,Europe/Bratislava,GB
-30.1067475,25:cf:d3:70:f4:f8,Patel-Hall,"$86,021.78",Fijian,2013-11-08,srv-08.thomas.com,Jamaica,8257,mi,52.286976,Coxtown,2004-09-08T15:58:29,2020-02-10 11:21:07,Europe/Malta,GB
-73.5704875,43:1f:78:a1:31:2b,Cartwright-Evans,$8.21,Norwegian Nynorsk,1998-04-06,lt-40.ball.net,Venezuela,0,km,-173.909076,South Raymondfort,2015-11-05T13:27:42,1970-07-03 04:23:23,Europe/Zurich,GB
81.770414,d4:2b:82:95:95:30,"Russell, Phillips and Evans",$267.16,Romansh,1995-12-31,db-62.moore-webster.biz,Finland,2,yi,47.567562,New Ashleyland,1999-03-06T13:22:54,1990-03-08 08:11:18,Asia/Tbilisi,GB
45.375212,6a:8a:3b:85:e7:e8,Hopkins LLC,"$6,186.52",Marathi,2022-05-07,email-46.harris-turner.biz,Namibia,1,br,145.431846,Patricktown,1973-05-26T15:22:13,2018-12-15 04:08:51,America/Caracas,GB
-44.313057,32:28:36:a1:25:74,"Doherty, Day and Burns","$6,278.87",Ndonga,2016-09-18,laptop-41.barton.com,Dominican Republic,494158764,os,109.382778,Thomasbury,1981-03-03T07:50:53,1990-05-05 07:30:41,America/Araguaina,GB
15.9586125,50:bc:fc:29:0d:ea,Hunt PLC,"$7,153.90",Spanish,2019-11-08,laptop-64.richards.com,Cote d'Ivoire,6783444,is,-173.029763,New Sarachester,1973-02-03T04:13:36,2020-12-12 09:20:34,Asia/Gaza,GB
11.415830,15:d6:4a:f6:a7:3a,Lawson LLC,"$5,648.61",Ukrainian,1995-10-28,laptop-96.dobson-walker.com,Belgium,23268797,am,-129.954550,Shannonport,2018-12-17T13:18:34,1981-08-19 00:21:27,Europe/Budapest,GB
-75.9820745,f1:73:f9:21:b0:79,Ingram Ltd,$7.79,Zhuang,2022-03-10,laptop-46.brooks.co.uk,Reunion,1107,ja,158.752589,Kingburgh,1971-02-08T07:36:19,1983-10-07 04:32:24,Europe/Budapest,GB
-73.608091,d8:d4:a1:62:4e:fd,Sharp-Bailey,"$3,001.45",Aragonese,1980-04-12,db-42.barnett-cox.com,South Africa,12,ayc,97.083804,Clairestad,2021-08-03T22:29:16,1992-08-27 17:19:16,Asia/Tokyo,GB
-45.530020,c7:b6:93:5a:9b:0f,Stanley Inc,$46.47,Serbian,1986-05-21,lt-08.bailey.info,Chad,7770800,ast,-58.891394,West Ritamouth,2019-09-13T20:07:20,2013-07-20 00:15:50,Europe/Podgorica,GB
27.2704255,87:22:9d:15:b7:1d,"Watson, Warner and Briggs",$9.41,Kuanyama,1985-12-11,laptop-21.fletcher.biz,Venezuela,804,ta,110.491569,New Paulville,2002-09-05T17:29:49,2000-05-05 10:57:43,Africa/Khartoum,GB
8.0773095,25:38:ca:db:df:38,Ashton-Cook,"$2,316.21",Uzbek,2021-06-19,email-29.thompson.com,Switzerland,95915,unm,-56.791858,Hughesside,1986-04-01T08:18:54,2004-11-18 20:43:38,America/Jamaica,GB
22.728089,9a:fc:24:46:89:2a,"O'Brien, Dean and Walsh",$5.31,Italian,2006-12-31,lt-00.walker.net,Burundi,9,xh,145.284395,Grayfort,1974-01-30T02:38:16,2009-06-03 16:39:56,Africa/Ouagadougou,GB
80.018790,aa:a5:ba:ec:1f:d5,Morgan PLC,"$11,925.35",Spanish,2001-09-13,web-33.robinson-dean.info,Malaysia,735638,unm,166.049124,Jeanfurt,1978-04-30T11:03:27,2008-04-11 02:15:10,Africa/Casablanca,GB
37.679781,d0:3d:8f:68:59:fc,"Cooper, Bowen and Morris","$90,532.80",Kongo,1984-07-05,db-14.smart.com,Tonga,406,ko,-142.047209,South Seantown,1993-07-25T02:42:28,1970-10-26 11:34:45,Africa/Luanda,GB
44.4664625,b7:e5:f9:ba:91:d8,Evans-Moore,$5.92,Ganda,1975-04-06,db-21.knight-saunders.com,Paraguay,1,mhr,154.074538,Port Craigton,1989-08-20T22:19:06,2012-10-31 07:48:42,Asia/Bishkek,GB
-76.5313025,6e:dc:f2:02:3f:1f,"Hill, Adams and Williams",$4.64,Dzongkha,1999-10-08,laptop-53.thompson-morris.biz,Bolivia,440245988,mr,149.926033,West Leslie,2018-09-20T04:52:02,1997-11-11 15:00:34,Pacific/Fiji,GB
62.8011015,ec:af:58:cf:54:3f,Hilton-Jones,"$6,567.12",Hungarian,1986-12-11,web-30.parkin.org,Mayotte,5854,tt,-54.098335,Lake Julie,2006-08-07T12:09:46,2010-11-28 07:48:35,America/Havana,GB
-78.9111835,26:70:8f:00:27:28,Lane and Sons,"$75,077.09",Ukrainian,1990-11-30,web-03.dodd.co.uk,Taiwan,678,om,36.594518,Lake Rogerville,1985-10-07T17:41:01,2009-01-19 03:27:21,America/Guayaquil,GB
-43.889456,08:c0:b0:e7:6c:52,"Booth, Smith and Ford",$7.50,Kashmiri,2000-02-05,web-36.harrison.com,Serbia,57906,mr,125.939115,Dominicmouth,1981-06-12T11:36:43,1992-07-16 06:02:16,Europe/London,GB
16.9285435,c1:7b:0a:aa:85:a1,Smith-Smith,$0.79,Icelandic,1997-03-29,desktop-36.wood.com,United Kingdom,3710460,ne,-31.163436,South Claire,1980-06-03T13:08:01,1985-05-04 08:31:39,Asia/Pyongyang,GB
47.844359,df:f6:2f:fa:40:5e,"Spencer, Chamberlain and Wright",$6.01,Zulu,2011-06-24,web-65.lewis.co.uk,Kazakhstan,81378,bem,-151.970627,Pearsonville,1989-02-17T13:50:42,2007-10-29 06:51:06,Asia/Tashkent,GB
27.8935385,14:5f:a4:e0:1d:71,Hill-Watkins,$10.09,Swahili,2017-01-17,srv-27.bray.com,Argentina,93135,ts,-56.788082,Alicechester,1997-06-05T17:59:35,1974-01-25 04:53:13,Asia/Rangoon,GB
13.942338,f5:89:e1:7a:9b:75,Burrows-Thompson,$65.92,Malagasy,1975-06-12,email-89.vaughan.org,Liberia,5952391,sat,-53.539719,Lake Leslie,1979-07-16T21:48:24,1988-03-26 11:50:59,Europe/Ljubljana,GB
-71.671658,1f:23:bd:dd:1c:20,Ellis LLC,"$2,520.36",Shona,1978-10-25,email-48.iqbal.com,Anguilla,3553334,gd,48.851561,East Jamie,1988-11-14T04:51:37,2013-12-28 04:44:55,Europe/Paris,GB
5.355210,51:31:26:8d:b2:ae,"Bennett, Kelly and Begum","$6,257.12",Azerbaijani,2002-05-10,desktop-37.palmer.net,Australia,243,ur,-152.712100,Ashleighmouth,2015-05-10T09:45:24,2007-08-10 21:42:07,Asia/Qyzylorda,GB
-81.1840095,68:ea:d3:1e:bb:02,Moss Group,$1.95,Sardinian,2019-03-03,srv-62.wilkinson.biz,Switzerland,523473,nb,-112.878181,Gailton,2009-01-06T03:50:12,1972-03-15 21:09:03,Asia/Rangoon,GB
73.287974,5e:99:e9:bb:7c:0a,Poole-Ali,$622.66,Slovak,1992-04-10,desktop-63.griffiths-doherty.org,Bahrain,0,pap,-142.740418,Lake Josh,2012-08-31T08:51:02,2018-09-21 03:33:26,America/Guayaquil,GB
-9.4712415,3c:0f:ea:79:72:0f,Rowley PLC,"$53,695.88",Gaelic,1981-09-18,desktop-34.rhodes.com,Isle of Man,5067,si,161.633461,West Billy,2008-03-09T09:17:51,1985-04-02 15:01:31,Africa/Bissau,GB
-10.902747,b5:86:7f:f9:ad:da,Naylor LLC,$0.30,Oromo,1977-01-25,desktop-45.jones.com,Angola,613928,brx,18.564820,Clarkberg,2019-11-28T21:46:26,2008-07-24 10:34:10,America/Bogota,GB
-87.5697885,3a:6c:f0:a5:15:79,"Birch, Jones and Foster",$4.91,Hungarian,2017-08-24,srv-80.cooke-lee.com,Uzbekistan,16718,zh,25.268846,Jonesview,1993-03-28T21:13:21,1991-04-23 03:40:53,Atlantic/Cape_Verde,GB
50.1223115,cb:52:57:13:4a:8e,"Wilson, Walsh and Ward",$213.00,Panjabi,1994-01-26,email-71.clarke.net,Western Sahara,530877,st,-51.340513,South Fionaview,1978-11-23T05:00:40,1988-12-23 12:27:07,Europe/Tallinn,GB
-41.058855,55:eb:92:10:81:fb,"Weston, Higgins and Johnson","$34,488.10",Welsh,1971-11-09,desktop-74.harrison.biz,Guinea,415750074,tcy,-92.566812,East Zoeshire,2005-06-17T21:29:41,1999-12-03 18:01:56,Africa/Abidjan,GB
71.301276,6f:cb:b2:07:24:d2,Burton-Owen,"$2,440.25",Croatian,1989-12-10,desktop-66.adams-steele.com,Finland,4,uk,41.127684,Abdulborough,2010-10-31T12:43:06,2003-10-09 21:45:10,Asia/Jerusalem,GB
69.495915,db:d6:e6:00:bc:c3,Turner PLC,"$41,572.54",Dutch,1974-05-19,srv-64.jones-williams.info,Congo,570,ro,-109.826690,Edwardsberg,1997-06-23T07:18:10,1983-02-19 11:14:00,Asia/Beirut,GB
-56.841362,df:12:0a:c8:3c:9a,O'Sullivan PLC,$9.10,Arabic,1988-06-17,db-21.smith-taylor.com,Bulgaria,361,cv,-37.840032,Douglasport,1979-05-05T04:59:25,1995-04-03 15:23:34,Pacific/Ponape,GB
-49.780906,f0:3b:5c:45:df:b2,Cox PLC,"$81,962.04",Yoruba,2023-04-15,lt-02.cox-fisher.biz,Germany,4,hy,109.165263,North Jay,2005-06-09T17:54:23,2012-11-19 11:21:09,Africa/Ndjamena,GB
29.3800845,2c:01:f6:0e:88:01,Parkinson Inc,$18.62,Marshallese,1983-07-29,desktop-23.wright-gray.com,El Salvador,45409,iu,88.930151,Thompsonbury,2007-01-23T05:05:37,2006-05-21 21:45:01,Pacific/Tongatapu,GB
-83.3992145,f0:28:74:40:34:74,Bolton-Griffin,"$50,719.17",Romansh,2006-08-14,web-62.akhtar-lawrence.com,Indonesia,677,tt,92.980025,Akhtarview,2003-02-12T09:55:45,2012-08-28 16:36:31,America/Paramaribo,GB
71.519779,8d:08:1e:2a:a8:a0,Hall Inc,$18.14,Chechen,2004-10-07,email-27.cook.info,Sierra Leone,2631890,eo,32.734157,Stuartport,1977-11-09T11:48:16,1983-12-13 15:39:50,Africa/Maputo,GB
-34.971075,ba:1a:ef:d3:75:d0,Davis LLC,"$52,761.90",Hungarian,1970-09-21,db-32.andrews.com,Armenia,233690633,fr,-149.904856,Samton,1978-08-24T21:18:43,1997-01-21 08:05:31,Asia/Tbilisi,GB
50.5485005,17:9e:93:b2:bd:f2,Williams-Mills,"$10,269.89",Dzongkha,1970-04-17,srv-19.conway.info,Qatar,8330952,oc,63.785970,Meganland,1980-02-21T00:38:32,2004-07-16 15:20:18,Europe/Monaco,GB
72.601863,6c:b3:2e:9f:52:66,"Reed, Jones and Stephenson","$20,055.98",Igbo,1971-06-28,laptop-39.robinson-porter.com,Tuvalu,219022835,si,-39.516722,Turnerton,1979-10-29T17:54:40,1997-08-13 22:47:40,Africa/Algiers,GB
-44.7005025,de:a2:1a:a7:78:3e,"Johnson, Burgess and Nixon","$2,730.42",Japanese,1977-10-12,srv-55.lewis.net,San Marino,46,sc,111.234045,Curtishaven,2005-05-20T23:52:17,2021-03-12 16:05:26,America/Belize,GB
-88.9815435,3d:24:82:b4:bb:15,"Payne, King and Young","$42,156.30",Assamese,2020-05-02,laptop-19.wilson-johnson.com,India,51462207,ne,-48.360819,West Douglas,1975-07-23T06:13:33,1987-09-18 13:47:39,Australia/Darwin,GB
77.1188295,41:e3:20:b6:ba:34,Howe and Sons,"$29,439.67",Slovenian,1990-06-04,desktop-70.norton.com,Palau,95,ms,165.576167,Danielleland,1995-10-26T13:22:14,1980-04-18 23:37:41,Europe/Rome,GB
48.006423,2b:b2:c4:9c:5d:e7,"Wright, Williamson and Pratt",$824.34,Abkhazian,1978-03-30,laptop-38.khan.com,Mayotte,26887936,crh,-24.951253,Henryland,2016-12-21T01:08:17,2015-07-07 17:16:52,Europe/London,GB
58.2090905,5c:3d:11:69:c4:b5,Savage-Morris,"$2,244.05",Panjabi,2000-06-25,srv-18.smith-mason.info,Tokelau,350,ce,-8.149120,New Ianmouth,1990-10-16T03:44:19,1982-07-20 08:21:33,Europe/Berlin,GB
75.973053,6f:f0:4a:a3:fb:c8,"Miller, Johnson and Moore","$28,475.84",Japanese,2007-03-22,desktop-20.mitchell.com,Guatemala,96013,os,-11.655775,Lake Laurachester,2015-07-09T20:20:01,1975-06-16 14:00:19,Africa/Dakar,GB
51.3572075,94:93:9c:c6:43:fd,"Dickinson, Cameron and Shaw",$72.58,Nepali,1973-07-14,email-39.wright-andrews.com,Bahrain,36936419,hsb,159.643231,Farmermouth,1971-02-12T00:26:23,1974-05-13 03:12:16,Pacific/Nauru,GB
-59.802997,18:33:b3:6b:47:1b,Cook-Lane,$5.74,Esperanto,2004-06-20,email-30.moore-hewitt.com,Congo,335,am,-103.626425,South Francescamouth,2021-02-24T01:31:59,2013-02-01 14:29:01,Asia/Choibalsan,GB
27.9696095,f9:dc:2d:7a:ac:85,Roberts-Wood,"$5,681.60",Yoruba,1975-04-14,desktop-11.clark.com,Dominica,724234065,an,-161.327355,Hughview,1996-03-16T15:19:06,2007-07-28 03:51:08,America/St_Lucia,GB
-18.951241,76:01:7f:13:2a:ee,Barber-Newman,$991.29,Malay,2021-11-16,desktop-51.burke-foster.org,Cocos (Keeling) Islands,46149165,ti,33.239496,Roberttown,2001-07-30T13:00:12,2013-03-15 08:48:45,Europe/Madrid,GB
26.300305,1d:54:6f:3b:14:50,"Poole, Lewis and Bennett",$92.10,Albanian,1976-10-22,srv-32.hunt.biz,Lesotho,20374968,shs,86.294812,Chadwickburgh,2000-09-26T06:06:06,2023-07-21 01:28:42,Asia/Jerusalem,GB
-61.5251305,b9:02:ee:53:43:aa,Young-Morgan,"$18,016.71","Sotho, Southern",2004-02-06,web-92.harding.com,Hong Kong,66177560,tg,78.453445,Lake Billyside,1986-06-14T13:23:45,1979-08-04 12:12:38,Asia/Bishkek,GB
-41.982862,86:d9:a5:8c:ac:ec,Davies and Sons,$6.61,Arabic,1995-09-13,db-68.reynolds.com,Argentina,5659,is,56.004582,Laurenton,1977-10-18T04:47:17,2014-04-08 03:50:11,Africa/Johannesburg,GB
-29.3142655,b9:32:9b:3f:84:cf,Peacock-Foster,$398.27,Western Frisian,2015-10-11,email-69.lewis-thomson.com,Peru,449,wa,-98.207860,East Lewis,1979-09-29T08:36:04,2003-11-08 02:12:45,Pacific/Palau,GB
35.174275,0b:61:fc:f8:a4:9c,Doyle-Hughes,"$6,409.82",Macedonian,2017-12-04,desktop-41.howells-barnett.biz,Trinidad and Tobago,12758851,sl,-113.040724,Port Karen,1993-01-15T18:59:14,2007-05-23 09:55:05,America/Santiago,GB
-51.8055205,1f:29:78:8e:05:24,Chambers LLC,$85.28,Turkmen,1998-11-07,lt-55.edwards-jackson.org,Vietnam,5,fil,15.257958,Robinmouth,2006-06-21T17:39:01,2018-03-01 03:13:15,Africa/Brazzaville,GB
40.6622945,76:23:8c:45:a0:c2,"Johnson, Richardson and Woodward",$853.91,Nauru,2008-01-05,email-43.leach.org,Comoros,2818,crh,118.993031,Jasmineside,1972-07-15T12:43:44,1977-08-31 16:06:34,Asia/Seoul,GB
-61.121381,90:2b:33:bf:fc:70,"Duffy, Johnson and Pearson",$450.73,"Sotho, Southern",1979-11-30,desktop-32.oneill.co.uk,Peru,6,id,55.527490,Antonyville,2001-09-21T19:08:18,2008-05-30 09:29:05,Europe/Stockholm,GB
-48.9783445,a9:97:6f:b1:2f:50,Oliver Group,$4.76,Persian,2009-05-28,db-88.poole-simpson.net,Angola,105783,zh,21.585303,Port Caroline,1988-04-14T16:07:32,2018-02-07 12:31:04,Africa/Conakry,GB
-0.5784095,74:a8:7a:4b:ed:62,Potter-Morrison,$41.82,Samoan,1999-08-05,email-88.mann-poole.com,Philippines,198,pa,-0.644095,Spencertown,2018-06-08T17:15:54,2012-07-05 03:18:40,Asia/Tbilisi,GB
4.734483,a1:5b:ce:7e:77:fd,"Cox, Kelly and Mason","$83,702.27",Malay,2003-05-24,db-54.hunt.com,Saint Lucia,12,en,71.784904,New Raymondshire,1970-03-26T20:41:11,1981-10-02 16:56:45,Africa/Gaborone,GB
44.203933,4c:1a:8f:0d:a3:bf,Bruce-Henderson,$822.73,Manx,1992-07-06,lt-77.bailey-chadwick.info,Taiwan,50292,tig,174.894162,New Graemeshire,1984-10-23T20:03:49,1991-03-08 16:41:54,Asia/Kuwait,GB
37.302715,46:ab:19:56:9a:a8,Fox LLC,"$93,082.70",Dzongkha,1985-07-15,lt-42.shah-murphy.com,Spain,126393,th,-113.286919,Graceborough,2001-03-03T06:09:51,2017-11-08 06:32:50,Asia/Kabul,GB
9.310784,74:ab:c5:0c:22:3e,"Allan, Lewis and Payne",$816.24,Panjabi,1994-10-09,email-95.rose.co.uk,Saint Pierre and Miquelon,3734,bem,-55.656315,Kirstyburgh,1973-11-28T19:40:40,1987-10-08 08:59:18,America/Jamaica,GB
48.827467,d5:e5:79:61:bf:97,Hudson-Matthews,"$8,837.32",Tsonga,1987-10-26,web-97.thorpe-jones.com,Falkland Islands (Malvinas),90348993,gl,115.919022,Ellisbury,2011-06-19T14:37:02,1978-05-15 13:41:47,America/St_Lucia,GB
-75.4729475,79:67:1b:a4:4f:62,Kemp-Bird,$1.22,Dzongkha,1972-11-03,email-95.wilson.co.uk,Tonga,79184517,mr,-177.959409,Huntborough,2022-10-13T01:57:56,1988-10-14 22:03:03,Africa/Malabo,GB
87.650797,b1:01:47:99:fe:cc,"Marsh, Baker and Hart",$7.71,Polish,2009-06-28,email-25.wilkinson-baker.com,Niue,7,uk,122.323713,Smithton,1992-09-11T05:10:15,2012-02-14 20:42:34,America/Barbados,GB
-35.5472385,19:46:2c:80:ac:89,"Bird, Gardner and Wilson","$4,015.88",Tigrinya,2001-01-28,web-96.smith.co.uk,Congo,7802872,st,28.890965,South Yvonne,2007-04-07T18:01:31,1983-11-04 15:40:30,Africa/Khartoum,GB
78.4966175,89:af:b1:43:02:89,Bishop-Patel,$56.20,Uighur,1991-06-20,laptop-30.hall-porter.info,Honduras,63171965,apn,-69.993123,Stevenston,1998-06-03T00:28:39,1974-12-09 02:50:36,Atlantic/Azores,GB
-42.3636295,c7:eb:d6:38:4b:50,Wood PLC,$4.75,Aragonese,1972-06-21,web-10.doherty.com,Moldova,1,ast,-80.631023,South Catherinemouth,1990-01-06T10:48:42,2001-09-18 13:47:25,America/Managua,GB
50.4270555,51:35:5c:2a:69:d7,Blake-Cox,"$9,026.69",Latvian,2014-07-18,desktop-47.martin.com,Brazil,430,so,87.212496,New Benjamin,1989-11-03T01:42:27,1988-10-17 20:54:02,Asia/Thimphu,GB
38.6413335,98:d9:76:ab:aa:7f,"Hussain, Ferguson and Davies",$96.29,Hausa,1994-05-22,db-23.thompson-palmer.com,Qatar,7,ln,162.572127,Teresastad,1971-06-14T11:24:50,2005-11-08 10:45:40,America/Lima,GB
8.350095,da:14:ae:d9:73:0e,West PLC,$18.04,Twi,2013-12-17,laptop-70.glover.net,Heard Island and McDonald Islands,30724,mag,143.192652,Williamsborough,1976-09-29T13:31:12,1991-09-10 19:04:26,Africa/Algiers,GB
-31.061366,f5:3e:a4:60:6d:78,Murphy-Wilson,"$3,128.51",Tatar,1997-10-16,lt-67.webster-graham.co.uk,Micronesia,100,ce,-99.213795,Lake Denise,1997-06-30T21:51:32,1983-04-06 18:27:26,Africa/Lagos,GB
30.482968,b7:bb:fd:ad:77:0c,Harrison LLC,$5.33,Hausa,1992-05-25,lt-67.george.biz,Somalia,4631144,lo,32.137522,Lawrenceside,1994-07-31T18:43:16,2018-05-20 17:15:11,Africa/Libreville,GB
-44.3811895,59:e4:61:37:f1:8a,"Evans, Doherty and Coles","$41,313.29",Finnish,2010-10-18,web-60.quinn-hall.net,Eritrea,9,pa,27.739527,Phillipmouth,2000-05-30T00:26:46,1991-04-15 16:48:05,America/Guatemala,GB
-9.557759,0c:82:59:fc:8c:cd,"Ball, Hughes and Watson",$4.57,Ojibwa,1973-01-17,laptop-26.hancock.info,Singapore,133087088,mn,159.229530,Howardville,1998-11-04T06:43:49,1995-02-04 11:22:38,Europe/Sofia,GB
16.1675875,b6:7c:3c:1e:3a:96,"Holland, Patel and George",$52.20,Rundi,2012-09-29,db-70.powell.com,Antarctica (the territory South of 60 deg S),191408,aa,-17.697012,Port Pauline,2012-08-07T13:27:32,1992-12-12 23:27:32,Europe/Oslo,GB
-31.2294025,02:10:bf:eb:67:cd,Cole-Taylor,$89.63,Bulgarian,1973-04-22,desktop-42.gibbons.com,Jamaica,4141356,tr,-1.676254,New Dianaport,2022-11-26T20:11:57,2004-04-14 07:31:43,Europe/Ljubljana,GB
11.550235,ab:56:09:21:09:71,"Thompson, Singh and Robinson",$20.19,Kannada,1978-03-02,web-19.patel.biz,Jamaica,80963,el,82.533228,O'Neillland,2015-09-01T21:40:46,1970-04-14 06:25:04,America/St_Vincent,GB
26.5143085,33:af:a1:74:e4:aa,Fleming Ltd,$307.45,Burmese,2009-09-30,lt-07.price.com,United States of America,8648,zu,93.117389,Michelleport,2001-01-23T03:12:18,2012-05-04 03:30:26,Indian/Mahe,GB
62.7907685,ae:3c:4f:cb:36:0a,"North, Elliott and Smith",$82.67,Nauru,2018-01-19,lt-15.scott.biz,Korea,88,bs,-134.802589,West Norman,1992-01-12T17:16:12,1990-10-01 11:18:35,Pacific/Funafuti,GB
35.8740685,74:24:38:10:32:03,"Robinson, Quinn and Allen",$0.14,Thai,2023-04-01,db-24.sanderson-powell.org,Puerto Rico,287908,raj,92.290486,Andreastad,2007-11-30T12:27:57,2021-01-08 14:37:19,Asia/Tbilisi,GB
48.405798,ef:38:3f:ed:fb:fb,Buckley Ltd,$9.89,Tagalog,2021-08-19,desktop-83.patel-savage.com,Vietnam,0,tr,-38.156662,Yatesville,2012-09-04T09:40:26,1981-12-12 12:59:35,Africa/Sao_Tome,GB
14.398365,4e:cc:3e:c7:ae:32,Bull LLC,$28.98,Kirghiz,2000-02-12,lt-33.wood.com,French Polynesia,604737361,dv,-28.622765,Shawchester,2015-10-11T08:02:56,1999-06-20 17:48:46,Africa/Banjul,GB
72.517238,6d:b9:41:69:ee:4f,"Wilson, Hicks and Robinson",$94.87,Zulu,1995-08-03,lt-12.williams.com,Iran,681168100,ko,73.335756,Raymondbury,2015-01-07T03:05:52,2001-10-21 20:08:42,Europe/Zagreb,GB
77.6430845,eb:cf:3f:f0:82:25,Page Ltd,$77.55,Thai,2007-03-14,web-63.bennett-griffiths.net,Uganda,99485,the,-15.546374,Catherineberg,2020-10-12T12:05:58,1972-03-10 08:07:02,Pacific/Port_Moresby,GB
70.3917165,06:f1:fb:39:b6:ce,White Inc,"$68,601.61",Kannada,1988-02-27,lt-46.murray.com,Liberia,6344,pa,13.495546,West Joycehaven,2015-03-18T10:14:26,2018-10-25 17:27:42,Africa/Accra,GB
-79.975343,a7:93:cc:d5:ec:92,Todd Ltd,"$1,471.68",Chamorro,2021-04-09,lt-15.morgan.com,Grenada,30073788,zh,85.397442,New Robert,1974-11-03T10:39:42,2018-11-02 15:02:23,Europe/Zagreb,GB
25.625501,67:ec:1a:f8:03:4f,"Taylor, Glover and Bruce",$5.18,Mongolian,1975-02-01,srv-44.power-gordon.info,Yemen,4721317,en,141.795951,West Jennaport,2002-06-16T22:46:06,2012-09-16 18:32:22,Indian/Comoro,GB
60.5933095,3b:67:c4:b4:76:62,"King, Dennis and Watson",$0.75,Serbian,2013-02-03,db-74.taylor-mitchell.net,Latvia,55,tg,-146.330931,North Georgeview,2023-07-23T18:45:33,1993-12-29 04:02:54,Asia/Samarkand,GB
1.231761,17:bb:f9:26:f9:42,"Moore, May and Quinn",$878.63,Oromo,2012-07-24,email-43.morgan-price.biz,Andorra,3024002,gu,9.686554,South Tinaville,2000-03-14T12:56:00,1992-11-13 07:32:07,Indian/Comoro,GB
52.429329,6c:9e:00:9a:74:8a,"Barrett, Bennett and Roberts",$2.82,Sinhala,1994-10-23,web-52.wood.net,Falkland Islands (Malvinas),0,fur,-66.918953,West Jane,2020-11-26T20:01:51,1981-05-08 23:42:12,America/St_Lucia,GB
-0.554820,4e:e9:43:ca:7a:16,"Evans, Murray and Birch","$5,370.92",Oriya,1999-01-17,lt-50.power.com,Cape Verde,53531,aa,-29.122797,West Mohammadton,1993-11-23T02:12:46,2014-08-04 11:07:48,Asia/Hovd,GB
-50.3282055,3f:fe:18:8b:4f:37,"Baker, Vincent and Stephenson","$4,860.53",Sardinian,1976-10-14,desktop-06.stevens-slater.org,Nepal,2300037,as,-49.857863,Thomasburgh,2008-01-21T14:46:34,2023-06-19 09:23:29,Europe/Budapest,GB
-34.9962475,aa:09:b2:04:17:76,Powell-Sanders,$4.45,Tajik,2017-06-14,desktop-63.bradley.com,Botswana,995,yo,131.529786,Port Dorothymouth,2005-11-12T13:05:21,1994-09-24 14:06:28,Asia/Urumqi,GB
-50.714776,e1:db:0b:89:b5:ef,Booth-Gray,$33.90,Javanese,1987-08-04,web-01.foster.net,Dominica,586931,ta,-9.120445,South Patricia,2000-09-24T19:12:12,1979-02-21 12:05:27,America/Lima,GB
38.6280255,f4:03:3c:da:41:da,"Singh, Dean and Williams",$223.53,Kinyarwanda,2021-11-22,db-65.marshall.net,Bosnia and Herzegovina,6,oc,-118.235304,Lake Suzanneside,1981-11-12T18:11:57,2023-02-17 15:25:28,Asia/Dhaka,GB
-14.7779035,01:a7:d5:bc:88:c7,Leach-Mills,"$22,456.59",Javanese,2008-02-18,email-23.johnson.com,British Virgin Islands,9158,ayc,-152.345822,Jamieborough,1997-01-23T10:29:12,1972-02-16 22:03:38,Africa/Bamako,GB
5.773735,31:bf:8b:bf:88:b4,Brown Ltd,$55.68,Inuktitut,1985-08-04,desktop-16.jackson.biz,Malaysia,750,sa,-61.962689,West Antonyview,2007-03-07T11:52:06,1986-10-21 21:27:11,Atlantic/Reykjavik,GB
33.542053,07:d1:5a:21:cf:27,Williams-Jones,"$1,652.00",Malay,2003-08-31,email-05.clarke.com,Greenland,0,ur,-82.166036,Masonborough,2010-08-09T13:24:40,1992-05-29 03:05:54,Europe/Monaco,GB
11.261734,eb:26:3c:6c:5b:57,"Kemp, Marshall and Reid",$6.77,Sundanese,1984-10-23,web-75.hayes.org,United States Minor Outlying Islands,5826,nan,-31.344030,Pearsonville,1986-08-10T20:36:56,2009-12-26 18:43:16,Asia/Karachi,GB
-58.8170335,4d:d5:9e:f5:cf:2a,"Smith, Wilson and Taylor",$336.83,Kanuri,2013-04-09,email-64.carter.com,Vietnam,2153055,ff,162.755407,New Josephfurt,1975-04-14T14:11:09,2019-10-10 10:49:14,America/Port_of_Spain,GB
-54.4555365,76:e7:20:e4:ed:6f,Baker-Pearce,"$3,069.86",Aragonese,1987-09-14,srv-62.davies-walker.com,Poland,3556724,mni,-135.739364,East Meganside,1976-04-28T11:11:20,1986-05-05 12:20:37,America/Dominica,GB
31.443458,ab:58:dd:00:97:b9,"Robinson, Jenkins and Pickering",$1.93,Japanese,2008-02-05,laptop-62.robinson-curtis.com,Guinea,238302351,tk,118.268999,North Jordan,1997-07-25T03:08:40,1992-05-14 16:29:22,Asia/Seoul,GB
-82.3901555,52:4b:bc:c8:e6:2a,"Williams, Yates and Savage","$55,166.77",Ojibwa,1996-03-12,db-42.morris.biz,Suriname,482991,uz,-71.383371,Donaldview,1980-05-05T18:31:10,1993-04-02 18:39:27,America/Barbados,GB
31.806214,41:f0:9b:24:ac:6a,"Richardson, Tyler and Hall",$3.46,Danish,2021-07-03,web-45.mcdonald.com,Philippines,462314,csb,75.595709,North Normanstad,2003-11-02T07:39:56,2005-08-05 03:01:33,Asia/Baghdad,GB
-48.7337435,61:52:13:e3:f9:0d,Bennett-Watson,$4.63,Ndonga,1992-08-22,desktop-35.ross-macdonald.com,Grenada,66592026,kw,-137.077559,Lake Gregory,1994-09-14T03:28:15,2017-04-23 05:55:06,Africa/Libreville,GB
88.4838165,4f:a7:4f:00:08:a0,"Morgan, Campbell and Johnston","$75,562.35",Tonga,1981-09-13,lt-88.barlow-perry.biz,Egypt,29,mhr,-5.678040,O'Neillside,2010-12-16T09:12:00,1979-09-08 21:54:23,Europe/Budapest,GB
82.520828,dd:90:d1:73:ac:5c,Manning LLC,"$66,338.17",Samoan,1986-05-10,srv-83.martin-lowe.com,Austria,918166930,nso,-63.171252,North Kayleigh,2011-07-27T08:00:37,1991-11-02 15:35:27,America/Guatemala,GB
86.4521475,fc:db:de:19:b7:55,Watson and Sons,"$4,347.62",Malagasy,1992-05-24,desktop-61.taylor.co.uk,Czech Republic,85699,yue,-45.750337,New Christineland,1976-02-16T19:14:10,1992-06-09 13:25:23,Africa/Dar_es_Salaam,GB
-8.8007615,5e:b8:00:36:fa:fe,Davies Group,$964.51,Bislama,2017-09-10,desktop-89.simpson.org,Peru,253554,nr,-5.082167,Garethshire,1999-08-24T15:17:53,2011-04-03 11:52:59,Asia/Ulaanbaatar,GB
-79.7444525,5e:45:e6:a0:07:b7,"Chadwick, Davis and Thomas","$1,619.24",Hungarian,2002-11-14,desktop-33.smith-williams.net,Guam,9144,ve,-112.741659,Sykesburgh,2007-11-16T10:14:46,1986-02-28 10:17:31,Asia/Hovd,GB
56.606401,e5:0a:fb:2c:cf:83,Smith-Taylor,"$3,721.83",Luba-Katanga,1990-05-25,web-01.adams.com,Saint Kitts and Nevis,408315297,nl,114.964299,New Shannonshire,1991-04-24T19:43:44,1997-04-09 17:05:26,Asia/Nicosia,GB
-55.185722,8c:e7:6f:91:b4:af,Metcalfe and Sons,$822.10,Macedonian,1997-12-29,db-86.boyle.net,Andorra,6319,nhn,-23.797385,Andrewsville,1993-07-19T11:33:09,2003-08-23 01:11:38,Africa/Sao_Tome,GB
-66.3482995,1e:67:ff:60:8b:b8,Mistry and Sons,"$1,881.11",North Ndebele,1995-07-09,lt-37.taylor.org,Martinique,1518710,mk,-62.736703,Baileyhaven,1972-09-22T23:20:47,1986-01-31 05:06:58,Africa/Nairobi,GB
23.4169405,05:e3:11:73:d6:d8,Holt PLC,$2.47,Albanian,2015-12-15,srv-21.jones.com,Burundi,77269,ta,-95.858749,Laurenland,1982-10-03T15:46:51,1993-03-25 20:12:22,America/Grenada,GB
24.799760,0c:d5:72:4f:f0:5b,Harrison and Sons,"$8,163.55",Tahitian,1982-06-04,lt-37.chapman.com,Tajikistan,1,tl,172.134238,Brownport,1973-07-19T08:25:58,1994-02-13 21:13:26,Africa/Malabo,GB
-22.891322,b3:24:8b:5a:fe:5e,Humphries-Tyler,$9.88,Lao,1994-08-11,email-66.ball-dodd.com,Georgia,11815849,hu,-163.847079,Port Franktown,1971-04-08T16:29:17,1989-05-02 10:16:54,Africa/Niamey,GB
-89.063633,f1:84:a2:da:15:46,Wheeler and Sons,$58.48,Malayalam,2006-09-13,laptop-15.townsend.com,Turkey,113,lv,-107.185823,New Robertberg,1986-03-26T19:54:47,1974-09-01 04:01:21,Indian/Mahe,GB
47.087932,80:e6:45:d1:1e:79,"Gibson, Read and Thomas","$4,408.35",Manx,1996-09-23,lt-91.lewis-green.com,Greenland,75425,sw,90.423107,Connorchester,2021-03-08T21:05:42,1970-11-15 17:40:34,Pacific/Auckland,GB
-33.903394,90:80:49:60:b5:c7,Hill-Wood,$8.93,Tagalog,1978-06-04,web-70.browne.com,China,33,ms,-150.514216,Port Gail,2008-12-24T02:07:56,2014-04-30 15:44:17,America/Antigua,GB
-22.564469,ee:73:37:c0:a6:45,"Smith, Harrison and Webb","$5,420.72",Marathi,1999-07-13,web-72.thomas.com,Saint Vincent and the Grenadines,3091993,ka,-44.242759,Beverleyhaven,1974-11-08T00:34:09,1998-09-16 19:34:35,Africa/Mogadishu,GB
51.287917,59:1d:be:1f:e2:f5,Dawson Inc,$663.99,Chinese,1994-01-03,desktop-77.benson.com,Turks and Caicos Islands,8314648,ml,172.773327,North Zoeburgh,2013-11-05T14:39:45,1995-09-20 07:54:19,Europe/Minsk,GB
-24.247482,c7:bd:99:80:65:45,Davis Group,"$90,008.41",Malay,2007-09-06,db-59.johnson.com,Japan,800,ha,77.365748,Lake Georgeshire,2001-12-23T20:49:44,1995-03-18 00:40:17,Africa/Libreville,GB
79.6211275,3e:96:78:2d:aa:22,Davis Ltd,$2.49,Macedonian,1986-10-30,laptop-08.coleman-jones.com,Sri Lanka,12,si,-120.280747,South Kateport,1980-12-14T02:53:00,1973-11-18 04:07:54,Asia/Qyzylorda,GB
-67.258540,7a:7e:3f:9f:85:0e,"Green, Chambers and Wright","$2,714.09",Sardinian,1990-10-16,web-72.hayes-white.com,Suriname,62,lt,151.907633,North Leslieport,1972-03-21T18:24:32,1977-09-21 09:07:04,Asia/Ashgabat,GB
-9.7650585,0c:fe:69:53:08:92,Powell-Thomson,"$5,829.29",Xhosa,1986-02-11,db-34.dunn.net,Latvia,6905,id,-52.213165,Mandyside,1979-09-11T12:39:20,1995-03-20 15:08:02,Europe/Helsinki,GB
47.897305,14:52:97:89:65:77,Smith PLC,$1.92,Sinhala,1989-08-02,web-32.turner.com,Mauritius,240006,crh,1.129794,Port Graceburgh,2010-10-16T02:14:43,2008-08-31 06:06:06,Africa/Bamako,GB
26.9969305,ff:5f:67:a4:66:17,Hart-Patel,$687.56,Latin,2005-01-09,desktop-95.smith.biz,Togo,615760731,lo,88.599016,Mohammedville,1987-01-03T09:47:06,2014-03-21 11:54:28,America/Port_of_Spain,GB
18.5063325,37:8e:df:eb:ee:e3,"Roberts, Evans and Bond",$10.82,Kinyarwanda,1991-11-22,web-36.day.com,Yemen,23432,br,-162.858628,Port Jane,1986-04-16T17:18:58,2015-02-25 00:50:23,Africa/Maputo,GB
-18.399307,e7:1c:ed:67:fe:f4,Slater PLC,"$32,197.17",Tswana,1971-04-15,db-45.williamson.co.uk,Holy See (Vatican City State),538769,th,90.780989,New Oliviaborough,1988-10-20T11:43:36,1978-04-19 18:44:22,Pacific/Palau,GB
-48.033547,ea:70:cb:6c:cf:84,Wood Inc,$7.22,Lithuanian,1984-11-16,email-71.franklin.com,Uruguay,86,hu,-106.827920,Wrightside,1982-05-16T21:06:27,2003-01-14 10:41:05,Africa/Bamako,GB
40.7160465,52:bc:bc:77:bc:29,Bond PLC,$58.08,Kalaallisut,1973-11-22,lt-77.hughes-hughes.com,Ethiopia,8,tk,-69.705220,O'Neillton,1986-04-15T20:20:05,2015-10-27 10:03:29,Europe/Istanbul,GB
27.322277,de:46:02:1f:7b:a4,Green-Smith,"$23,786.44",Indonesian,2005-04-27,db-54.wilson.com,American Samoa,275231,nso,-37.207703,Lake Lisastad,2010-07-21T00:04:55,1987-03-12 20:49:51,America/Guatemala,GB
-89.5944405,4f:05:e0:2d:3f:30,Hamilton Group,$75.05,Chichewa,2023-06-18,desktop-53.ellis.com,Nauru,7,hsb,178.793542,South Cameron,1971-11-23T22:37:49,1994-03-25 19:35:59,Africa/Freetown,GB
4.452771,cf:27:8c:a5:38:56,"Ward, Ward and Archer","$77,273.95",German,1997-05-14,web-71.gardner-daniels.com,Canada,1103536,te,-146.560575,Cliffordport,2020-01-19T07:46:37,2007-04-11 07:26:34,Africa/Banjul,GB
46.6083745,3d:ae:d9:8e:09:99,"Hutchinson, West and Parkinson","$37,107.22",Welsh,1978-03-08,lt-70.thomas-mcdonald.com,Seychelles,4750,bo,-86.274268,Kerrport,1983-05-03T13:21:14,2015-04-05 00:12:51,Asia/Pyongyang,GB
-38.458026,60:15:de:fe:9e:d5,Humphries-Norman,$9.18,Assamese,1999-11-27,db-68.shaw.co.uk,Central African Republic,697185,bg,41.701325,Jonesborough,1983-10-27T00:56:19,1992-06-11 13:01:58,Africa/Nairobi,GB
11.662327,f3:d7:80:63:18:a3,"Elliott, Allen and Smith",$5.34,Turkish,1975-10-20,desktop-29.oneill.co.uk,Seychelles,3054459,cv,-169.719248,Tobymouth,1974-05-06T17:17:32,1998-05-19 22:55:57,Africa/Malabo,GB
60.1239975,f2:4b:2b:36:6f:4a,"Anderson, Craig and Hill","$58,897.08",Albanian,2013-05-04,web-42.taylor.com,Nepal,72734660,lo,28.185282,Ronaldmouth,1971-04-01T18:27:25,1997-03-27 15:52:44,Asia/Riyadh,GB
-84.8977485,b6:b8:ff:b5:99:6e,Sullivan-Stokes,$247.36,Arabic,1985-07-28,laptop-59.hughes.co.uk,Palestinian Territory,1341896,byn,92.399173,Wilsonstad,1970-05-24T04:57:38,1994-08-15 09:05:43,Africa/Kinshasa,GB
-46.4204075,e1:e1:77:a0:d9:94,Robinson Inc,"$82,827.90",Sinhala,2012-03-31,web-15.martin-quinn.com,Anguilla,96224592,ckb,-175.535620,Port Jaketown,2004-06-10T12:27:44,2005-02-06 13:48:13,Europe/Madrid,GB
-25.1985025,e6:6f:a6:d2:52:11,Taylor-Rose,$151.16,Basque,1995-05-05,srv-22.hill.net,Congo,33,fi,53.746327,Denismouth,1982-09-22T22:29:23,2021-12-04 21:54:23,Africa/Ndjamena,GB
40.6646105,b0:f7:4c:b5:74:c8,"Holland, West and Wood","$20,753.48",Chuvash,2002-07-18,email-18.power.com,Poland,665,zu,118.694551,Valeriechester,2023-05-06T19:00:46,2012-02-25 15:33:53,Africa/Gaborone,GB
-67.0911735,43:2e:43:3c:09:36,Lee-Cameron,$24.96,Japanese,1988-01-19,srv-82.hartley-saunders.biz,Mauritius,217,ts,21.091623,New Russellfurt,2012-12-23T08:31:15,1999-12-29 21:32:01,America/Denver,GB
58.2608245,ab:e4:b7:f9:ac:82,Thornton Inc,$3.10,Bengali,1984-04-29,srv-60.williams-robinson.com,Ireland,2,en,33.889357,Lake Carolyn,1980-12-02T14:55:05,1979-09-07 10:20:05,Asia/Gaza,GB
60.9671375,a1:b2:3e:47:24:09,"James, Johnson and Bryant",$750.96,Abkhazian,2003-08-06,web-36.robinson-patel.org,Poland,518262,es,-143.016098,Karenton,1972-04-05T16:44:50,1987-11-26 14:24:32,Asia/Phnom_Penh,GB
30.9666275,b4:23:47:48:e9:32,Davis-Adams,"$35,939.56",Twi,1985-08-28,email-49.pritchard-miller.org,Cyprus,224956110,mi,75.433563,Julieland,1991-11-06T00:11:35,2006-05-16 19:58:37,America/Asuncion,GB
41.342394,40:cd:19:3c:0d:2c,Chapman-Wood,"$35,546.36",Uighur,2012-06-19,laptop-53.robertson.com,Mali,34358581,rw,171.783454,South Beth,2019-02-13T04:46:49,1975-05-08 20:48:11,Europe/Monaco,GB
-12.429454,f4:7f:66:08:e7:b2,"Ahmed, Scott and Davies",$681.01,Sindhi,1998-12-23,laptop-96.butler-evans.info,British Indian Ocean Territory (Chagos Archipelago),2,vi,-21.488844,Port Oliver,1994-10-15T09:36:11,2011-03-28 04:14:44,America/Santo_Domingo,GB
-44.9574375,6f:3d:16:50:79:63,Foster Inc,$958.65,Kannada,2022-11-09,db-90.armstrong-brown.com,Brunei Darussalam,84835,ug,168.166578,North Sally,1976-01-20T10:44:12,1993-11-26 16:41:11,America/Antigua,GB
-7.284193,c4:7b:1c:eb:51:cd,Hyde-Bennett,"$3,825.63",Croatian,1988-09-12,lt-03.parsons.com,Eritrea,105,hu,157.603076,Lake Deborahfort,1988-04-22T19:18:52,2014-10-15 23:21:14,Europe/Copenhagen,GB
13.242527,ae:a9:65:bc:88:54,Hodgson and Sons,$48.91,Tagalog,2008-11-24,db-40.davies-rogers.com,United States Virgin Islands,707198597,lzh,97.278571,Zoefort,2017-01-09T12:31:10,2022-08-06 11:38:44,America/Dominica,GB
56.1043715,24:6e:31:05:33:a2,"Murphy, Williams and Morton",$5.25,Vietnamese,1995-04-22,srv-83.barnes.com,Guadeloupe,11123,dv,27.651819,Sandraport,2020-01-29T20:54:46,2000-04-01 16:24:11,Asia/Bishkek,GB
-63.3309465,02:43:be:3d:f9:e7,Cox-Stewart,$255.95,Maltese,1977-08-29,srv-23.randall.biz,Palestinian Territory,86293897,bem,-173.707550,Wayneshire,2012-05-06T02:02:43,2004-03-01 04:22:36,Europe/Zaporozhye,GB
-60.8516595,f9:3e:36:8c:3f:4c,Davies Group,$646.55,Twi,1983-08-26,db-06.shaw.biz,Belarus,181323363,wa,-179.911041,Robertsfort,2019-05-25T21:41:53,2020-03-22 04:47:36,Atlantic/Cape_Verde,GB
75.4432085,4a:de:a3:e1:0b:fe,Clements and Sons,$21.70,Bislama,2004-02-02,srv-71.gould-jones.com,Bahrain,821278,ml,16.260137,Mitchellfurt,2014-01-01T01:09:08,2006-03-02 20:43:29,Africa/Kigali,GB
-56.0994475,b8:00:68:4e:ef:60,"Arnold, Davies and Pearce",$756.60,Occitan,1983-10-12,desktop-65.stevens.com,Maldives,599862,fil,-116.901113,Hammondport,1972-04-29T20:11:12,1987-05-24 09:41:53,Asia/Vientiane,GB
38.271661,ff:86:c0:40:4f:79,Mason-Pope,$2.02,Manx,1980-09-12,srv-25.allen.biz,Saint Kitts and Nevis,4645,fi,-16.677538,South Suzannehaven,2012-08-11T14:04:20,2011-08-20 02:58:43,Africa/Khartoum,GB
-58.291450,00:2e:c6:f8:2a:76,Price-Vincent,"$29,153.46",Chamorro,2013-07-30,laptop-78.tucker-gallagher.com,Germany,521,am,118.965156,Marsdenport,2006-03-14T15:46:03,1985-08-09 00:13:47,Africa/Mogadishu,GB
-20.710087,5e:f2:ac:1c:6f:6e,Little-Burns,"$47,557.07",Turkmen,1999-09-15,desktop-70.moran.co.uk,Brunei Darussalam,259,am,-162.994930,Port Ashleighchester,1984-11-08T04:03:59,2003-08-06 13:53:11,America/Costa_Rica,GB
-18.448518,74:87:16:9c:27:0d,"Morris, Holmes and Hilton",$88.21,Tatar,1993-03-24,email-45.webb.info,Cuba,22,wo,138.924890,Karenburgh,2011-01-26T22:04:25,1973-03-06 16:32:00,Europe/Belgrade,GB
-29.891781,3a:a3:92:f8:c9:d1,Jones-Bell,$5.56,Tsonga,1991-04-24,email-08.tucker.com,Luxembourg,85,ik,-41.269909,West Lynn,1981-08-04T12:26:12,1970-01-10 21:46:35,America/Guyana,GB
-80.7119415,62:29:f3:f2:69:d1,Ward-Hall,$40.76,Kazakh,1983-04-30,desktop-97.gregory.org,Cook Islands,264488589,fy,-151.366501,Watkinstown,1988-12-18T07:10:35,1993-04-14 11:24:37,Asia/Katmandu,GB
18.392936,1d:9f:a2:1d:39:1e,"Griffin, Kirby and Robertson",$49.52,Romanian,1997-07-26,lt-44.poole.com,Cuba,0,ar,175.556716,West Carolview,1985-05-18T09:12:22,2011-04-05 21:30:54,Africa/Bujumbura,GB
-79.7451865,53:01:42:e7:08:04,"Brown, Begum and Bryan","$3,287.75",Tajik,2008-10-24,lt-03.bull.co.uk,Bermuda,9498,fil,-160.489313,Gillianstad,1994-03-18T17:41:21,2022-05-12 13:10:46,Asia/Katmandu,GB
-55.5721805,eb:df:77:d9:9b:b7,Dobson Ltd,"$1,480.85",Malagasy,2010-07-13,desktop-56.morris.com,Liberia,4780,szl,-124.385569,Lake Katieville,2008-04-24T14:42:03,2023-07-26 21:42:17,Europe/Warsaw,GB
-41.7838045,e8:d1:04:67:88:1d,"Jones, Baker and Hudson",$29.86,Navajo,2009-09-20,laptop-30.jenkins.com,Mexico,367577,bo,-37.147400,Alihaven,2011-09-27T12:39:02,1998-06-19 04:30:46,Pacific/Port_Moresby,GB
-66.6987185,ad:64:7b:97:27:61,Bell-Owen,$568.88,Spanish,2011-11-28,db-36.freeman.com,United States Minor Outlying Islands,452764106,ka,-160.758124,East Bethmouth,1990-01-13T22:47:37,2001-09-01 12:58:49,America/Argentina/San_Juan,GB
-87.1008185,92:d6:ae:ea:2a:6d,Phillips and Sons,$994.58,Inuktitut,1971-05-16,db-51.west-elliott.net,Zimbabwe,804,ti,79.941511,East Glenhaven,1977-03-25T02:50:54,1992-10-11 15:36:00,Asia/Yerevan,GB
60.7283265,db:0e:67:28:c0:5c,"Jarvis, Davies and Burke","$84,758.99",Samoan,2006-12-19,laptop-28.lewis.com,Singapore,5598296,sa,-111.303180,Robertsshire,1982-12-08T09:13:22,1971-10-31 12:05:38,America/Tegucigalpa,GB
7.4567215,aa:93:a5:cd:ae:f1,Perry Ltd,$796.42,Swahili,1982-06-18,srv-05.burns.com,Greenland,176,af,-111.949845,Leslieborough,2022-11-25T09:53:13,2011-10-22 07:21:30,Atlantic/Cape_Verde,GB
-71.1983405,b8:8a:bf:86:a0:69,Barrett and Sons,"$4,730.04",Mongolian,2004-12-21,lt-33.mcdonald-singh.biz,Cape Verde,3,fil,-118.276070,Michelleborough,1972-01-13T10:45:20,1989-02-16 02:17:52,Pacific/Funafuti,GB
61.4046235,91:3f:91:59:b8:be,Bowen-Johnson,$95.18,Ndonga,2002-02-23,lt-51.smith.com,Djibouti,1349341,te,-156.977146,Taylorview,1975-05-19T12:40:12,2021-10-12 05:12:18,Africa/Brazzaville,GB
-30.7429775,42:fb:f0:22:f3:15,Jackson-Warren,"$3,565.72",Panjabi,1980-05-04,laptop-68.hill.org,United States Minor Outlying Islands,8,eu,41.333680,Normanfurt,1988-02-10T23:14:43,2011-10-29 09:16:22,Asia/Damascus,GB
-10.409053,2c:79:d0:07:11:fb,Dean-Page,"$9,180.78",Hiri Motu,1995-07-28,email-18.roberts.net,Martinique,107048818,lij,-157.329283,North Geoffrey,2022-06-26T20:35:07,1984-04-16 18:21:21,Europe/Ljubljana,GB
-64.919402,21:68:3f:b1:ea:81,Davies-Mitchell,"$4,061.31",Sundanese,2016-01-30,db-58.burns.info,Saint Barthelemy,6937501,raj,-87.908690,Taylorbury,1999-02-03T22:31:44,1985-09-01 06:22:18,America/Lima,GB
69.803551,7e:ed:2e:b8:11:08,Taylor-Jones,$8.02,Ewe,1992-05-18,desktop-00.winter.com,Bahamas,173328823,kw,-21.469187,Katherinehaven,1981-12-04T19:51:35,1971-11-24 10:58:50,Africa/Sao_Tome,GB
73.980714,c5:96:d1:32:d2:21,Whitehead Group,"$8,762.78",Yiddish,1990-06-18,db-42.parker-evans.com,Suriname,576119,nn,163.436250,Jacobhaven,2018-10-18T00:33:41,2004-06-17 16:22:16,Europe/Andorra,GB
-82.729412,0f:b5:13:c6:bf:b5,"Harris, Cooper and Barnes",$9.27,Gaelic,2011-05-24,desktop-51.roberts.com,Heard Island and McDonald Islands,299011847,an,20.551663,West Heather,2014-07-06T16:33:05,1985-09-10 03:13:57,Asia/Manila,GB
21.4989025,07:8b:47:9d:ff:53,King and Sons,$648.65,Avaric,1982-07-06,email-67.williams.co.uk,Saint Helena,6,ti,83.508893,Gilbertbury,2018-04-18T13:01:41,1998-05-13 07:58:28,Asia/Ashgabat,GB
-25.998917,6b:e9:3d:a9:54:c2,Jones Inc,$9.79,Pali,1981-12-07,desktop-34.field.com,Tokelau,5933,csb,100.814690,Port Patrick,2021-09-23T18:21:44,1974-01-03 11:04:29,Indian/Antananarivo,GB
22.0991565,2c:bc:49:04:6c:c4,"Gibson, Scott and Williamson",$2.85,Zulu,2002-05-28,lt-47.barnes.org,Niger,383295408,ber,-69.169010,North Gavin,2022-02-13T14:37:41,2014-01-10 04:49:07,Asia/Taipei,GB
-7.894662,89:18:fd:d6:37:27,"Bailey, Henderson and Edwards",$101.89,Sichuan Yi,1990-10-12,lt-36.gordon.com,Lebanon,3,ak,-77.601136,Damienhaven,1980-03-04T19:00:00,1997-04-08 07:06:57,Australia/Adelaide,GB
33.906111,3d:2b:7c:be:1b:04,Jones-Ward,$2.24,Kazakh,1979-12-08,laptop-30.hardy.com,Australia,575557646,nl,-90.123916,Leonardland,2012-04-03T07:02:32,2001-07-13 21:57:43,Europe/Copenhagen,GB
28.0701035,bb:b8:35:de:f4:70,"Wallace, Clarke and Chambers",$17.53,Swati,2002-07-02,desktop-15.powell-metcalfe.net,Korea,599,ht,115.077343,Dominicbury,2005-06-01T03:00:07,2018-06-27 13:00:33,Asia/Amman,GB
-33.394743,7c:05:72:13:a9:f7,Murphy LLC,$69.29,Fulah,1986-10-27,srv-02.cook.net,Greece,23946,lb,-21.545712,Lake Cheryl,2021-06-03T09:28:22,1998-07-08 20:13:44,Africa/Ceuta,GB
-34.7875655,14:6c:2c:0c:e6:85,Norton-Walker,$37.62,Norwegian,1972-08-01,email-85.harris.org,Korea,6322303,ca,-12.664422,Robinborough,1991-05-22T20:02:01,2023-07-19 02:34:21,Pacific/Nauru,GB
-1.8895525,63:be:46:5e:96:e7,"Hall, Davies and Chadwick","$48,844.44",Urdu,2022-07-06,email-30.jones.com,San Marino,50434,ce,41.191282,North Joshbury,1981-06-09T09:43:25,2003-02-01 02:32:54,Asia/Choibalsan,GB
-47.4301285,da:57:91:9c:96:6f,Haynes-Wood,$25.24,Ossetian,1990-06-14,db-34.fletcher.com,Bangladesh,90740,lv,97.847204,Taylorfort,1999-06-04T00:42:16,2010-12-15 04:21:16,Indian/Mahe,GB
-69.860881,23:57:ee:e6:de:a8,Gordon-Hardy,$39.58,Interlingua,1978-03-12,lt-40.harrison-turner.com,Egypt,99893768,sw,-89.146984,Trevorburgh,2002-01-11T02:04:28,1971-07-13 18:48:15,America/Antigua,GB
-65.952110,36:55:3d:b0:18:95,"John, Wilson and Nelson","$22,246.58",Nepali,2012-07-18,srv-17.smith-singh.com,Belize,18211,ln,100.645821,North Katy,2011-03-25T20:59:24,2021-03-12 06:33:51,Africa/Kinshasa,GB
-64.3447035,96:c9:72:fb:71:f3,"Hudson, Smith and Morgan",$929.90,Divehi,1999-02-02,db-33.harding-bray.com,Malaysia,486152742,ps,120.615122,South Karentown,1970-09-15T17:49:25,2011-01-27 06:30:33,Europe/Minsk,GB
62.154785,d5:1c:d0:5d:60:19,Warren-Payne,$627.65,Latin,1973-02-01,laptop-86.knight-smith.com,Zimbabwe,3034962,quz,83.237158,Nolanchester,2012-02-09T09:19:28,1989-06-24 15:24:36,America/Barbados,GB
57.2711205,bd:1b:65:67:02:43,Humphreys Ltd,"$9,034.75",Gaelic,1975-07-04,db-06.edwards.co.uk,Argentina,311,pl,36.809748,Williamsonfort,1981-06-24T06:15:52,2002-07-01 07:55:03,Africa/Niamey,GB
11.8430835,59:44:cc:1b:16:49,"Pickering, Scott and Williams","$22,142.75",Hebrew,2003-06-11,laptop-62.harding.com,Cyprus,6286934,yo,168.243379,North Damianside,2013-04-22T19:12:42,1996-04-16 07:50:33,Europe/Podgorica,GB
-77.021769,31:9d:69:83:21:ef,Bell-Bond,$5.63,Interlingue,2022-03-04,web-32.fuller-richardson.co.uk,Bahamas,956441,ro,-100.621422,Thompsonfort,1973-02-16T11:53:25,2003-12-17 00:22:20,Europe/San_Marino,GB
39.285388,5a:d2:d8:5c:42:11,"Stevens, Hall and Bishop","$56,851.52",Hiri Motu,1992-07-24,desktop-21.walker-clark.com,Afghanistan,3,an,-64.188232,Port Leslie,1987-02-17T07:55:13,1985-05-18 01:05:53,Africa/Johannesburg,GB
9.153442,3b:0c:72:12:00:fb,Skinner and Sons,$42.39,Walloon,1985-01-17,laptop-29.palmer-clayton.com,Mongolia,3414548,tn,87.142171,Lake Simonborough,1978-11-25T19:20:54,1997-07-07 23:17:35,Asia/Karachi,GB
-77.781397,4f:6b:3d:4d:9b:ee,Watkins Ltd,"$6,277.14",Xhosa,2005-10-19,web-06.fletcher-taylor.org,Croatia,95397,mt,80.886377,South Carolyn,2003-05-12T02:50:05,1986-08-15 17:12:06,Africa/Ouagadougou,GB
18.9139455,62:07:1c:48:03:20,Cartwright PLC,$2.43,Fijian,1976-05-04,desktop-68.ahmed-baker.com,Kenya,38,mt,-66.178965,Lake Jamie,1976-05-29T05:47:52,1974-05-30 08:44:02,Africa/Asmera,GB
-77.847852,7c:87:99:d7:8f:82,Griffiths and Sons,"$6,655.90",Church Slavic,2013-05-01,db-57.hicks.org,Heard Island and McDonald Islands,577299708,szl,128.926269,Mitchellmouth,1994-01-22T15:45:43,2019-05-10 16:29:46,Europe/Warsaw,GB
-27.5803035,c3:06:78:ee:41:92,"Price, Bradley and Mason","$39,032.09",Serbian,1982-04-10,laptop-02.davies-hughes.com,Netherlands Antilles,72063607,nb,20.810051,Taylorberg,1992-11-17T17:28:45,1995-08-27 05:50:02,Africa/Lome,GB
-14.533642,41:97:88:35:44:31,"Jones, Fraser and Watson",$279.39,Afar,1973-06-26,desktop-17.simpson.com,Kazakhstan,3,hne,104.925332,Emmafurt,2009-12-20T12:36:58,1983-03-11 22:47:01,Africa/Bamako,GB
1.0517425,1f:9f:e5:4d:a9:d3,Richardson LLC,"$8,091.55",Finnish,2005-08-15,db-02.hawkins.biz,Albania,84445677,sl,-78.085013,Port Annastad,2023-08-10T20:42:48,2005-01-22 00:44:55,America/Guatemala,GB
-24.912745,4e:28:c6:b0:8a:4d,"Nicholson, Wall and Lee","$87,571.77",Kurdish,1984-01-14,desktop-65.chapman.com,Ethiopia,32379905,bg,-17.157093,Osborneport,1978-11-05T13:34:13,2002-03-21 13:25:32,Asia/Taipei,GB
4.749444,f6:52:85:fe:b4:4e,"Williams, Wallace and Ahmed",$13.26,Kazakh,1995-12-05,db-50.williams.com,Kuwait,78,ug,-128.576631,Johnsonland,1997-05-18T10:43:18,2018-12-09 11:36:05,Asia/Bahrain,GB
64.938524,49:05:3e:95:db:98,Evans-Berry,"$17,270.36",Kirghiz,1982-03-21,srv-30.baldwin.co.uk,Saint Vincent and the Grenadines,43912,hak,-16.507239,Samuelmouth,2020-10-05T09:49:35,2015-03-17 03:04:32,America/Belize,GB
-9.0715785,c8:6e:53:da:26:14,Hartley Ltd,$8.38,Uzbek,2012-07-02,laptop-32.cunningham-turnbull.net,Costa Rica,6975,cmn,-53.929116,Jenniferburgh,1989-04-19T09:31:20,1980-07-30 08:36:05,Pacific/Efate,GB
58.826451,86:cb:ae:0e:43:d0,"Thomas, Peacock and Kay","$3,941.17",Basque,2004-04-12,email-00.thomas-anderson.com,British Indian Ocean Territory (Chagos Archipelago),3974088,pa,108.994679,East Nigelfort,2006-03-21T22:21:08,1980-01-28 07:04:06,America/Antigua,GB
-67.973991,52:97:ca:63:08:dd,Morgan LLC,$606.06,Bashkir,2008-11-03,db-37.fleming-martin.org,Finland,587434,nso,-28.921649,Chelseaborough,2003-06-21T16:27:38,1974-06-07 18:40:27,Europe/Luxembourg,GB
-30.4524265,11:b9:7f:98:e1:65,King-Abbott,$624.43,Kinyarwanda,1977-08-17,db-93.gill.com,Niger,9,yo,-77.782535,Patelshire,1984-10-04T14:30:43,2019-01-21 08:24:51,America/Grenada,GB
37.9437235,37:3c:b8:dc:b6:9a,"White, Cooper and Johnston",$651.33,Georgian,1998-12-01,lt-45.arnold-jones.com,Belarus,3061354,nhn,-9.387478,Browneside,1974-01-10T14:08:41,1973-08-18 09:42:59,Europe/Podgorica,GB
68.893824,be:dc:12:a9:28:c2,Robinson-Walker,"$99,451.34",Church Slavic,1979-08-17,lt-46.ali-hill.com,Vanuatu,5,mn,28.489807,Scottbury,1988-01-22T05:36:53,1980-12-01 05:59:24,Africa/Kinshasa,GB
32.4758735,93:e4:3a:a9:ed:e7,Powell and Sons,$488.75,Twi,2011-08-10,desktop-85.rose.com,Paraguay,9,ak,133.156853,Owenland,2014-07-09T15:43:35,1997-09-19 16:17:58,Europe/Andorra,GB
8.6005515,09:48:4a:67:d9:29,Rogers-Barlow,$713.32,Irish,1987-12-30,db-27.murray.net,Belize,67,be,22.832076,East Kevinfort,1991-03-23T10:40:45,1982-08-06 08:50:03,Africa/Brazzaville,GB
69.807640,fa:28:24:61:b5:c5,Perry Ltd,$483.28,Church Slavic,1975-03-05,srv-28.hayward-wood.org,Ethiopia,6,mag,15.101139,Thomasville,1997-06-03T20:30:45,2018-05-24 15:30:24,Asia/Dushanbe,GB
17.476256,d8:d8:a6:a5:d8:1c,Coates-James,$161.56,Tamil,1990-04-01,db-33.baldwin.co.uk,Chad,723155477,iw,105.288523,Karenchester,2014-12-14T00:41:31,1986-12-25 04:09:42,Pacific/Nauru,GB
-41.8723185,31:ec:5a:d3:67:1e,Whitehouse-Harrison,$88.69,Quechua,1979-07-02,email-72.chan-taylor.net,Korea,98677326,ku,128.556853,South Mohamedview,1994-11-22T23:26:29,1991-05-03 07:41:20,Europe/Tallinn,GB
58.972693,15:f9:67:55:4a:f0,Young-Murray,"$40,582.83",Turkish,2004-01-23,srv-22.watkins-price.com,Wallis and Futuna,58,nn,-13.367371,North Melanietown,1978-11-15T08:06:01,1987-07-25 16:40:01,Asia/Nicosia,GB
67.359870,71:f7:25:bf:cd:93,Mills LLC,$88.31,Panjabi,2015-04-23,web-55.baldwin-hayes.net,Lebanon,63,et,-156.184252,Sharonbury,2013-09-28T07:18:16,1993-08-01 06:31:31,Africa/Cairo,GB
-83.075304,0f:d7:b0:ae:bf:04,"Thomas, Miles and Berry",$2.83,Avaric,2015-10-09,web-15.watts-marsh.com,Armenia,3661,tr,137.044745,Port Wendy,2002-02-19T15:47:47,2007-10-14 08:06:51,Asia/Thimphu,GB
63.8518345,53:88:c0:59:68:de,"Price, Hurst and Sheppard",$349.01,Tajik,1996-08-10,lt-25.preston.com,Solomon Islands,91479,lij,48.944041,Nicholasmouth,1975-04-09T10:40:24,1971-07-18 13:54:35,Africa/Cairo,GB
38.476848,88:0e:2d:b7:6d:79,"Stewart, Johnson and Harris",$6.66,Nauru,1999-07-19,laptop-71.smith-charlton.com,Japan,70366003,om,-13.991049,Ronaldburgh,2006-08-26T11:02:08,2013-10-27 12:48:50,Pacific/Majuro,GB
13.736238,e0:15:5d:d5:ac:13,"Taylor, Young and Williamson","$6,323.47",Northern Sami,1981-03-01,web-24.parker.com,Wallis and Futuna,39803175,sk,-34.625790,West Phillip,1982-03-05T21:42:08,1994-10-28 04:40:50,Africa/Ndjamena,GB
-64.1801865,d8:96:08:98:0a:b6,Coleman-Sims,$4.10,French,2006-12-29,desktop-86.brown.info,Argentina,6269546,st,166.252933,West Colinland,2021-10-25T09:30:28,2007-11-16 11:22:33,Asia/Thimphu,GB
-39.6771105,3b:f6:66:95:bf:2d,"Davies, Wilkins and Nixon","$67,456.96",Tatar,2015-01-23,laptop-39.fisher.org,Ethiopia,4,cmn,7.194035,Cooperburgh,1984-10-20T06:00:43,2018-05-30 12:25:14,Africa/Ceuta,GB
18.5106655,dd:06:99:b3:41:7d,Reed-Browne,$330.38,Kurdish,1983-03-31,desktop-07.kelly.biz,Kazakhstan,4,ca,-55.947339,Lake Susan,2011-06-08T03:12:12,1987-07-27 02:44:46,America/Tegucigalpa,GB
-65.3578425,f8:ce:65:74:e8:c0,Cox-Hussain,$8.18,Maori,2009-01-29,laptop-61.johnson.com,Montserrat,7184740,wal,-97.625627,Taylorchester,2003-02-08T22:53:24,1999-06-24 05:23:56,Europe/Oslo,GB
-51.0241225,d1:bd:32:9e:9c:42,"Newton, Robinson and Bird",$449.22,Danish,1993-12-20,db-77.west.com,Belgium,6410,he,-58.521330,Palmerland,2009-11-06T17:04:42,2003-02-26 01:23:27,America/Costa_Rica,GB
29.0091745,73:e6:0b:77:06:10,Fox-Mitchell,$6.55,Finnish,2003-11-01,email-79.shaw.info,Anguilla,89,si,-128.530659,Port Jamiemouth,1973-08-20T07:01:01,1980-03-14 20:05:12,Europe/Luxembourg,GB
-69.1435815,ed:6b:51:82:a2:b2,Murray and Sons,$41.94,Turkmen,2004-07-13,db-80.smith-cox.com,Antigua and Barbuda,8303494,hu,-97.328796,New Chelseabury,1971-08-15T17:54:43,2011-08-13 00:26:33,Asia/Colombo,GB
62.794895,37:c9:69:40:88:9e,"Hughes, Reid and Hunter",$8.90,Basque,2002-08-17,srv-61.mitchell-west.com,India,272302,nso,-20.644021,Dawsonfurt,1984-11-14T22:23:54,1972-02-29 05:42:06,Atlantic/Cape_Verde,GB
-32.3696585,1a:1e:4c:8e:73:a6,"Williams, Patel and Humphreys","$5,322.04",Chamorro,2004-12-22,desktop-41.taylor.com,Turkmenistan,22,ps,-111.862418,North Aaronchester,2002-08-13T18:07:30,2023-04-03 22:47:28,Asia/Makassar,GB
45.220011,80:c2:72:1a:0e:5f,Wood Group,$54.04,Somali,1979-10-24,laptop-57.king.biz,Poland,71,sid,123.134088,Port Craig,1990-09-07T04:36:26,2013-05-15 19:47:36,Africa/Freetown,GB
-64.303780,7a:fb:cf:54:58:92,"Williams, Metcalfe and Townsend",$65.10,Sundanese,1980-08-13,lt-01.hunt.com,Italy,5,tl,52.460177,East Bethanfurt,1997-10-13T02:36:33,1996-11-11 01:08:52,Europe/Athens,GB
52.146970,3c:b1:80:13:2c:e5,Whittaker-Johnson,"$39,849.59",Javanese,2009-12-09,email-16.hodgson-fox.net,Djibouti,146,lij,55.305706,Port Chloe,1996-10-14T20:02:28,1975-11-23 10:07:02,Asia/Dili,GB
-53.008168,2f:12:d5:10:be:82,Williams-Wilson,"$17,404.78",South Ndebele,2017-09-03,laptop-27.smith.com,Latvia,35932,sd,134.391637,North Jonathan,1999-10-04T20:54:14,2003-11-09 23:09:45,Africa/Algiers,GB
-63.696517,42:3e:a6:08:c2:7a,Rose-Taylor,$280.21,Aragonese,1985-04-30,desktop-80.harris-thompson.com,Kyrgyz Republic,59450,hak,-80.569161,Smithstad,1996-05-20T22:10:13,1995-02-09 23:27:29,Asia/Dubai,GB
63.8686425,80:04:9e:cd:79:46,Watson-Woods,"$9,180.43",Church Slavic,2011-11-24,lt-52.hill.net,New Caledonia,794340,yi,22.937780,Port Sharon,1988-02-13T05:50:21,1984-11-18 22:47:58,America/Antigua,GB
41.1540335,d5:39:46:74:6d:de,"Carter, Carter and Burke","$86,379.33",Basque,2019-08-19,email-14.phillips.com,Cyprus,576352,ro,-99.620052,Adamchester,1985-06-08T15:11:54,2005-11-18 08:50:15,Africa/Bujumbura,GB
-53.3274925,7f:72:4a:64:f9:ee,Russell Ltd,"$46,425.22",Turkmen,2009-08-31,srv-41.fowler-roberts.org,Chile,6336,wa,173.534419,East Reecebury,2019-10-18T07:39:46,1993-01-31 07:36:35,Europe/Zagreb,GB
-64.380023,e1:96:03:44:80:7e,Riley-Tomlinson,"$53,694.85",Fulah,1981-11-25,lt-06.hughes-turnbull.net,Tajikistan,1650,nr,-172.661507,New Iainland,2009-10-19T00:38:56,2009-12-13 01:43:54,Asia/Taipei,GB
27.032518,6a:24:07:2b:31:79,Walker Inc,$4.42,Oriya,1984-06-28,email-78.wright.com,Fiji,8,ti,-83.438961,South Justin,2000-10-01T12:16:10,1973-08-17 09:35:36,America/Paramaribo,GB
-18.871982,90:c1:2b:ef:20:18,Gould-Marshall,$715.88,Somali,1981-07-07,desktop-11.kelly.org,Portugal,978503605,ln,-35.687182,Coxside,1999-01-23T15:59:17,2013-08-26 19:04:40,Asia/Damascus,GB
80.498211,a0:69:96:fe:ea:17,"Barnes, Birch and Hale",$32.50,Samoan,2002-04-25,lt-37.burns.com,Saint Lucia,6,my,121.291525,New Stephanieborough,2021-03-06T19:44:46,1991-03-24 03:39:58,Africa/Ndjamena,GB
36.7200475,fc:e9:b7:47:f3:ea,"Francis, Saunders and Mann",$11.67,Macedonian,1994-04-07,email-38.davies.com,Macao,926,nl,147.055302,West Barbara,1982-12-01T00:06:51,1999-09-03 06:36:55,America/Caracas,GB
-38.657476,33:8d:64:b5:00:86,Smith Group,$6.83,Ido,2003-04-08,web-18.ward-dawson.org,Mali,67,bg,-86.313762,Angelaland,2016-01-31T23:21:11,2015-07-20 09:13:25,Asia/Qatar,GB
-45.211720,5b:31:92:14:17:ea,Baxter-Jones,$693.50,Interlingua,1972-12-13,srv-89.mitchell-carey.com,Eritrea,2,fil,-125.377332,Fraserfurt,2002-10-30T19:41:07,1974-03-07 19:18:07,Africa/Lusaka,GB
-32.031461,66:69:d2:0f:25:67,James-Fletcher,"$82,049.69",Russian,2023-02-12,desktop-41.clarke.com,Brunei Darussalam,2505538,cs,70.978973,Grantton,1974-02-07T12:39:15,1973-05-21 09:22:39,Europe/Athens,GB
-64.702058,39:e5:7d:49:33:f9,Wilkins-White,$44.91,Uighur,1980-01-04,laptop-66.carter-elliott.info,Costa Rica,956995,ru,159.706106,Harveystad,1989-01-29T00:01:31,2021-02-01 21:01:30,Europe/Vatican,GB
-44.488192,c1:8f:91:53:d7:ab,Smith-Abbott,$69.77,Uighur,2019-01-17,laptop-95.williams.com,French Polynesia,8720100,xh,-80.645559,Thompsonchester,2005-04-25T16:51:21,2015-01-06 08:57:47,Asia/Saigon,GB
-89.8493305,2a:ca:21:2e:44:7c,Webb Ltd,$6.50,Latin,1977-02-06,laptop-83.harding-akhtar.com,Spain,2349,tk,-90.579511,Blackburnville,1979-02-10T16:05:39,1988-01-30 19:38:36,America/Guatemala,GB
66.547370,5c:39:63:16:57:9c,Morris-Gordon,$71.87,Walloon,2007-05-14,lt-78.nolan-moran.com,Tokelau,1794803,fa,8.286304,Rosiestad,1975-11-17T05:27:04,2006-01-06 06:33:44,Africa/Mogadishu,GB
-39.068484,85:02:2c:ae:50:2c,Moss Ltd,$180.59,Chamorro,1991-10-13,web-99.williams-west.biz,Mali,537269531,be,-88.192876,Normanmouth,1995-04-21T01:05:33,1996-04-06 12:30:41,Africa/Bamako,GB
-47.503934,59:c5:31:31:f0:c2,Wilson-Lewis,$816.69,Chichewa,2013-11-29,email-40.rogers.com,Botswana,7687754,bg,173.311054,Colesshire,1975-12-28T17:58:35,1971-01-15 10:34:32,Asia/Yerevan,GB
51.2965555,f8:8b:b8:4a:5a:f1,"Singh, Horton and Thorpe","$3,132.43",Kashmiri,1992-05-31,laptop-70.bennett.net,United States Minor Outlying Islands,47408,cy,-1.896273,West Maxtown,2015-01-15T18:40:13,1989-01-09 10:06:29,Asia/Baghdad,GB
-10.244479,db:45:ac:9c:9c:74,Macdonald LLC,$3.29,Abkhazian,1970-11-19,web-08.dunn-bates.com,Mali,9924754,kl,-91.289637,Gordonton,1986-02-06T16:13:40,2007-06-16 04:40:25,Asia/Karachi,GB
22.1221865,6d:fa:f8:7e:c0:a5,Farrell-Atkinson,"$21,765.23",Corsican,2010-01-13,desktop-17.evans.com,Puerto Rico,1160712,bs,-17.144883,Port Natalieberg,2018-06-07T17:20:08,2007-06-11 23:16:50,Europe/Riga,GB
-19.249116,45:34:97:ea:1b:df,Barnes-Allen,$12.94,French,2005-05-02,web-69.davis.com,Bahrain,70,bhb,23.381071,Wellsville,1976-11-15T20:33:52,1985-04-05 08:53:18,Europe/Vatican,GB
-72.8446755,5e:97:c2:9e:e3:8c,Murray LLC,"$6,597.03",Bosnian,2005-05-15,srv-96.scott.com,Guam,933953513,li,-13.297542,Gouldshire,1996-09-10T18:00:15,2018-01-31 00:03:36,Europe/Podgorica,GB
-17.2903635,b0:d6:3c:9a:7c:ff,"Webb, Grant and Duffy","$26,509.71",Sichuan Yi,1995-09-08,srv-87.reid.com,Bosnia and Herzegovina,4164862,lv,-109.852290,Lake Oliverport,2018-08-06T10:26:13,1976-07-05 14:21:32,Asia/Urumqi,GB
66.447313,69:4d:14:19:60:11,"Birch, Kelly and Howell",$357.14,Lao,1976-08-20,laptop-41.davis.com,Jordan,44,mr,-59.846448,Charlieton,1996-11-17T18:08:13,1973-11-18 07:29:21,Africa/Ndjamena,GB
-75.8378635,ff:d5:f1:50:c9:15,Brown-Cole,$5.88,Hindi,2001-07-10,email-58.douglas.net,Iraq,69,mk,-74.493563,West Louisland,1971-08-22T12:02:33,2005-04-11 04:15:46,Europe/Tirane,GB
41.420752,29:21:1a:72:d2:cc,"Summers, White and Harrison",$80.40,French,2016-03-05,web-45.morgan.com,Guernsey,433,fy,133.101781,Alifurt,2017-12-04T18:21:35,1971-08-13 21:39:41,America/Asuncion,GB
37.8349935,a1:da:7a:cf:e0:57,Godfrey LLC,$0.32,Cornish,2009-04-22,laptop-90.simpson.com,Iceland,10,ckb,-157.337239,O'Brienfurt,1994-10-25T08:12:11,1993-12-19 08:44:16,America/Montevideo,GB
-6.2032955,51:22:78:ac:c7:60,"Jenkins, Tucker and Daniels","$13,157.65",Chechen,1998-03-24,laptop-16.ford-thompson.info,Eritrea,595008,aa,15.823324,Michaelburgh,2017-03-14T00:32:54,1971-11-19 04:25:09,Europe/Belgrade,GB
-79.991072,c9:47:f2:57:9e:9a,Hughes Group,"$5,432.01",Oriya,1998-01-04,lt-10.butcher.net,Suriname,2793335,ps,40.766941,Jordanburgh,2020-12-01T06:45:27,1992-05-14 03:42:03,Europe/Helsinki,GB
50.0403445,e5:54:f1:c8:6c:93,"Ross, Byrne and Jones",$595.64,South Ndebele,2007-08-16,laptop-57.davies-mills.com,San Marino,7,ik,13.431035,East Leahmouth,2013-05-31T23:27:02,1999-02-26 13:35:57,Asia/Novosibirsk,GB
-64.8709075,f5:f0:1f:b4:cc:79,Hart Group,"$91,938.07",Sundanese,2016-03-07,db-04.rahman.com,Saint Vincent and the Grenadines,81032,os,-39.201992,Rachelview,1998-08-28T18:23:00,1993-01-23 01:51:43,Africa/Cairo,GB
72.2175495,90:ae:6b:62:87:d7,Carter-Knowles,"$8,716.33",Quechua,1989-05-20,srv-29.smith.com,Tuvalu,96145030,rw,10.518110,Lake Cliffordborough,2013-03-30T00:21:07,2014-09-29 01:21:07,Africa/Mbabane,GB
6.3232965,22:0c:c9:4c:63:11,Powell Group,$666.17,Wolof,1988-05-30,web-19.morris-hill.com,Portugal,57,crh,-9.181858,Lake Russellside,1987-04-17T15:11:27,2005-03-04 03:39:20,Europe/Paris,GB
-66.209222,61:8b:34:de:c8:21,Woodward Group,"$9,033.00",Russian,1985-09-07,laptop-57.clarke.com,Anguilla,42587976,byn,-59.636607,Port Ann,1980-06-14T17:49:17,2014-02-08 02:48:56,Africa/Khartoum,GB
-67.452068,95:af:0a:4d:cd:03,"Martin, Collins and Francis",$0.76,Corsican,2022-10-12,db-41.kerr-dean.com,Gibraltar,31767,nr,-119.057643,Taylorfurt,1997-08-04T19:58:50,1985-07-13 09:09:48,America/La_Paz,GB
24.281736,f3:06:31:06:c4:6e,Bond and Sons,"$1,782.74",Luba-Katanga,1997-02-07,srv-23.jones.com,United States Minor Outlying Islands,418813,mt,-170.416594,West Mandy,1971-07-02T18:49:05,2019-05-28 21:26:13,Pacific/Tongatapu,GB
-9.268947,8e:8b:7c:3e:65:bf,"Wallace, Barlow and Williams",$666.41,Kalaallisut,1998-06-18,srv-17.griffiths.com,Taiwan,28947263,apn,130.837655,South Suzanne,1971-12-21T19:22:02,2005-07-28 02:01:42,Asia/Colombo,GB
-18.8946365,58:20:66:ca:fa:ea,Barton-Watson,$266.68,Hindi,2009-06-22,db-34.ward.net,French Guiana,228108249,de,25.334255,Martynview,2022-03-15T11:24:15,1973-04-09 22:09:30,Pacific/Efate,GB
-57.1506825,5a:e7:40:69:4f:68,"Harris, Johnson and Wells",$726.11,Croatian,2004-08-07,lt-59.shah-hall.com,Cote d'Ivoire,8,kw,26.081966,Robsonbury,1984-07-27T05:23:06,1976-06-13 13:43:02,Pacific/Efate,GB
55.0131535,f6:2e:5b:98:19:df,"Hughes, Jones and Singh","$77,813.76",Hungarian,2000-07-15,db-58.parker.com,Thailand,401,crh,-118.109389,Port Rhys,2000-06-22T21:37:10,1988-05-13 23:18:51,Asia/Karachi,GB
-56.588212,ad:a1:18:b3:67:77,Nicholson-Watson,$44.03,Kongo,1977-09-25,laptop-21.price.com,Lesotho,155,ht,-98.175208,East Christopher,2014-08-18T23:21:53,2013-08-31 08:04:25,Africa/Bujumbura,GB
0.198155,a2:01:5c:c4:88:d3,Jones-Reid,$401.14,Panjabi,1972-07-21,desktop-32.mason-barker.com,Barbados,99,mhr,126.356919,East Jonathanshire,1974-09-15T05:01:58,1996-09-24 17:26:45,Africa/Ouagadougou,GB
52.466092,0b:04:74:9f:f1:fc,Kemp Ltd,"$76,594.62",South Ndebele,2019-05-07,laptop-08.smith.co.uk,Tunisia,749310,ug,42.188587,West Simonbury,2009-10-08T05:50:48,2010-10-23 04:43:18,America/Managua,GB
-84.856085,9d:b1:7f:53:1c:2a,Dale-Jenkins,$9.20,Dzongkha,2009-09-22,laptop-94.ferguson.biz,Nicaragua,2,si,-42.899504,Walkerberg,1977-06-13T21:57:59,2010-07-17 11:17:24,America/Antigua,GB
27.112515,36:d8:3f:e0:14:ea,Garner-Scott,$325.09,Bashkir,2011-04-28,desktop-63.wilson.com,Tajikistan,9554,mr,-141.842154,Cartwrightfort,2020-06-13T02:19:43,1978-01-16 10:19:14,Asia/Ashgabat,GB
