mac_address,longitude,iso8601,hostname,time,bank_country,pricetag,language_code,file_name
16:cd:50:dc:a1:64,153.892188,2013-10-08T08:20:13,laptop-19.cox.org,19:39:29,GB,$42.02,ia,assumenda.png
f5:3f:49:a7:3f:66,-55.881747,1996-06-15T10:49:43,lt-49.birch-gray.com,08:30:56,GB,"$13,037.96",fo,accusamus.mp4
70:58:30:31:62:4e,-7.999796,1971-11-19T22:29:39,lt-60.carter.com,02:00:16,GB,"$63,954.13",af,dolorem.mov
7b:89:48:ec:bc:7c,-41.040183,1988-10-13T18:17:00,email-35.pritchard.org,22:17:31,GB,"$91,240.86",ar,expedita.tiff
96:6c:61:03:fa:a9,-144.801533,1978-10-26T21:24:54,db-60.houghton.com,03:08:06,GB,"$9,287.48",bg,ipsam.csv
55:53:65:6a:c7:3d,-43.141515,2000-08-02T20:08:40,db-69.lane.com,20:00:36,GB,$6.43,ast,quia.jpg
84:55:8b:dc:fb:2b,-77.833730,1974-02-05T00:30:25,laptop-80.martin.com,17:33:03,GB,"$80,447.50",ast,enim.mp3
fd:b2:29:c0:53:7f,112.168454,2019-05-19T14:44:05,laptop-75.williamson-charlton.com,09:33:22,GB,"$23,732.47",ro,ducimus.mov
62:88:27:9a:ba:0a,32.486788,2013-07-15T19:21:29,web-66.shah.biz,22:11:16,GB,$819.10,hu,officia.mp4
8a:55:f7:05:10:da,113.141180,2012-09-03T01:40:23,desktop-08.cooper.com,22:13:55,GB,$56.94,oc,ut.json
fc:6b:b4:5c:4f:d5,-71.969633,2001-06-05T02:51:37,laptop-75.williams.com,22:19:19,GB,$544.56,ks,cum.pages
6f:e0:e7:20:5d:ff,46.302530,1980-08-11T21:17:25,web-80.thomas-turner.com,15:41:20,GB,"$68,438.31",ca,saepe.css
42:27:56:86:21:45,130.775205,2012-09-23T15:42:36,web-39.thompson.biz,00:53:01,GB,$6.91,ig,asperiores.mp4
ca:5a:12:4e:dc:0b,169.752789,1992-03-20T02:53:43,web-97.mitchell-akhtar.biz,19:27:43,GB,$0.61,si,amet.gif
52:c4:1b:47:83:d6,-134.945451,1997-05-12T05:23:58,email-58.riley.info,07:55:14,GB,$597.08,ko,doloremque.png
33:a4:be:f1:45:27,3.995402,1989-12-15T07:08:58,web-42.clark.com,16:28:54,GB,$2.67,ar,recusandae.flac
fe:f8:c4:8b:e1:8c,133.111261,1977-02-20T23:47:59,srv-20.elliott.net,11:33:33,GB,"$75,728.57",or,qui.flac
d2:72:49:89:64:de,62.478384,1995-01-28T19:40:03,desktop-34.jones-williams.com,13:40:18,GB,$0.81,iu,nemo.flac
c9:ae:d1:6e:cb:09,-1.298220,2007-10-16T22:25:20,desktop-04.jones-thomas.info,04:42:38,GB,"$42,465.38",hne,cum.png
b7:b8:63:db:57:88,106.626233,2002-09-19T21:23:44,email-06.parry.info,04:24:51,GB,"$4,057.53",ps,eum.gif
45:3d:c5:63:d6:b8,-96.120788,1987-02-02T04:01:30,desktop-46.jones.net,20:48:44,GB,$723.45,lg,necessitatibus.odt
c7:44:25:66:66:33,83.252764,2005-12-29T23:47:37,srv-07.burns.org,23:39:29,GB,"$9,077.09",ku,laboriosam.avi
05:42:53:0b:82:b7,-165.464054,1971-05-14T10:31:43,desktop-55.mclean-harris.com,12:17:23,GB,"$35,515.38",ml,sint.wav
98:99:52:86:ba:72,72.370355,1979-01-08T03:02:28,desktop-69.atkins-singh.net,15:08:44,GB,$472.60,hy,sapiente.avi
72:56:84:11:fa:f2,11.706816,1979-08-24T20:10:57,web-20.newman-obrien.com,09:19:14,GB,"$4,967.34",nl,nisi.docx
35:a9:26:e2:b1:98,88.340854,1977-11-23T23:36:50,db-08.harvey.org,14:28:36,GB,"$56,309.80",id,suscipit.odt
a6:2e:c0:82:71:94,-17.025009,1980-10-21T01:46:26,desktop-42.dale.biz,16:41:35,GB,"$5,809.38",ik,alias.wav
9a:28:a1:ca:9b:1c,-90.400558,2021-01-07T06:06:17,db-68.lloyd-anderson.org,15:28:23,GB,"$77,048.90",id,odio.webm
87:5c:cc:f4:c4:98,-31.253332,1998-08-17T23:33:25,srv-09.whittaker-turner.com,21:33:55,GB,"$15,849.58",so,assumenda.gif
12:b2:7b:58:7e:76,-129.668737,1979-06-23T00:02:48,srv-41.hayward-brown.biz,09:21:32,GB,"$38,031.90",lzh,facere.wav
c5:a8:ed:ea:34:b8,146.759613,1973-02-18T12:19:18,db-96.johnson.com,07:48:27,GB,$634.69,tk,veniam.pdf
6e:49:d5:38:81:6b,45.910701,2018-08-04T01:03:07,srv-30.jones.org,05:39:14,GB,"$20,038.38",iw,corporis.doc
df:3d:76:0d:b9:73,47.515059,1988-12-08T14:05:57,desktop-88.wells.net,17:02:32,GB,$22.26,sat,accusamus.flac
1d:25:12:29:d3:de,-58.814146,1989-04-22T02:05:50,lt-11.singh.com,18:46:09,GB,"$10,062.84",az,dolorum.mp4
25:26:18:ad:1c:07,-156.723300,2006-06-30T06:48:34,email-89.wright.com,12:27:37,GB,"$8,595.68",se,repellat.pdf
a3:48:c5:bf:d5:67,-42.734222,2021-12-01T20:36:05,lt-75.burns-williams.com,11:37:12,GB,$83.15,iw,ducimus.odt
a7:2d:35:45:d6:76,58.770686,1988-10-24T08:07:50,desktop-94.barton-metcalfe.biz,16:14:48,GB,"$21,856.16",az,error.webm
78:1e:a5:a4:71:44,-76.477855,1981-11-10T00:11:20,desktop-47.evans-allen.com,13:32:08,GB,"$3,968.72",pt,delectus.wav
6b:b8:4a:28:e0:60,4.391846,1996-06-27T08:29:17,email-80.hughes-thomas.co.uk,03:09:09,GB,"$78,442.25",ff,suscipit.odp
a3:9e:43:f3:2c:84,-59.702087,1982-08-20T15:52:51,srv-03.whitehead-stokes.info,12:12:21,GB,$8.62,bg,quos.key
d7:16:de:13:28:ef,61.471191,2008-04-24T03:57:44,db-29.phillips.com,10:31:15,GB,$5.23,am,ex.doc
85:19:2c:ea:84:ed,-21.257692,2009-10-17T21:26:20,web-16.hussain.net,13:25:52,GB,"$76,755.64",ar,atque.mp4
11:5c:20:e1:1b:8f,-11.639954,1985-04-04T01:53:38,lt-77.nash.info,14:03:20,GB,$9.77,nr,nihil.mp3
52:d0:fb:7e:fc:bc,-6.989509,1986-12-02T08:45:37,email-15.reid.com,16:25:16,GB,"$2,938.12",my,maxime.png
45:fd:a7:21:51:27,-45.752265,1977-02-10T10:05:16,laptop-53.savage.org,03:14:56,GB,$128.69,en,maxime.doc
10:e5:28:5a:35:02,-9.510831,2015-04-06T02:50:36,web-02.murphy.info,06:39:02,GB,"$2,244.05",yue,libero.mp3
0e:41:6e:11:a9:36,138.515639,2003-07-05T02:33:22,laptop-21.summers.com,12:31:25,GB,$67.97,et,quia.mov
80:ff:18:78:15:fb,-8.208306,2015-01-03T03:20:06,web-48.holland.com,01:47:53,GB,"$4,936.64",af,aspernatur.png
ba:f8:4b:44:cc:6d,-89.377200,1991-03-10T23:16:38,db-30.lewis.com,11:38:00,GB,$110.88,fur,porro.mov
fb:76:5f:fc:57:05,12.348020,1978-06-05T13:14:18,email-32.storey.com,06:17:59,GB,$3.50,an,quo.csv
83:c4:4a:57:78:8f,153.166828,2005-04-17T14:53:54,db-15.gough.info,05:18:22,GB,$39.36,ms,alias.mov
1f:ec:c2:84:a3:ae,-116.950545,1975-03-24T13:35:10,laptop-54.austin-smith.net,18:55:54,GB,$363.13,sid,voluptatem.doc
82:9d:ff:d8:bd:2f,124.701476,1985-10-14T04:13:10,lt-46.moore-baker.com,21:06:08,GB,$6.38,tt,nemo.pptx
f9:7c:01:6b:37:ed,175.830245,1997-01-27T19:34:45,db-89.taylor.co.uk,02:42:52,GB,$5.26,sat,ratione.xlsx
9c:11:e6:cf:bd:ac,-26.909182,2003-04-14T09:00:29,desktop-78.howe-oneill.co.uk,15:05:32,GB,$72.47,kn,reprehenderit.gif
0b:e3:71:52:62:41,-71.481176,2001-08-28T08:34:27,web-16.francis.com,00:02:09,GB,$19.61,ff,ratione.png
fd:8c:96:5b:75:ac,13.592474,2007-12-27T01:02:00,desktop-63.hussain-brown.co.uk,07:29:41,GB,"$81,859.28",mn,dicta.mp3
87:20:7e:c7:d7:13,-140.850069,2002-06-23T09:01:12,laptop-41.cooper.info,21:46:06,GB,$894.01,cy,nihil.webm
59:38:8e:3d:dc:03,111.267432,1977-07-05T05:16:11,lt-67.richardson-begum.com,14:10:16,GB,"$7,890.77",lzh,consequatur.wav
4f:50:e5:0b:12:bb,-95.978680,1992-01-30T00:03:59,lt-59.clark.com,11:45:17,GB,"$44,588.66",mn,neque.mp4
8a:3e:94:5b:e7:37,-103.737632,2003-11-18T08:44:55,laptop-97.lloyd-nash.net,11:10:57,GB,"$9,984.22",sk,voluptate.mp4
f4:02:5e:f2:b4:e5,-70.286151,1996-12-21T01:38:16,web-52.williams-stanley.biz,22:21:34,GB,$867.16,cy,labore.flac
04:e6:21:1f:e7:b7,132.263135,2009-09-10T06:08:10,lt-53.matthews.info,03:06:45,GB,$816.15,te,ipsa.flac
ba:fa:c0:79:b7:04,-112.511152,1979-03-06T23:05:03,web-25.cooke-jones.biz,08:14:18,GB,$12.59,hne,nesciunt.avi
19:95:ca:57:0c:02,-34.980404,2008-11-22T07:03:48,lt-10.hartley-fisher.com,13:10:55,GB,$644.38,ak,voluptatum.flac
ce:2c:99:07:8f:73,2.829084,1999-03-27T01:47:39,email-91.andrews.com,09:27:01,GB,$280.54,ms,neque.mov
c4:1d:3a:a2:78:5b,142.053382,1990-02-05T03:50:15,db-23.walker-williams.com,09:51:42,GB,$56.68,tk,praesentium.txt
08:cb:ee:1a:89:fa,-99.048856,2004-02-28T14:51:51,srv-77.carroll.com,23:44:57,GB,$0.49,nr,quis.gif
6d:a3:cb:0e:13:17,166.603688,1973-11-10T17:15:51,web-24.lucas.com,15:19:33,GB,"$4,946.16",nn,commodi.ppt
df:87:5d:5b:50:08,62.180538,2008-08-22T15:01:21,laptop-37.harris-adams.co.uk,13:32:17,GB,"$18,091.74",ln,asperiores.css
8c:3a:ee:f9:5e:d8,-161.493601,2018-02-02T07:44:38,email-51.adams.com,15:26:52,GB,$0.76,nb,praesentium.mp3
0f:ef:71:3c:b4:ce,56.985147,1975-10-07T09:06:45,web-08.savage.com,11:56:28,GB,"$1,374.13",sv,ipsam.png
ef:d3:0d:c0:54:31,32.990543,2014-04-13T14:06:55,email-91.ryan.org,13:32:59,GB,$31.65,is,voluptate.flac
d9:1d:c1:13:41:17,-158.701007,2017-08-12T20:45:52,db-22.edwards.com,17:46:14,GB,$44.07,tk,earum.txt
da:f8:d3:4d:b0:42,104.612293,1988-08-22T10:27:36,email-58.oliver.com,05:59:27,GB,"$9,352.15",kok,quae.wav
f6:13:e9:8d:da:00,-67.264745,1987-03-06T09:24:19,email-97.matthews-roberts.com,14:17:35,GB,$955.06,de,eum.wav
36:59:a0:c9:ea:f1,-176.918067,2022-01-18T02:10:39,lt-87.collins.com,01:17:14,GB,$67.26,fo,expedita.wav
4f:db:74:2f:6c:b2,90.933682,2004-05-10T05:48:43,db-32.young-wright.org,02:52:16,GB,$180.26,the,necessitatibus.avi
ec:a6:26:7c:29:e8,-75.367390,1991-04-28T22:04:52,laptop-66.wilkinson.com,18:00:40,GB,"$7,728.89",szl,amet.mp3
38:c0:04:c0:3d:39,-143.791475,2014-12-20T14:59:06,srv-32.harvey-johnson.com,22:46:06,GB,$41.39,ps,ad.mp4
5f:e9:20:11:10:fd,-154.158621,2019-01-31T18:29:24,lt-22.wright-reid.com,16:39:27,GB,$862.75,tg,temporibus.mp4
db:4a:8b:4d:58:58,134.919153,1978-03-17T18:10:58,lt-53.scott.biz,21:46:33,GB,$1.33,ss,placeat.csv
1b:b1:36:f3:1c:66,-47.120115,2005-03-26T06:41:29,web-03.sheppard-oconnor.biz,02:49:06,GB,$90.03,pt,hic.jpeg
d4:45:1c:94:62:de,-112.484615,2016-04-26T05:51:33,email-23.edwards.com,21:36:28,GB,$7.41,ro,officiis.flac
e4:ef:c6:3b:5b:ec,53.045880,1978-11-08T00:11:38,srv-70.smith.info,09:59:03,GB,"$49,976.79",niu,fuga.json
e1:99:e1:22:5c:cb,173.503728,2001-09-03T21:39:08,email-28.patel-richardson.info,05:45:24,GB,"$62,464.85",hsb,praesentium.webm
90:44:1f:fd:5d:f7,-52.347712,2006-06-03T13:25:30,email-39.bond.com,05:37:58,GB,"$67,461.94",iw,rem.odt
d4:e6:fb:11:50:f2,-10.126013,2011-02-10T18:41:36,lt-47.barnes.com,16:00:55,GB,"$7,001.83",ayc,ipsam.txt
56:43:44:bc:41:a5,-58.848191,1987-07-26T10:33:09,desktop-14.moore.info,08:03:06,GB,$989.21,ast,voluptatibus.mp4
fa:61:0f:7e:63:2a,-52.416778,2009-12-18T07:20:31,srv-53.henry-rees.com,10:40:35,GB,"$76,098.29",ga,hic.csv
96:d0:02:b0:b4:b8,118.342927,1970-01-23T07:32:18,lt-44.smith.info,21:58:28,GB,"$6,497.45",ak,reprehenderit.bmp
3c:79:25:38:ec:b1,-133.242634,1985-06-02T00:22:02,db-05.ford.com,15:34:04,GB,$15.43,hak,expedita.png
d6:f3:75:40:e7:1b,-99.399005,1978-05-18T12:38:48,lt-55.newman.com,07:12:28,GB,$60.58,am,natus.tiff
0a:64:8f:20:a5:0c,-151.904107,1982-05-24T11:22:12,email-10.mills.com,14:01:30,GB,$907.45,te,nisi.avi
b0:ed:2a:52:bc:18,-96.116972,2004-08-21T00:44:48,web-72.gould-richardson.com,08:35:20,GB,$287.56,unm,vero.odt
d8:94:7e:de:0f:cd,131.438570,1973-09-22T07:07:57,db-45.collins.info,16:14:41,GB,$618.30,he,incidunt.tiff
e7:71:cf:b4:d6:e7,90.970506,1973-10-27T18:42:15,db-83.porter.net,20:02:22,GB,"$15,025.86",li,facere.flac
7a:b0:64:b9:a4:6d,-99.534745,1978-05-28T17:56:37,lt-72.williams.org,01:26:24,GB,"$1,085.17",mag,officiis.mp4
d2:c4:79:ce:92:99,82.024515,2019-02-08T12:56:00,laptop-64.powell-williams.com,07:27:17,GB,$816.67,mni,itaque.txt
cb:3c:82:a1:d1:f8,-84.367489,2004-05-29T18:22:11,web-23.chapman.com,17:17:45,GB,$996.95,oc,necessitatibus.csv
a4:00:30:96:cd:3d,152.787401,1990-02-23T10:30:33,web-24.morgan.com,09:29:10,GB,"$8,924.43",iw,ullam.flac
77:3c:46:ca:75:2d,117.750001,2008-05-01T06:58:43,email-86.lee.org,09:57:19,GB,"$90,884.74",as,repellendus.bmp
e2:24:25:50:0a:f3,122.283282,1982-06-14T19:56:04,lt-79.williams-bell.co.uk,09:11:46,GB,$8.25,yi,asperiores.js
35:0b:c2:d9:c8:6f,27.516977,2001-08-31T08:27:46,lt-14.fitzgerald.com,07:41:07,GB,"$34,460.72",bs,sit.png
6f:18:10:c2:24:9c,65.040736,1981-02-26T09:00:36,db-48.gray-oliver.net,16:44:09,GB,"$20,302.12",doi,debitis.mov
c9:92:59:c7:90:9c,12.222866,1970-02-16T06:59:44,db-55.fisher-sharp.co.uk,08:50:10,GB,$26.07,raj,neque.flac
86:99:b6:fe:45:ae,62.531110,1977-06-28T14:32:09,db-56.waters-smith.net,00:48:41,GB,"$69,844.34",ti,praesentium.avi
05:ff:88:30:4b:92,-31.939151,2016-08-13T06:36:10,srv-24.clarke.net,23:48:08,GB,"$75,889.23",is,numquam.doc
1c:2f:58:60:07:32,-113.976039,2023-04-02T11:02:16,email-01.williams-collier.net,14:55:35,GB,$1.84,ku,exercitationem.tiff
c2:b4:49:f7:70:fe,116.640844,2014-04-06T09:42:17,db-32.king-edwards.com,10:37:31,GB,$433.53,tk,itaque.mov
d1:99:79:85:e2:49,169.050498,2000-06-02T07:25:14,laptop-55.smith.org,01:38:44,GB,"$1,280.21",ast,quos.txt
a9:0e:1b:15:bf:9a,-64.253091,1993-04-08T01:31:09,lt-79.stone.co.uk,11:11:11,GB,"$3,523.32",gu,asperiores.wav
7e:e7:00:1a:9c:57,38.474958,1996-01-08T23:29:01,web-19.kerr.com,22:30:56,GB,$218.31,an,eligendi.js
4c:b0:54:0c:04:8a,49.669677,2008-06-14T04:12:57,srv-36.wood.biz,22:40:52,GB,$578.56,ml,ut.mp3
d9:51:7a:17:ba:b6,32.269890,1978-01-28T14:06:32,web-76.duffy.net,13:12:18,GB,$3.92,ka,quidem.mp3
0f:71:23:28:67:34,-110.602830,2022-05-19T14:07:34,desktop-69.davis-dean.com,09:50:37,GB,$396.71,ml,natus.ppt
50:bf:19:83:f9:f8,42.749229,1996-12-24T02:18:41,lt-73.murphy.com,17:33:59,GB,$2.63,szl,cumque.flac
05:0d:e9:08:f0:ab,105.908524,1984-02-15T23:02:55,email-29.harrison-owen.com,18:09:54,GB,$4.79,ig,suscipit.docx
4d:1f:65:59:ab:e4,13.053886,1996-05-30T10:55:30,srv-85.lloyd-burrows.biz,02:44:33,GB,$46.47,et,minima.flac
1a:a7:b9:67:ac:52,-37.213367,2013-05-28T10:46:05,email-72.fowler.com,07:31:50,GB,$95.34,lzh,quod.flac
ee:bc:2e:99:93:d8,149.009758,1973-05-25T12:45:15,web-26.roberts-williams.com,21:23:53,GB,"$4,940.62",crh,quidem.xlsx
b7:38:e6:aa:4f:3d,72.259236,1976-01-31T05:00:01,db-39.houghton.biz,21:35:54,GB,"$8,613.10",bg,aliquid.ods
47:a3:3b:03:aa:ec,-138.724858,2009-03-19T03:37:36,srv-56.cooke.co.uk,17:22:02,GB,"$11,579.28",nhn,fugit.pdf
98:44:97:14:16:4e,100.380098,1972-10-14T18:03:53,laptop-36.adams-blake.info,08:39:58,GB,"$42,054.36",om,ad.mov
f0:1d:79:19:4a:fa,-89.595170,1972-06-09T04:47:06,laptop-56.ingram.com,17:15:02,GB,$3.45,the,ab.gif
8d:72:6b:6c:5b:9b,122.734238,2008-02-06T07:15:42,web-76.foster.co.uk,08:27:56,GB,"$5,943.47",hne,earum.gif
0b:57:0d:16:97:84,58.714573,1988-04-25T07:12:23,srv-38.thornton-edwards.org,10:42:57,GB,$201.95,sat,mollitia.json
81:66:56:0d:cd:b2,-82.060019,2011-05-13T01:49:02,lt-98.alexander-lewis.com,16:17:43,GB,$3.24,kk,nulla.json
8b:11:9a:ba:48:64,-138.250297,2002-03-04T03:00:23,laptop-54.hartley.biz,16:34:56,GB,$0.59,hne,facere.png
16:28:13:a1:ae:d4,-159.902879,2018-07-26T12:59:39,db-33.phillips.com,10:13:27,GB,$437.99,hr,sapiente.webm
26:89:40:49:51:5b,-124.497123,1977-01-17T09:11:33,db-31.gibson-wells.info,21:17:06,GB,$14.08,dv,veritatis.docx
a5:38:f6:f1:6d:4f,166.553960,2004-06-27T09:48:26,lt-11.sullivan-parkes.co.uk,04:53:40,GB,"$76,706.68",ro,deleniti.js
53:ff:d2:2f:ee:d5,142.072782,2004-04-09T08:43:16,desktop-41.smith.com,21:41:06,GB,$242.93,nl,repellendus.gif
46:5c:ea:40:f3:79,-39.165285,1971-10-05T13:35:24,srv-83.jones.biz,18:09:41,GB,$385.02,ps,placeat.mp3
d6:20:00:ca:68:0f,-69.647936,2018-12-11T12:22:22,email-00.holt-jones.org,13:25:24,GB,$35.42,it,quisquam.mp3
0e:dd:e2:a4:3d:f1,-138.881922,1976-10-03T02:31:45,laptop-52.cook-slater.org,23:01:27,GB,"$65,602.42",sw,similique.jpg
61:4d:10:42:85:c9,-82.240711,1986-12-20T20:58:02,db-36.walsh-burns.com,05:53:09,GB,$9.65,be,iure.mp3
85:6b:72:b1:b0:21,108.910118,1970-04-12T04:48:32,web-88.vincent.net,17:12:21,GB,"$74,909.07",niu,vero.jpeg
c8:b6:ad:1b:17:f0,51.057931,1971-12-11T11:07:26,email-47.miah-atkinson.com,20:38:58,GB,$1.70,rw,distinctio.wav
36:43:a3:d4:bc:7b,7.658014,2012-12-14T02:54:54,srv-81.brown-cook.net,01:53:03,GB,$53.71,id,eaque.bmp
d7:a0:93:d4:22:cc,-131.062423,1993-11-01T20:30:41,lt-27.moss-francis.info,20:04:59,GB,"$63,394.96",ast,optio.png
0b:9d:bc:3a:da:73,174.532342,2015-03-27T11:05:53,db-25.green-cole.com,17:55:30,GB,"$51,611.45",sat,natus.gif
4d:d8:a9:26:68:cc,30.402645,2019-12-11T13:37:22,desktop-57.hartley.com,11:21:06,GB,$57.47,yi,perferendis.csv
8d:18:b3:ed:d8:22,-12.558320,2014-04-13T06:57:07,srv-11.sanders.com,01:50:03,GB,"$4,046.68",ug,iste.bmp
09:8d:a1:d7:ce:f4,-145.276247,1988-08-30T16:19:22,db-65.lewis.com,13:45:01,GB,"$3,357.15",tg,natus.pdf
b8:13:15:28:65:03,86.820067,2001-05-30T04:13:35,web-37.khan.co.uk,08:19:18,GB,$218.22,ga,neque.wav
02:24:e9:1d:ee:14,-150.098743,1979-03-10T19:30:34,desktop-51.phillips.biz,20:30:52,GB,$9.18,ne,quidem.mp3
26:fb:51:3b:b5:ec,110.920712,2002-05-16T18:40:24,lt-81.jennings-taylor.com,17:06:50,GB,$5.83,quz,accusantium.webm
da:99:8c:c5:fc:e7,-66.472128,2005-04-06T04:37:57,laptop-15.gray.co.uk,09:02:21,GB,$286.97,tt,quam.pptx
4c:38:1b:29:92:d2,-53.285271,2009-10-09T22:12:57,desktop-23.fuller.com,07:29:35,GB,"$76,741.62",he,quae.tiff
a6:93:af:a6:33:91,-16.120628,2005-05-27T00:35:31,lt-92.morgan.info,00:29:53,GB,"$61,657.53",tg,rem.xlsx
16:84:a5:5a:22:ff,-118.549238,1974-10-30T23:47:18,email-87.taylor.com,21:29:24,GB,$25.93,or,tempora.xlsx
8b:f5:ba:20:8f:9e,-56.327614,2003-03-21T22:46:27,web-66.thorpe.biz,16:39:24,GB,"$48,898.11",os,minus.html
c3:1a:bf:28:c3:47,-148.899259,1980-01-26T07:45:11,web-12.curtis.net,01:35:41,GB,$451.69,ce,dignissimos.xls
22:9b:32:98:60:04,18.298748,2008-03-05T20:03:15,email-72.bailey.org,21:15:10,GB,"$56,198.08",bho,magnam.odp
44:bb:ae:30:c8:71,107.085092,1972-06-24T02:06:28,lt-08.clayton.com,21:07:02,GB,$663.39,eo,incidunt.pages
3b:e2:e5:a2:1f:08,-156.314792,1972-02-01T01:57:47,desktop-64.barrett.com,11:28:45,GB,$40.39,hi,adipisci.tiff
e7:62:e3:68:f0:7d,-94.493385,1974-05-22T01:51:13,desktop-72.porter.com,10:59:54,GB,"$70,627.83",csb,velit.flac
10:c7:6b:51:7d:19,-114.863117,2002-07-06T23:36:15,desktop-98.stevens.biz,02:32:48,GB,"$23,731.82",hy,commodi.html
66:c6:d3:20:7c:04,149.288675,1996-10-12T04:32:50,db-61.johnson.info,11:12:56,GB,$75.25,tcy,ad.odt
68:fc:5e:7e:92:f8,-27.034041,1975-06-08T14:46:20,db-03.johnson-smith.com,12:35:13,GB,$670.06,niu,velit.jpg
1e:fb:54:46:0f:24,66.887505,2020-03-27T21:10:00,email-54.stewart.com,08:11:58,GB,"$6,074.05",fr,alias.jpeg
64:cd:ac:97:ef:f8,92.833701,1990-04-06T18:59:00,web-18.day.com,01:49:53,GB,$796.75,byn,eos.ods
ab:c1:d7:3a:98:dd,110.418112,1971-11-11T07:25:28,web-56.miller.com,06:34:13,GB,"$3,739.53",da,illo.png
c0:46:7e:50:cc:8e,178.175116,1985-12-15T05:23:25,lt-81.hooper.co.uk,12:45:07,GB,$5.32,hu,veniam.webm
e3:23:b7:52:94:50,-173.678920,2023-08-07T02:10:25,laptop-62.smith.com,23:29:58,GB,$421.05,ug,vel.mp4
80:9d:ae:8d:a2:1f,-20.065133,2012-04-06T02:11:54,web-54.gibson.com,23:51:45,GB,$7.01,ik,nemo.json
bb:fa:b4:f1:fd:45,-169.165958,1994-09-16T21:19:40,laptop-28.nicholls-wilkins.org,11:08:33,GB,"$32,785.27",gd,autem.jpg
38:78:03:0e:3e:e2,-42.628244,2010-05-18T03:59:52,db-81.read.info,10:27:27,GB,$142.49,oc,corporis.odt
51:fe:af:c2:c8:2a,-9.434489,1985-08-26T14:06:20,desktop-57.pollard.com,04:08:16,GB,"$2,419.10",sl,velit.js
63:f1:7c:ae:e5:83,104.062976,2002-09-22T15:31:24,lt-65.ahmed.com,16:12:09,GB,$640.46,wo,itaque.mp4
b6:21:73:4b:2c:53,76.399255,2018-12-03T02:05:34,db-66.kirk-webb.com,19:52:48,GB,"$9,522.29",li,recusandae.flac
74:a0:90:08:8f:16,-109.025548,1982-08-15T05:44:28,email-45.hussain-russell.org,05:20:25,GB,$568.51,hr,alias.ods
41:38:2c:46:0a:f2,32.440422,1999-08-02T11:04:22,laptop-07.holmes-kay.com,08:46:41,GB,$42.15,wo,a.wav
b0:ee:1d:25:48:65,-38.199834,2010-07-12T20:44:22,desktop-11.pearson.biz,07:29:07,GB,$71.46,nso,totam.odp
7b:3b:98:72:9f:35,-160.768391,1992-01-31T12:26:30,email-98.parker-jones.net,03:06:41,GB,$89.41,wo,facilis.html
b5:c0:db:71:a8:fa,-147.369822,2009-11-05T08:57:01,srv-81.bentley.info,02:32:08,GB,"$43,565.46",hi,rerum.wav
2e:1e:7b:5f:ca:62,98.058491,1978-06-29T10:43:56,web-70.williams.com,10:22:40,GB,$31.86,hi,dolore.wav
a3:b2:3b:ba:67:23,-68.466193,1991-09-16T02:49:02,desktop-09.lewis.biz,06:35:46,GB,$95.12,my,beatae.wav
f1:9e:cd:22:d2:96,-132.748403,2015-09-24T06:48:50,laptop-75.potts.com,00:56:56,GB,$1.01,ln,ea.mp4
a5:63:0e:c7:49:be,101.400542,2021-06-13T17:10:03,desktop-45.williams.com,17:33:23,GB,$78.66,shs,sit.txt
19:f9:41:86:87:4d,-4.969138,2002-06-13T08:47:10,db-84.clark.com,13:05:49,GB,$4.48,eo,quod.csv
c9:cf:32:9d:8e:c1,78.714703,1997-09-24T19:20:36,laptop-84.black-jarvis.com,00:58:44,GB,$90.99,ckb,natus.js
89:9b:c4:b9:66:16,86.765132,2018-07-27T22:33:36,laptop-30.riley.net,21:33:12,GB,"$9,376.19",sid,omnis.mp3
c8:20:e9:aa:21:2b,-156.717164,1975-11-03T04:32:37,laptop-80.chapman.com,10:41:55,GB,$5.19,quz,quae.flac
15:71:c4:ed:8b:81,-26.469083,1982-05-19T00:18:58,desktop-65.shaw.com,23:22:53,GB,$256.19,km,corrupti.doc
08:37:c8:e0:77:18,21.390283,1992-05-30T06:31:08,laptop-24.hyde.net,21:22:51,GB,$3.97,dv,illo.json
21:24:90:2b:c8:a6,140.940427,2010-04-28T00:11:24,desktop-26.smith.net,03:48:17,GB,"$41,230.51",cmn,ipsam.json
47:c9:fc:bc:37:54,-114.025946,1975-01-26T20:09:56,lt-39.hobbs-hayes.com,00:52:20,GB,$70.05,yue,dolorum.flac
b3:bb:b4:e2:79:3b,132.491694,2001-05-19T12:50:44,lt-35.wright.com,18:23:58,GB,"$28,306.89",nb,voluptatem.ods
8e:36:66:28:d4:17,-98.343594,2011-08-14T19:27:37,srv-82.hyde.net,17:40:03,GB,$901.00,kok,culpa.doc
db:93:46:31:58:90,39.798734,1990-05-12T02:03:39,laptop-76.gibbs.com,20:26:30,GB,"$23,284.70",tn,nostrum.jpg
53:64:a6:56:e7:b3,157.003524,1970-07-08T01:53:49,lt-04.mccarthy-clayton.co.uk,08:22:10,GB,$2.98,hi,impedit.jpeg
52:62:0e:35:e7:96,-71.679617,2015-04-06T18:00:42,laptop-88.schofield.info,19:58:45,GB,$87.82,mt,eos.odp
cd:26:34:2d:a3:cf,-20.505103,2011-11-12T11:10:17,laptop-61.mills.com,07:43:44,GB,$3.79,wae,culpa.wav
39:e7:3c:27:3d:1b,143.108246,1975-09-01T02:52:36,db-88.collins-phillips.biz,13:02:53,GB,$8.40,gu,quidem.txt
30:a6:4c:32:08:c0,66.687498,1997-11-22T03:09:36,lt-43.fisher.com,21:13:02,GB,"$91,961.20",id,odit.json
67:73:b2:6c:98:bd,-107.624490,2020-11-01T07:26:11,web-55.hill-thomas.biz,22:27:33,GB,$425.44,bhb,eveniet.tiff
7f:26:f6:2b:52:c8,74.870813,1977-09-17T23:12:26,email-53.savage.com,05:37:51,GB,$3.92,nhn,enim.jpeg
ab:dc:f5:a8:b9:3e,-13.245723,2022-10-14T06:41:20,laptop-63.stevens-james.com,08:51:29,GB,"$61,523.52",fil,odio.docx
f7:e4:74:33:0e:5e,-113.280663,1999-01-19T08:06:56,web-74.thompson-powell.com,19:12:26,GB,"$7,707.94",pap,nam.json
ce:b2:f3:3c:7d:62,104.458972,2014-03-18T00:38:31,laptop-13.rahman.com,02:19:21,GB,$728.69,et,possimus.ppt
59:4e:3c:a1:ca:c2,-18.088167,1985-05-05T01:43:03,lt-45.griffiths-patterson.biz,04:47:04,GB,$1.79,wae,debitis.ppt
c7:f7:71:09:e9:21,-89.825751,1996-08-08T05:48:02,lt-71.harvey.com,18:13:59,GB,$891.32,ar,impedit.tiff
4c:22:d5:0d:fd:f0,-154.643480,2004-12-06T03:58:07,srv-27.brady.com,06:18:12,GB,$835.12,br,eos.mp4
89:bb:2d:f9:f3:95,-118.931213,2012-12-24T08:44:35,laptop-31.chadwick.net,13:37:12,GB,"$4,872.42",pap,non.pdf
a9:7a:2d:6e:e6:6c,139.975132,1989-03-19T03:16:58,email-72.webb.com,09:50:27,GB,"$6,884.57",ur,dolorum.numbers
f6:b3:12:5f:ac:da,25.314861,2020-06-09T09:13:20,lt-83.williams.com,00:51:16,GB,$5.42,eu,eius.js
ee:6e:d7:14:1a:35,4.629653,1987-01-20T09:26:34,srv-79.lamb-chambers.com,23:35:08,GB,"$5,143.37",ht,nesciunt.mov
9e:05:4a:e0:79:af,54.107171,2018-01-09T10:26:51,email-96.hughes.com,15:58:23,GB,$478.30,bg,dolores.odt
15:b0:bd:6e:67:11,31.591668,2004-09-04T01:56:13,desktop-60.watkins.net,09:39:40,GB,"$4,998.53",ln,odit.mp4
0b:c9:5f:4e:1f:1b,179.415747,2013-07-05T07:39:25,desktop-86.green.com,17:39:08,GB,$697.78,quz,debitis.mov
11:47:71:57:b1:68,-178.435181,1980-11-30T09:02:43,lt-61.wilson.com,23:04:45,GB,"$97,935.11",ro,culpa.png
a5:d5:c6:70:80:32,-85.842501,1985-01-29T11:34:44,laptop-35.bolton.com,17:06:22,GB,"$26,243.30",mg,odit.key
10:56:ae:c1:0d:57,-174.723119,1974-11-12T10:21:30,srv-53.sullivan-nicholson.com,00:12:46,GB,$195.97,be,enim.mp4
c7:85:2a:10:e8:92,-164.475111,2016-10-30T05:42:56,lt-69.cooper.org,22:49:08,GB,$5.56,lg,voluptates.mp4
08:9b:a8:18:9f:30,154.501745,1995-12-02T08:00:15,db-45.smith-sanders.co.uk,16:40:35,GB,"$2,985.01",li,vitae.avi
df:31:30:11:f7:52,53.449642,2003-06-16T09:18:41,db-48.hughes.net,20:03:46,GB,"$6,777.63",kok,maxime.mp3
4b:b0:1c:a3:f5:c2,-126.837596,2012-10-09T14:17:28,desktop-16.harrison.org,05:44:44,GB,$22.91,nl,reiciendis.json
4d:be:5e:42:eb:e4,7.826190,2001-01-10T08:30:33,db-13.baxter-lane.com,19:04:38,GB,"$7,121.14",pap,animi.png
d3:6e:be:76:a4:46,60.194555,1971-08-10T06:01:31,laptop-45.clarke.net,09:37:19,GB,$622.43,bs,aliquid.gif
13:d2:08:bd:17:4c,37.906297,1970-01-17T09:13:32,lt-71.manning.com,16:08:42,GB,$3.06,unm,temporibus.jpg
8d:42:f5:e5:f3:48,150.849969,1993-08-24T23:04:42,web-21.butler.net,16:51:36,GB,$37.82,lb,beatae.html
a5:0f:aa:e4:b6:3e,-160.038258,1978-03-31T19:10:08,db-35.dawson-barrett.com,03:22:54,GB,"$71,798.02",sa,nostrum.xlsx
59:c1:32:f3:bd:cc,-47.277710,1997-08-11T22:53:15,email-39.whitehead.com,12:53:28,GB,"$4,994.97",kok,expedita.mp4
c5:d1:0d:45:98:d0,-49.085492,2012-01-15T22:52:25,srv-26.taylor.com,16:39:23,GB,$6.66,ha,consequuntur.html
56:65:78:84:7e:39,159.986600,1989-04-02T04:34:15,email-94.lane.net,05:31:20,GB,$536.13,wae,ducimus.json
7e:80:4b:48:94:97,-142.846577,2017-11-01T12:12:17,db-29.james.info,16:10:34,GB,$0.41,lv,aliquid.webm
cb:88:9e:04:6d:07,37.027769,2001-01-16T15:57:20,srv-99.riley.org,06:19:40,GB,$257.28,bem,blanditiis.ods
ed:d2:15:12:4e:61,98.451846,2009-07-16T23:53:15,web-99.watson-murphy.info,09:32:26,GB,"$8,693.26",et,dolor.flac
e3:21:02:2a:08:ce,5.569433,2023-06-21T00:00:51,desktop-87.owen-hughes.info,01:38:24,GB,"$61,426.72",am,eius.mov
89:c9:30:58:9b:f5,-117.905289,1979-04-17T23:46:55,lt-17.burton.com,08:29:03,GB,$304.84,kn,incidunt.jpg
68:b3:94:cd:e2:89,-98.201534,1977-03-26T05:07:11,db-41.holmes.net,19:56:20,GB,$169.10,hr,velit.avi
f5:fc:15:be:d1:75,-89.987710,1991-03-12T12:40:00,lt-48.houghton.net,20:41:57,GB,$4.21,sw,asperiores.xlsx
f3:7b:94:15:fd:59,122.324579,1989-06-28T14:13:22,db-45.wallis-jones.com,09:11:56,GB,$37.12,se,praesentium.json
f6:ce:c2:e3:3c:9d,0.261066,1975-06-14T06:55:49,srv-59.thomas.com,12:46:14,GB,"$1,807.69",yi,non.mov
66:fb:19:07:39:04,21.272022,1976-06-01T16:13:31,lt-21.lawson-savage.co.uk,22:08:47,GB,$986.08,ps,reiciendis.ppt
b7:10:69:b8:9e:f2,-77.381294,1974-08-09T02:48:04,db-96.dunn.co.uk,07:39:22,GB,"$6,003.22",ak,nihil.gif
de:2f:8e:4e:8f:66,-67.729339,2005-04-02T10:37:32,db-20.anderson-lane.co.uk,21:55:50,GB,$176.07,gd,totam.avi
44:09:03:5c:8f:d6,-2.932957,2018-01-01T18:23:39,laptop-05.edwards-johnson.info,20:54:25,GB,"$16,715.90",ug,nobis.tiff
c1:38:17:25:95:b8,46.109439,2018-04-06T13:59:11,desktop-11.holland.co.uk,06:44:06,GB,"$84,018.24",gd,iusto.txt
7b:14:4c:98:a8:0c,91.200630,2014-11-25T02:18:40,desktop-66.davis-roberts.com,08:39:33,GB,"$9,714.28",ik,qui.ods
1e:b4:fb:f8:6b:2c,-155.913667,1987-03-07T04:56:05,web-00.dixon.com,16:49:46,GB,$72.65,byn,odio.avi
2b:ef:67:a1:fb:ea,-14.775699,2003-03-04T07:46:12,db-46.poole.com,00:57:05,GB,$2.92,byn,omnis.mp4
30:91:f1:a1:8c:35,-17.118006,1994-10-18T02:37:09,desktop-35.phillips.com,06:02:16,GB,$5.63,sw,ad.mp3
34:5e:27:10:19:56,126.839122,1990-12-08T08:38:19,email-78.reynolds.net,14:24:56,GB,"$17,804.82",iw,placeat.bmp
18:d2:eb:fa:9d:ba,-170.359635,2003-08-03T02:45:19,desktop-40.ali.com,06:35:27,GB,"$6,995.62",ff,voluptate.avi
40:63:7d:09:8d:17,-4.575064,2003-03-28T08:50:11,desktop-47.smith.com,07:51:04,GB,"$9,819.44",ug,harum.avi
24:f9:8a:6c:c4:17,130.703770,1978-03-31T16:21:56,laptop-20.blake.co.uk,07:37:02,GB,$8.77,bho,debitis.odt
04:aa:8e:2c:c8:f8,91.839996,1972-12-01T18:40:49,srv-39.wong.com,13:56:23,GB,$601.64,bs,consequuntur.json
25:5b:d8:51:d2:39,-165.086805,1976-09-22T13:29:24,laptop-26.wright.com,06:27:24,GB,$4.33,sid,asperiores.odp
1e:06:e4:70:23:2b,42.169566,1984-04-07T12:12:38,laptop-11.williams.info,23:11:16,GB,"$6,922.30",uz,consectetur.docx
3d:2f:31:79:6c:19,40.802808,1999-01-26T04:18:01,laptop-88.clements.co.uk,19:44:06,GB,$9.29,is,numquam.jpg
2d:c8:aa:33:69:d7,98.036011,2005-07-14T15:00:39,db-69.abbott.com,18:57:03,GB,$886.30,pt,eum.js
92:8a:bf:82:1c:c3,-67.885786,2016-09-23T05:38:28,srv-16.phillips.com,04:19:04,GB,$1.13,wae,quam.html
39:f0:d9:62:8c:45,84.947101,2016-07-08T14:54:42,laptop-32.barry.co.uk,17:34:21,GB,"$2,222.61",yo,necessitatibus.jpeg
9e:85:cf:98:47:13,-7.895182,2017-12-18T13:09:11,email-76.parker.com,04:47:05,GB,$50.59,da,culpa.mov
fd:ab:94:3e:ed:a5,-25.510616,2006-07-14T08:24:05,email-93.thomas-williams.biz,23:58:59,GB,"$90,077.27",yo,explicabo.numbers
df:81:14:2a:9b:97,-71.345059,2005-10-18T11:05:07,email-44.johnson.biz,06:34:35,GB,"$26,110.01",tg,magni.csv
a2:25:8d:85:cc:35,126.686596,2016-02-29T06:43:32,db-18.bevan.co.uk,08:19:31,GB,"$6,653.64",fil,dolorem.mp3
5e:1c:5f:05:57:ea,54.569514,2017-05-19T17:10:54,web-39.morgan.com,08:51:14,GB,"$28,082.92",nhn,excepturi.flac
89:1f:3c:76:bb:33,120.978161,1986-10-03T12:49:33,db-62.thomas.info,03:50:59,GB,"$7,816.55",th,pariatur.js
a6:0b:bb:ce:eb:35,-122.515616,1993-04-25T14:58:57,db-88.pearce.info,03:58:31,GB,$3.40,mag,occaecati.pages
1c:27:9f:42:ea:02,102.457846,1975-01-18T03:56:43,desktop-99.lowe.com,20:08:07,GB,$3.73,lij,numquam.gif
3d:f0:f5:ff:de:a2,-163.410676,2008-05-06T07:49:11,email-45.wright.biz,23:29:53,GB,"$71,451.95",hsb,sint.mp4
10:69:d8:80:d2:0d,-95.064002,1998-03-17T09:23:09,srv-94.knight.com,00:21:52,GB,$323.71,sc,impedit.numbers
fb:c5:a5:27:71:03,65.010807,2004-11-15T17:51:36,desktop-31.kirby.org,00:10:01,GB,$464.39,fo,impedit.js
9d:23:66:34:c7:7f,-77.358189,2001-07-22T04:33:21,laptop-69.hanson.biz,08:43:17,GB,$4.49,aa,repellendus.js
2b:48:22:ab:ee:b2,-101.290538,2006-12-02T11:59:12,web-29.clark-ford.com,19:15:42,GB,$1.39,bem,vitae.csv
04:67:e9:92:8c:ff,169.597028,2003-11-30T18:21:13,laptop-58.graham-ali.info,08:33:48,GB,$58.24,byn,occaecati.png
e4:48:2b:25:13:90,-16.172550,1997-03-09T20:08:20,srv-01.jarvis-owen.net,19:33:22,GB,$2.67,nb,molestias.docx
71:20:c2:40:4c:91,99.144130,2010-11-23T23:04:06,email-20.dickinson.org,09:31:05,GB,"$8,968.46",am,saepe.json
6e:86:c6:78:35:3f,-35.558137,1986-11-19T11:09:36,laptop-74.cox-smith.com,01:16:10,GB,"$81,299.32",hy,voluptates.jpeg
bb:7e:e1:2b:09:cd,60.296460,1998-10-29T02:13:43,srv-94.walters.co.uk,03:06:57,GB,$676.90,ka,molestiae.bmp
9f:dc:ab:ea:89:01,82.859013,1995-03-03T08:55:58,laptop-28.jones.biz,06:42:20,GB,"$9,929.57",eu,earum.doc
24:1e:6e:7f:94:f6,29.985800,2009-11-14T23:27:37,laptop-30.griffiths.org,00:30:27,GB,"$1,769.11",gez,fugiat.flac
c7:b8:e5:1f:8c:78,163.030250,1985-02-28T03:24:37,lt-27.leach-smith.com,23:49:06,GB,"$5,062.40",ga,voluptatibus.jpg
06:85:52:bf:a8:45,150.993640,2017-05-15T13:56:36,email-65.wyatt-baker.biz,14:00:04,GB,"$9,490.21",ber,quaerat.html
c8:7d:21:5e:73:de,41.100074,2003-12-09T08:40:46,email-79.greenwood-smith.net,16:49:41,GB,$50.43,ht,dignissimos.ods
13:d8:15:53:99:a1,106.556350,2008-10-31T04:23:17,web-59.king-townsend.co.uk,14:11:01,GB,"$2,520.20",th,ratione.mp4
1e:dd:2c:59:dc:3a,54.515136,2004-02-22T14:32:02,email-95.bates.biz,04:34:23,GB,$835.26,am,dolorum.js
6c:6d:0a:66:86:bd,-85.652754,2005-05-07T23:44:56,desktop-25.bentley-jackson.net,17:28:43,GB,$3.87,om,consequatur.mp3
54:a6:59:3c:de:16,48.586065,1970-11-27T10:19:40,lt-47.gibbs.org,17:32:35,GB,$9.21,el,sed.webm
f6:7e:74:69:49:ce,-150.470039,1977-04-13T15:50:29,laptop-79.smith.info,09:09:02,GB,$27.98,mni,sapiente.html
e2:9f:fe:1f:64:db,-134.322341,1979-03-06T06:02:42,srv-46.evans.com,01:07:54,GB,"$34,119.28",ks,facere.gif
96:cc:c5:fc:25:e6,-127.689344,1995-06-08T17:03:45,lt-23.hardy-miller.co.uk,01:12:15,GB,$7.15,km,expedita.jpeg
6c:bc:e7:c3:be:ff,85.101837,1999-11-03T16:59:36,web-05.jenkins.co.uk,03:05:59,GB,$50.95,tl,ipsam.avi
a8:15:58:f2:da:6b,80.351560,1976-12-20T02:04:43,email-07.howarth.net,21:41:37,GB,$871.78,hak,deserunt.odt
d1:a4:c9:3e:69:ac,-59.144378,2021-05-24T02:54:31,email-86.morris-lee.net,18:36:49,GB,$6.86,yo,maiores.mov
3f:8e:89:f0:21:23,-17.327327,2002-02-17T21:52:25,srv-40.hamilton.com,17:29:52,GB,"$57,129.83",lo,itaque.key
c2:f8:4f:19:8b:8c,10.811331,1995-10-24T19:42:06,web-62.webster.com,04:21:10,GB,"$28,622.39",unm,eius.wav
ad:30:84:51:d0:35,52.791514,1978-06-05T10:10:49,web-36.taylor.com,01:52:51,GB,"$29,065.15",is,maiores.mp3
f2:69:e2:5b:99:97,-78.561441,1979-01-04T06:11:12,lt-87.bailey.com,06:32:30,GB,$2.35,nb,ad.odp
02:0b:27:6d:73:dd,43.999718,2021-12-07T09:28:16,lt-07.white.net,21:22:20,GB,"$9,633.36",oc,fugiat.json
85:9c:c1:4f:98:53,116.339907,2001-09-08T08:55:21,lt-89.kemp.co.uk,16:11:58,GB,$108.84,th,quaerat.docx
5c:da:79:19:9c:fc,-10.182872,1976-01-31T04:54:19,web-59.todd.co.uk,06:08:07,GB,$2.80,ik,eligendi.png
aa:4a:df:71:03:d3,-162.971480,2009-09-21T01:59:50,laptop-68.morgan.net,03:38:42,GB,$3.00,bhb,facere.txt
d6:9d:78:34:50:a3,85.979950,2023-09-11T11:46:05,lt-37.pearson.com,08:01:40,GB,$215.44,an,ipsam.bmp
49:bc:b6:07:03:b9,34.808360,2000-03-04T17:19:34,email-69.burns.biz,05:27:14,GB,"$3,062.58",en,minima.json
de:d9:a5:f5:e7:85,-77.027190,2001-09-05T14:55:59,srv-33.johnson-butcher.info,16:43:31,GB,$11.78,xh,adipisci.mp3
aa:fa:13:28:ec:ff,-5.279464,2017-03-16T16:41:10,laptop-72.moran.org,03:44:37,GB,$311.91,lv,voluptates.html
54:d8:f8:de:de:15,146.000300,1999-04-03T17:24:42,desktop-15.roberts-davies.com,07:50:58,GB,$470.95,lo,libero.pages
c5:28:9c:8c:ee:50,130.018934,2022-05-18T09:34:59,lt-36.clarke.com,19:05:27,GB,"$9,501.27",mni,cum.pdf
85:52:5a:5c:82:ea,-107.059560,2013-08-22T05:53:59,laptop-00.bradshaw.com,03:58:31,GB,$5.18,ms,deleniti.mp3
86:cc:cf:d2:6a:99,-41.190691,2022-10-02T15:05:39,db-05.baxter-davies.com,02:32:20,GB,"$57,946.12",tr,dolor.webm
9a:30:9d:0e:ce:9a,122.847689,2006-10-13T08:28:00,db-22.richardson.biz,11:13:48,GB,$33.92,sc,corrupti.css
f4:86:df:cf:63:1b,54.755473,1977-09-23T12:16:59,email-95.henry.biz,21:37:56,GB,"$1,146.46",mhr,perspiciatis.txt
a0:dd:14:5a:e7:e5,78.725216,2017-12-03T05:20:19,srv-75.nash-watts.com,23:12:15,GB,"$3,936.57",ss,accusantium.png
0f:c1:ec:ac:5d:1f,-156.872599,1990-02-15T20:49:13,email-73.north.com,14:39:00,GB,$1.48,om,voluptatum.png
a0:c0:8f:b3:e1:ef,13.040725,1971-04-12T14:05:39,db-49.spencer.com,12:13:14,GB,"$48,606.68",bs,accusantium.doc
78:2f:27:d5:da:cc,-109.504483,1999-10-31T18:03:58,web-49.parkin-williams.com,22:02:27,GB,$270.40,am,nam.mp3
bb:76:86:3c:7c:6e,152.763484,1978-10-12T10:56:36,db-84.thompson.com,15:28:17,GB,$52.42,sd,culpa.pages
7a:28:f8:7a:d6:69,28.518786,2022-05-09T12:53:16,desktop-34.griffiths.com,22:27:47,GB,$520.37,tcy,impedit.key
fc:fe:86:68:86:af,103.026634,2001-08-09T17:16:54,web-87.holloway.biz,05:31:37,GB,$210.06,so,dignissimos.odp
fe:18:48:b9:16:ef,-22.965542,2009-07-24T11:10:55,laptop-33.cook.com,17:13:56,GB,$1.65,wa,dicta.numbers
ff:26:54:1a:21:5a,151.860830,1976-12-06T06:11:09,email-70.dale-bailey.com,06:48:26,GB,"$77,629.55",sr,quidem.js
06:91:4c:14:b4:ff,41.889269,2020-04-12T20:56:43,web-57.brown.com,11:58:34,GB,$9.65,pl,ipsa.txt
f8:cc:3c:3b:97:db,-128.236409,2014-12-19T02:53:03,email-34.king-jones.com,07:20:38,GB,"$51,461.84",lo,repellendus.numbers
4e:2f:b5:0e:51:db,133.654818,2015-02-05T17:30:55,desktop-19.lewis.com,14:38:55,GB,$5.61,os,ex.gif
2f:24:b2:c3:6a:7a,-165.609220,2011-02-21T18:59:30,laptop-33.hawkins.biz,22:50:14,GB,$727.07,sa,iure.bmp
a3:84:9e:a0:4e:18,-134.608035,1980-11-10T14:44:00,lt-46.mann.org,05:17:48,GB,$863.60,tk,praesentium.mp4
d3:b8:7b:f4:8b:a2,3.834572,1980-12-14T16:26:33,laptop-83.duncan.com,21:59:04,GB,$735.72,tn,doloribus.tiff
bb:43:a0:d5:97:72,-93.792460,2000-05-09T10:11:56,srv-87.hancock.com,13:57:45,GB,$44.93,tk,a.mp3
60:9c:4e:c3:8c:49,62.203893,1994-07-27T02:48:32,desktop-06.ahmed.org,17:49:26,GB,$56.75,fil,itaque.tiff
e6:55:c5:a9:23:41,139.687785,1980-07-20T11:13:50,srv-76.clements-jones.net,02:35:34,GB,$3.39,nan,a.png
40:cd:a8:b4:b6:c1,-30.758289,1981-03-15T07:33:08,email-32.young.net,13:26:56,GB,$76.38,sq,aliquid.mov
5a:da:33:eb:21:f2,29.334723,1986-06-06T16:01:34,srv-96.foster.biz,22:48:06,GB,"$4,811.16",te,blanditiis.jpeg
60:9b:80:df:aa:56,153.074232,1977-11-16T13:15:23,lt-89.jones-davies.com,13:59:58,GB,$600.26,wo,et.mp3
72:7b:b4:1c:fb:0d,179.968481,1980-11-15T09:31:09,srv-92.morrison.info,11:42:46,GB,$3.28,li,excepturi.js
bb:05:ac:b3:d4:c1,-114.112919,1985-03-27T14:17:18,lt-76.duncan.com,11:39:03,GB,$695.06,ve,asperiores.avi
c8:ea:41:04:04:42,-7.800651,1988-09-10T15:48:41,email-44.hill.com,08:16:12,GB,"$6,535.52",be,ipsa.bmp
45:ef:4e:d7:bc:8f,48.627787,1995-02-01T19:50:41,laptop-17.wells.com,21:20:48,GB,$28.89,st,laudantium.xlsx
5d:2e:f1:5b:50:dd,-130.594093,1985-09-17T08:02:06,srv-21.booth-farrell.net,14:48:06,GB,"$41,817.53",ber,consequuntur.json
29:7d:1c:94:54:cd,-48.879187,2012-09-12T05:46:03,srv-91.price-brookes.biz,09:43:59,GB,$69.18,ti,animi.png
61:11:bb:e3:60:f5,14.495736,2017-08-04T09:05:16,lt-10.day-campbell.com,20:20:40,GB,$3.60,ga,neque.jpg
59:c9:23:85:85:21,164.660888,2019-05-31T08:38:01,desktop-68.wheeler.com,06:39:20,GB,$422.08,mt,eveniet.txt
d8:bb:19:96:85:03,118.902941,2004-07-26T17:56:13,laptop-08.lee.com,18:09:52,GB,"$44,377.12",ak,unde.txt
08:af:89:3c:07:bd,154.691738,2009-04-25T09:44:09,desktop-18.white-rose.com,03:07:18,GB,"$5,058.61",ig,magnam.css
8e:1e:97:cd:da:f0,96.069184,1980-01-22T12:32:48,web-31.king.com,20:51:03,GB,$45.59,bem,suscipit.flac
ad:57:aa:be:ab:c4,149.660691,1977-05-22T02:23:22,lt-65.davies.com,08:43:28,GB,$5.88,doi,asperiores.css
40:c3:df:74:bd:d0,58.071074,1996-07-06T14:27:30,lt-42.mann.com,07:04:59,GB,"$4,113.10",ia,nihil.mp3
88:50:61:64:8d:4c,173.073543,2014-05-20T18:59:33,srv-64.walsh.biz,04:42:53,GB,$1.90,mag,debitis.flac
b3:c6:de:8e:8a:92,96.672606,1998-05-24T07:40:59,email-90.thomas-evans.net,19:04:07,GB,$32.85,fy,aliquid.wav
6c:da:79:be:9d:d9,159.751415,2000-04-23T02:15:09,srv-23.griffiths.biz,21:42:54,GB,"$3,575.75",wae,cum.csv
ef:e6:eb:05:0d:42,-96.590138,2005-08-27T09:47:27,db-98.fisher.com,10:20:17,GB,"$44,285.19",id,ab.webm
f7:3a:bc:43:7c:de,-20.474798,2013-11-16T17:16:25,web-17.whitehouse.info,05:58:19,GB,$3.02,af,id.odp
b0:36:81:6f:4e:a6,89.304020,2005-08-09T17:29:07,email-91.murray.net,12:22:24,GB,$33.12,et,deserunt.css
71:f8:b8:7c:f9:c6,-47.108643,1986-06-02T19:51:11,lt-00.barker.com,02:46:43,GB,"$85,766.82",uz,architecto.flac
c3:83:73:84:9b:29,89.822944,1992-09-15T20:46:50,srv-54.mistry.biz,16:49:03,GB,"$7,604.83",ml,ab.avi
4c:33:63:78:a4:a0,-41.526017,1988-04-22T13:05:44,lt-53.mills-miah.com,13:15:44,GB,$8.80,tt,officiis.css
62:cb:e9:a0:16:f0,-81.508701,1972-07-01T07:04:16,laptop-61.wilson.biz,08:21:41,GB,$247.31,ti,ea.mov
a4:04:a3:c4:60:0b,-5.322447,1997-01-30T15:10:06,srv-57.harrison-howard.net,07:05:14,GB,"$2,813.89",nb,velit.js
0d:2e:91:84:30:47,-173.559971,1992-03-10T18:24:32,lt-44.watson-green.info,06:16:49,GB,"$7,138.58",ast,est.ods
e7:52:05:94:93:05,-118.515064,2012-12-02T10:31:53,desktop-02.webb.com,20:49:04,GB,"$69,350.42",hy,doloremque.avi
c8:4c:f5:91:35:74,-39.167460,2001-09-17T03:20:46,email-65.palmer-hammond.org,03:57:40,GB,"$3,802.42",ru,possimus.mov
8b:c8:4a:90:fb:4a,159.132063,2003-05-24T05:47:25,lt-35.shepherd.com,00:12:44,GB,"$7,168.72",tg,incidunt.webm
50:40:e1:04:9f:7d,-53.329919,1995-02-07T00:29:47,db-64.harrison.com,01:29:42,GB,"$62,353.65",ga,distinctio.mp3
fa:87:f2:d6:cf:c6,12.351716,2013-04-28T01:13:50,laptop-30.phillips.com,22:41:32,GB,$281.21,bhb,neque.bmp
aa:b7:cb:01:74:63,66.775970,1996-01-29T22:21:06,laptop-36.hilton-parker.biz,19:08:11,GB,"$6,810.04",gd,repellendus.wav
16:82:cb:5c:55:13,166.724998,1980-07-26T13:08:34,email-11.walker-graham.co.uk,16:38:51,GB,"$4,695.32",tt,possimus.bmp
b2:8a:86:26:3e:0d,-171.213662,2020-06-22T02:21:28,lt-81.harris.info,16:11:42,GB,"$98,612.49",ca,dignissimos.gif
71:77:ac:0a:cf:09,112.813304,1980-01-28T12:56:41,desktop-56.byrne.info,22:34:59,GB,"$3,397.53",cs,distinctio.wav
69:fa:e5:49:60:a4,-177.383429,1988-10-19T18:08:13,laptop-74.fisher.com,04:47:53,GB,$14.74,sk,eius.json
f1:84:da:97:52:3c,-25.951376,2000-11-19T23:41:03,web-88.jackson-smith.com,07:45:14,GB,$480.00,kok,rem.mov
b5:70:53:b1:e2:ff,-107.494037,1986-07-14T15:15:55,email-41.henderson.biz,11:01:43,GB,"$40,927.07",sv,dolorem.mp3
e9:c6:46:f8:37:99,11.886882,1988-10-25T23:44:20,srv-73.lane-moore.com,19:26:17,GB,"$87,663.87",kl,nobis.doc
c9:08:75:75:11:a7,126.912437,2021-07-30T02:55:35,laptop-17.hancock.com,21:41:24,GB,"$41,407.73",ak,magnam.txt
d4:1e:02:a9:8b:89,125.680777,1981-05-24T06:13:33,email-56.smith-dennis.com,22:00:12,GB,"$40,847.94",gl,modi.jpg
ee:d8:e0:d3:d5:f8,-11.338816,2011-01-17T13:30:06,laptop-53.manning-hughes.com,23:56:57,GB,"$5,225.45",mai,mollitia.mp4
94:8f:e1:4f:99:38,-163.267374,2006-11-27T00:49:56,desktop-73.davison.biz,03:28:58,GB,$58.65,ur,est.csv
e4:42:e3:a5:e0:1a,-89.512209,1974-05-31T10:55:36,srv-88.patel.com,20:13:50,GB,"$20,673.69",niu,repudiandae.mp4
bd:0e:13:fc:11:b4,13.448669,2018-01-22T19:59:46,db-09.davison.biz,11:26:08,GB,$56.85,pa,debitis.jpg
c0:d3:45:b8:4b:d7,-78.948849,1999-01-19T04:00:44,lt-63.harding.org,02:29:51,GB,"$8,305.40",sid,earum.jpg
21:31:e1:8a:79:9c,-177.977544,1994-08-09T18:43:10,laptop-42.graham.com,15:28:32,GB,$699.74,vi,nisi.html
00:9d:5d:95:34:9b,64.731328,1992-02-10T02:31:02,email-07.phillips.com,01:45:04,GB,$89.16,lzh,iste.wav
5e:cf:e6:a3:b5:17,121.382244,1996-07-04T08:19:35,laptop-51.allen.com,02:22:07,GB,$0.91,tcy,quaerat.tiff
2c:72:0b:51:40:55,116.223123,1996-08-14T05:38:57,lt-34.giles-wilson.com,08:00:43,GB,$705.22,bs,totam.avi
12:a3:91:66:91:17,-116.731923,2003-12-28T07:45:30,lt-32.mitchell.biz,16:00:46,GB,$48.63,ms,consequatur.avi
4c:f4:b1:9b:10:11,26.548532,1983-03-05T22:23:23,email-33.stanley-freeman.com,00:21:51,GB,$403.38,raj,officiis.webm
28:9f:e8:0e:1a:99,62.350797,1993-09-01T11:46:16,srv-30.evans.com,23:36:32,GB,$25.85,ne,earum.docx
e7:af:e3:e6:da:55,77.248165,1992-09-26T21:15:56,srv-05.bentley.co.uk,10:47:33,GB,"$7,612.89",mhr,commodi.avi
e9:b3:fb:ec:6c:3a,-130.085666,2021-09-07T04:31:23,db-76.todd-morgan.com,12:18:31,GB,"$9,283.49",is,quidem.wav
f1:23:21:d1:f2:76,-91.908822,2005-06-15T14:42:47,db-03.gregory.com,07:34:05,GB,"$94,064.35",as,ipsa.pptx
0f:08:a4:a6:17:c4,-107.453285,1977-07-22T20:29:30,desktop-87.parkinson.com,01:40:13,GB,$295.70,xh,quam.wav
59:c2:b5:25:30:24,-34.247234,2008-12-08T02:59:49,web-10.lowe.net,04:16:08,GB,$1.38,ne,tempora.css
db:7c:a4:42:ad:2b,28.466418,1987-06-11T01:25:43,srv-47.john-potter.com,07:27:17,GB,$4.53,szl,libero.webm
61:b1:d7:02:62:9b,-148.875809,2013-06-10T00:14:28,srv-14.roberts-martin.com,04:15:09,GB,"$1,222.75",tg,placeat.bmp
88:76:15:fa:bf:69,-41.256972,1997-09-04T02:22:37,desktop-01.johnson.info,20:18:39,GB,"$65,045.81",ber,voluptatum.webm
8d:34:85:f8:eb:81,-86.005983,2001-06-22T04:47:49,srv-22.burton-harvey.com,11:41:34,GB,"$9,382.02",ko,molestiae.avi
1c:13:4f:9e:4c:71,113.884437,2018-11-15T21:44:58,web-83.nixon-evans.com,15:29:11,GB,"$8,686.67",sid,iusto.wav
b8:04:b0:7e:3b:a2,156.676530,2015-04-23T05:23:36,desktop-71.scott.net,05:07:41,GB,$98.35,ja,repudiandae.csv
94:e5:0b:86:d2:8b,-147.662776,1980-12-31T13:42:34,web-09.smith.com,15:00:56,GB,"$75,069.60",ur,animi.mp4
3a:3c:39:b1:fa:86,6.334556,1987-07-05T05:04:44,email-50.ahmed-lee.com,13:02:51,GB,"$14,566.53",he,a.mp3
20:1e:af:2a:58:2c,82.319904,2002-12-27T03:19:43,srv-71.riley-gould.org,15:39:16,GB,"$9,374.32",lv,mollitia.pdf
f5:00:79:45:6c:91,12.757378,1985-05-25T22:26:15,laptop-10.thomas-burns.net,01:07:34,GB,$24.20,am,minus.jpg
ab:73:56:e4:4b:2d,149.074830,1976-03-03T22:19:20,email-80.kent-walters.com,17:32:43,GB,$31.84,an,voluptates.mp3
2b:b4:06:e4:91:cd,18.607256,1981-11-23T23:53:18,web-14.stokes.com,15:27:04,GB,"$1,400.23",fa,earum.wav
10:77:9c:1f:9b:25,67.526600,2000-06-09T14:35:47,srv-46.potter.info,10:23:00,GB,$94.49,ja,pariatur.mp3
27:b7:a2:6e:1c:91,60.705730,2021-12-21T07:55:38,laptop-66.evans.co.uk,17:24:37,GB,"$18,981.93",li,molestiae.json
90:cf:0d:ea:07:28,84.392614,1999-11-13T16:13:24,email-61.wright-andrews.com,18:07:04,GB,$425.57,brx,dicta.mov
e2:66:20:ba:93:33,10.883001,1980-08-07T21:56:35,email-19.allen.co.uk,03:41:22,GB,"$5,204.70",byn,doloremque.tiff
c3:46:41:16:2e:c3,-68.970350,1979-03-01T14:25:16,lt-50.cunningham-smith.org,03:50:44,GB,$424.86,gd,odit.doc
98:f9:34:d0:f1:4d,19.989109,1996-11-21T20:33:01,srv-67.smith.co.uk,18:05:04,GB,"$27,857.69",sat,nemo.mp4
d2:23:7d:33:cb:93,-5.724583,2002-06-26T07:15:10,desktop-19.page.co.uk,11:02:57,GB,$65.13,en,earum.jpeg
34:99:56:d5:18:bc,-116.698536,2005-06-03T12:02:05,desktop-42.baldwin-robinson.net,08:03:20,GB,$57.13,ko,nam.png
c8:90:c4:39:60:65,-146.289289,1982-08-18T21:47:58,laptop-75.grant-barnett.org,11:38:05,GB,$442.82,he,rerum.mp3
9a:ce:6b:3a:84:ad,151.880089,1970-06-15T14:49:29,web-86.riley.co.uk,03:04:29,GB,"$4,971.94",the,deleniti.wav
58:f6:11:de:b2:71,-88.275736,1978-12-02T15:56:04,db-61.daniels.org,09:39:38,GB,$573.48,yue,explicabo.html
a4:be:a8:3e:d8:d0,-43.950575,1995-05-25T00:30:52,db-68.morris.com,02:24:34,GB,$4.54,nso,debitis.odt
7e:16:9d:e1:f1:5d,79.703760,2005-11-27T08:00:08,desktop-73.dawson-watts.com,04:11:26,GB,"$21,533.60",rw,ut.avi
91:85:7b:ea:ad:01,172.959183,1991-06-17T04:07:13,laptop-75.smith.com,10:15:56,GB,$51.49,szl,numquam.wav
bd:30:0b:77:55:22,155.562530,2007-10-22T14:25:35,desktop-17.harris.com,03:35:30,GB,$5.20,aa,harum.mov
41:77:79:5d:b0:e2,10.860483,2000-08-16T14:27:24,lt-55.wright.com,17:40:46,GB,$2.40,wa,provident.wav
f5:b9:05:92:25:0a,-109.578385,1995-12-19T18:00:52,db-26.ahmed.biz,14:01:29,GB,$507.26,sd,blanditiis.pptx
30:9d:74:57:d2:f4,150.568655,1998-11-12T23:21:51,laptop-26.burns.com,15:13:47,GB,"$1,775.59",tig,id.html
f2:8d:2d:b7:fb:39,28.713201,1987-12-13T22:14:14,web-53.wade.co.uk,07:31:28,GB,"$8,119.85",so,aperiam.pdf
69:4a:fd:c1:34:e5,-112.225133,1993-11-30T17:19:03,laptop-42.horton-walker.biz,00:26:12,GB,$64.91,ca,magnam.odp
29:e9:51:2c:3c:ba,160.487005,1977-09-14T06:35:39,desktop-91.williams-webb.com,11:48:59,GB,"$77,756.41",te,reiciendis.css
c3:1c:aa:b3:15:b8,-38.570067,2018-07-24T13:15:27,lt-59.butler.com,10:54:27,GB,$721.09,fy,asperiores.gif
9c:e5:df:eb:86:dd,144.482160,1976-01-09T07:06:17,desktop-67.taylor-randall.com,20:56:43,GB,$868.63,ber,corrupti.webm
ce:16:a4:dc:51:f9,37.098710,2006-07-27T17:00:24,email-02.edwards.com,20:49:22,GB,$7.51,rw,deserunt.tiff
6e:d2:09:05:bc:2d,163.360304,1995-10-02T19:08:58,laptop-62.wells-price.org,04:05:55,GB,"$1,734.94",lij,ratione.html
34:65:35:83:b1:55,85.441653,2008-07-07T11:31:16,email-69.nixon.com,00:00:54,GB,$9.42,ps,odit.avi
27:84:42:9c:b5:47,-3.602588,2003-10-01T02:20:25,db-45.wong.com,20:18:58,GB,$603.25,ha,maiores.ods
3a:de:b4:9d:82:11,-84.302794,2003-06-10T00:48:00,db-26.day.biz,16:24:52,GB,$7.42,bho,ab.mp4
6f:3c:68:18:81:9b,45.995348,1998-02-19T01:16:33,laptop-12.wilson-griffiths.com,07:00:02,GB,"$99,003.43",hak,nihil.bmp
16:8a:ed:f4:5a:5d,-32.481677,2007-05-07T23:41:10,laptop-47.thornton.com,18:11:18,GB,$3.03,ug,voluptas.mov
94:e1:a2:3a:fe:20,36.392852,1979-09-15T18:43:48,lt-95.reeves.com,05:40:18,GB,"$2,770.16",sr,ad.tiff
b1:5f:48:e4:b0:b2,141.209011,2016-07-11T01:35:55,db-61.lewis.biz,01:09:36,GB,$569.39,ayc,dolore.gif
58:3b:2e:69:c0:57,-130.788967,1984-11-25T15:05:41,lt-57.matthews.biz,19:23:54,GB,$11.38,ff,blanditiis.docx
c6:fa:57:ee:17:44,134.841280,1987-02-24T07:49:18,email-07.clark-brown.com,20:51:43,GB,"$86,627.65",bem,sequi.js
54:59:76:d2:cc:99,45.242352,2019-01-20T07:14:30,email-79.nixon.com,15:49:53,GB,$593.03,my,eum.webm
9d:df:61:cb:c2:4a,-38.982562,1991-02-05T21:51:31,laptop-11.rees-hunt.com,11:24:24,GB,"$1,553.65",eu,assumenda.mov
41:7a:1e:c5:86:1a,91.666320,2001-09-13T18:15:36,db-56.butcher.com,09:12:41,GB,$4.78,gu,quis.png
3f:0d:d8:06:4c:5a,160.214237,2010-03-26T09:40:11,db-12.wilkinson.com,19:49:13,GB,$43.29,sv,delectus.txt
31:02:df:e6:5e:71,99.328443,2021-02-01T12:58:31,srv-91.jones.com,10:48:52,GB,$637.20,nb,minus.ppt
bb:de:61:79:cf:b3,36.349875,1976-11-24T21:17:06,desktop-15.gill-thomas.co.uk,19:09:26,GB,"$2,185.21",mai,delectus.mp3
a7:01:c0:7f:89:82,-177.266147,1984-09-29T14:53:16,email-29.turner.com,14:28:26,GB,"$9,954.62",nr,nam.avi
30:8e:1d:aa:5b:13,124.167460,2004-12-21T20:43:04,web-62.moore.biz,07:16:50,GB,$586.84,sv,fuga.mp3
58:f9:3b:b3:81:95,6.993023,1993-04-12T16:41:15,web-01.dixon.info,06:03:35,GB,"$7,853.66",cs,placeat.mp3
90:2d:3e:36:dd:7f,-23.113938,1981-10-27T15:08:07,db-70.howarth-davies.com,07:40:10,GB,$53.38,uz,et.css
7f:14:e1:8d:5f:39,-155.797815,2019-09-01T06:57:49,web-41.palmer.biz,23:20:08,GB,$379.02,zu,doloribus.webm
fd:28:c2:6b:50:c9,-32.031912,2011-08-03T05:53:08,db-35.jackson-howarth.com,20:58:58,GB,"$21,819.93",gv,aut.pptx
e9:aa:5d:df:1a:bb,-81.464875,2008-10-29T10:14:50,email-63.naylor.org,20:40:39,GB,"$85,872.13",crh,porro.html
9e:0c:88:b0:b1:89,-123.018291,1994-05-22T20:43:20,srv-99.roberts-porter.org,16:58:42,GB,$9.72,nl,maiores.mov
80:8f:19:b7:9f:6e,-18.261525,2012-03-28T02:55:36,db-80.newman-slater.com,00:07:41,GB,$5.33,dv,ipsum.mp4
5c:ff:89:13:e9:d0,-36.269752,2019-09-17T06:26:01,lt-65.howard.org,23:25:06,GB,$24.61,id,voluptatem.xlsx
f2:4d:e7:a1:5d:c1,3.220715,1988-07-16T03:09:30,db-39.pratt.co.uk,16:05:30,GB,"$9,374.54",tig,ab.txt
7d:2e:24:d5:f9:f3,69.968348,1988-05-29T22:48:10,email-74.robinson.biz,02:33:16,GB,$176.32,oc,quasi.gif
78:51:82:4c:ce:04,121.485358,1989-06-01T11:12:04,web-20.hall.com,21:20:04,GB,$4.98,eu,aperiam.doc
d0:94:f0:22:95:f8,-137.332801,2013-10-24T19:42:35,email-33.patel.com,22:10:22,GB,"$14,148.34",ayc,aperiam.json
16:59:8b:4c:53:4d,-40.581085,2011-08-09T00:00:28,laptop-76.hussain.com,09:16:10,GB,$3.21,zh,dolorum.xls
57:6b:fe:43:c0:e6,44.044191,1975-09-30T11:01:06,lt-26.clayton.net,23:41:25,GB,$34.54,lt,dicta.ppt
8c:b6:da:da:78:cd,35.747669,1993-05-29T16:51:48,email-34.rhodes-humphries.biz,19:43:26,GB,$23.97,es,neque.doc
84:d6:c7:36:91:c6,121.262907,1983-10-16T05:04:19,lt-05.bell.co.uk,15:23:16,GB,$873.57,yue,quia.xls
e7:60:0e:ef:2b:d0,-146.724283,1971-08-24T18:31:24,db-00.knight-saunders.com,07:50:59,GB,$309.30,cv,maiores.pptx
42:7f:a3:e3:1e:ee,8.825796,2001-07-14T08:17:26,lt-04.bibi.com,14:01:21,GB,"$67,635.27",ta,perspiciatis.mp4
e8:2d:30:ed:7d:57,-173.174551,1985-11-03T21:25:18,lt-04.bell.com,06:09:16,GB,"$59,051.20",lzh,maiores.tiff
c5:69:ea:9d:d1:aa,55.803106,1982-01-31T20:59:12,email-35.doyle.net,19:25:33,GB,$54.46,kl,est.flac
4c:66:fb:f2:1e:a1,53.510844,2008-11-14T15:17:25,desktop-77.taylor-murray.co.uk,05:42:29,GB,$4.40,bg,magnam.mp3
3c:41:01:bf:98:19,-67.170030,2022-10-11T16:18:43,laptop-17.price-miller.com,10:25:54,GB,$8.39,hu,nihil.wav
d6:dc:e2:4e:97:2e,117.959772,2010-09-25T05:01:29,lt-12.jarvis.biz,02:13:04,GB,"$33,075.01",cs,in.txt
a4:fa:c6:90:24:b9,2.550180,2004-02-16T00:59:34,desktop-67.white.com,18:28:53,GB,$66.66,ti,iusto.mp3
42:a2:4c:2b:b2:a0,11.922551,1974-09-01T03:49:52,srv-36.smith-edwards.com,05:44:32,GB,$4.56,af,magni.webm
43:60:aa:a2:a4:f5,-79.852896,2005-02-18T09:00:53,web-17.evans.info,03:25:30,GB,$208.25,zu,quia.mp3
d4:7b:46:1c:93:48,-20.020306,2001-07-23T04:34:35,email-20.pritchard.com,17:55:55,GB,$0.65,my,sint.flac
de:65:13:7e:38:06,-86.093229,1975-06-06T20:12:33,laptop-48.lynch-thomas.biz,06:51:40,GB,"$9,775.48",iw,eligendi.css
0c:c4:6f:56:bb:c5,-125.289201,2016-07-10T18:57:59,lt-64.collins-saunders.net,01:54:05,GB,"$72,149.66",raj,ex.mp3
63:1b:2b:22:f2:98,-46.684058,1988-06-09T08:30:33,srv-03.cole.biz,04:07:26,GB,$375.94,oc,facere.ppt
e0:1c:a4:d9:9a:22,78.672996,2020-04-04T05:55:19,desktop-51.moss-jones.com,14:05:04,GB,"$95,618.19",aa,voluptatem.wav
fb:30:92:88:9f:ea,-68.582152,2015-09-04T11:14:30,db-53.harper.co.uk,19:33:53,GB,"$23,170.97",om,explicabo.docx
1e:6d:0b:4e:79:4b,-79.668674,2003-06-06T23:41:10,lt-30.gardiner-sutton.com,00:25:16,GB,"$72,253.28",cmn,nesciunt.css
fe:87:b0:90:f8:25,120.574185,2013-11-11T08:40:46,srv-35.brown-matthews.com,18:42:56,GB,$9.01,bho,optio.jpg
15:ed:5c:24:1c:ca,171.308471,1984-11-09T01:18:12,desktop-22.mahmood.info,00:21:19,GB,$73.14,ca,sint.flac
d8:9e:84:3b:ab:bc,101.689495,1980-07-23T12:05:29,lt-53.lee-wilson.co.uk,13:21:06,GB,$5.34,br,consequuntur.gif
b0:24:9c:b4:02:b0,-110.884084,1974-12-11T14:59:57,desktop-90.higgins-adams.org,20:27:38,GB,"$3,826.30",ayc,qui.ppt
e9:21:cf:8d:28:f4,-75.341615,1979-12-12T19:11:30,email-30.sims.co.uk,10:59:57,GB,"$60,188.76",ar,hic.png
14:ac:19:49:00:73,150.705541,1983-05-03T22:29:19,email-46.fry.info,17:25:16,GB,"$32,025.95",da,sapiente.mp3
65:ef:f5:0a:0b:6a,-49.795136,2023-07-13T16:16:36,desktop-28.nixon.com,09:52:32,GB,"$1,563.49",am,deserunt.mov
e0:f2:33:95:ff:09,174.703162,2015-01-09T00:59:47,email-11.leonard.net,10:13:31,GB,$0.04,ayc,impedit.mov
0b:50:fe:43:20:23,100.661017,1975-03-19T11:57:21,desktop-08.kerr.co.uk,03:37:21,GB,$5.43,mhr,sit.flac
e2:66:bb:46:be:97,134.979943,1986-08-08T09:26:03,srv-27.davies.info,01:53:54,GB,"$88,501.73",ia,velit.css
0f:6b:35:a0:9d:9a,-51.278148,1976-02-03T06:08:08,desktop-63.brady-blackburn.com,14:29:53,GB,"$3,813.79",li,expedita.wav
96:1c:ac:2c:47:41,-37.349852,1997-10-27T06:12:40,web-81.lawrence.com,19:00:12,GB,$479.53,hr,repudiandae.mp3
ce:b7:8d:9a:40:b0,118.285399,1984-07-01T03:51:51,desktop-02.wong-wade.com,04:53:16,GB,$92.22,nr,maiores.pages
8a:60:2b:68:97:b3,-85.665983,1985-11-17T17:52:51,web-81.payne.biz,11:49:55,GB,"$64,519.10",ak,occaecati.webm
b4:a8:23:70:bb:21,157.278704,2005-06-14T21:32:49,srv-21.smith.com,03:25:07,GB,$3.29,kk,quae.gif
7d:41:99:38:91:6f,-16.350610,2002-09-03T19:44:45,laptop-10.baldwin.info,09:27:42,GB,$460.25,wa,aliquam.png
79:83:06:45:7b:c2,-165.238032,1994-12-25T02:43:42,lt-63.barker.com,13:05:40,GB,$229.74,mk,sunt.ods
74:30:31:a0:e1:da,-148.416731,2006-06-21T18:21:43,srv-26.wilson.com,14:28:20,GB,$9.67,ur,recusandae.flac
6a:9e:84:01:a3:d8,-84.954319,2022-07-03T00:42:47,email-96.coleman-lowe.com,00:53:36,GB,"$81,434.53",da,voluptatum.mp3
c3:cf:fd:b5:20:f2,22.506892,2019-03-03T02:53:20,srv-66.robinson.biz,17:40:55,GB,$201.78,mt,voluptates.jpg
e9:f2:5a:7e:fb:83,56.773188,1971-08-01T05:50:35,laptop-35.lane.com,17:06:57,GB,$376.17,ts,aperiam.avi
a9:c5:d2:0b:3b:77,69.489241,2002-12-10T01:25:58,laptop-28.ryan.com,23:26:36,GB,"$51,948.58",si,ducimus.webm
9e:94:0a:1b:fb:66,-55.376582,2019-01-07T18:31:07,web-47.bartlett.co.uk,16:34:07,GB,"$74,356.78",sr,beatae.csv
0c:12:9b:70:6d:16,-97.682347,1977-01-08T17:04:48,desktop-53.thompson.biz,10:47:33,GB,$7.78,pt,repudiandae.flac
68:92:ed:8d:f2:da,-17.310069,1974-09-22T15:18:15,web-90.cox-freeman.com,17:57:34,GB,"$43,409.74",dz,repudiandae.avi
94:65:15:2f:8d:ac,-15.798476,2011-02-14T14:05:28,lt-51.marsden.com,04:24:01,GB,"$8,238.49",tcy,doloremque.pdf
7d:89:ed:2c:a1:bc,27.411122,1978-11-19T20:28:43,web-97.davies.org,14:28:24,GB,$3.84,hsb,libero.avi
dc:76:39:f8:d8:07,-97.919741,2011-11-07T17:40:33,laptop-01.wilson.com,10:49:25,GB,"$88,725.91",mni,consequuntur.webm
0f:90:42:8b:af:24,-160.966267,2021-04-10T08:04:56,lt-97.bailey.com,03:13:03,GB,$76.47,lt,magni.jpg
a7:42:22:9e:f5:8d,-25.377263,1987-11-12T02:03:39,lt-07.dixon.info,05:52:13,GB,"$3,731.09",vi,pariatur.csv
61:f6:89:57:1f:f7,158.095625,2007-01-29T05:58:24,web-84.berry.com,07:39:32,GB,$9.89,is,distinctio.js
ae:01:a1:07:b0:fc,-38.110714,1989-09-06T11:22:37,db-78.thomas-webb.com,09:15:13,GB,$26.20,ka,repellendus.avi
b8:36:33:01:9f:bc,-49.512356,2007-12-10T10:47:52,web-29.roberts.com,18:57:16,GB,$49.01,dv,et.flac
26:dd:cf:03:a3:7a,26.936650,2012-03-11T12:31:57,web-58.storey.info,13:01:29,GB,$724.66,nan,distinctio.tiff
cc:8f:5e:36:b3:96,-120.131408,2019-01-17T16:37:32,laptop-17.wilson-thomas.com,22:54:01,GB,$564.88,doi,eum.flac
b7:84:af:d1:d6:bb,121.432247,1980-11-12T19:08:04,desktop-99.collins-austin.com,16:17:11,GB,$96.69,dv,voluptatibus.webm
40:8f:7f:53:bb:d1,-176.199700,2005-11-21T17:05:59,db-50.harrison-davidson.co.uk,03:12:15,GB,$4.06,ha,quas.pages
c5:3f:a3:a6:a4:43,2.322491,1970-06-17T22:24:45,email-66.bailey-murphy.net,03:09:29,GB,"$44,545.86",mi,voluptatem.wav
4c:f3:5d:7e:ea:b0,92.935779,1990-08-04T02:41:32,desktop-73.burton.org,02:30:54,GB,$425.75,ku,fugiat.gif
70:f9:49:82:df:f6,91.702574,1975-10-05T13:37:24,web-01.howarth.com,21:14:44,GB,$34.75,niu,error.mp3
2d:1b:1c:68:b2:40,65.112836,1978-12-05T21:33:37,desktop-72.khan.com,03:03:55,GB,$609.77,ms,fugiat.wav
eb:4c:d2:a6:11:b7,104.945469,2022-07-03T10:39:11,desktop-87.taylor.co.uk,22:05:46,GB,$517.26,pa,sequi.mov
f3:d1:77:3e:a4:4c,-138.499898,2015-05-18T10:22:19,laptop-17.carr-mills.org,05:36:39,GB,$64.15,crh,impedit.odt
c0:b5:09:54:54:df,107.793139,2010-06-27T22:08:48,desktop-80.khan.co.uk,16:21:34,GB,$51.48,sid,repellendus.avi
dc:6f:ba:7a:8c:ba,-159.249646,2023-06-14T16:12:28,email-51.kennedy.co.uk,13:42:20,GB,$19.79,es,doloribus.tiff
c8:e5:7d:ed:d9:92,-122.108737,1992-06-07T00:23:29,db-81.hill.co.uk,10:46:48,GB,$323.33,eu,distinctio.mov
c5:82:2d:ef:c9:65,19.984740,2021-12-08T08:39:35,lt-00.jordan.com,16:22:52,GB,$835.22,mt,voluptate.ods
77:d5:35:62:e3:87,6.136288,1971-03-30T17:12:40,srv-30.knight.com,09:03:26,GB,$4.63,niu,animi.flac
e7:99:2d:c4:b1:c5,16.208910,2004-05-06T11:26:46,db-37.davies-barker.com,11:58:51,GB,$26.00,wal,enim.pptx
0f:ec:50:df:62:83,-3.274139,2011-03-29T08:37:22,lt-20.newton-collier.com,11:44:01,GB,"$4,105.11",szl,neque.pages
55:99:21:b3:86:a3,-79.533483,2012-02-17T13:38:21,email-99.grant.co.uk,19:14:39,GB,$3.01,ast,quia.gif
2a:f4:f2:0c:a7:68,-52.603359,1992-02-29T02:26:53,email-79.horton.com,19:59:50,GB,"$22,166.67",mni,alias.xlsx
f6:1e:35:fa:a6:6a,59.432916,1999-05-29T08:00:25,laptop-18.patel.biz,13:52:20,GB,"$26,634.01",wal,tempora.mov
05:e3:55:b3:6a:3e,-2.838493,2009-01-25T14:22:23,email-70.connor.com,09:17:01,GB,"$13,554.97",ber,corrupti.csv
f9:6c:9e:1a:0e:8d,-110.788846,1980-06-05T23:48:48,desktop-23.richardson.biz,08:45:36,GB,$679.03,nb,quia.mp4
48:4b:9f:b2:6c:0d,67.122857,2011-04-05T07:37:00,db-54.smith-dean.co.uk,10:45:11,GB,"$11,670.00",iu,quaerat.html
ca:b1:e9:e9:6f:c8,-56.849751,2011-04-26T09:17:33,db-49.miles.com,05:17:25,GB,"$33,917.31",vi,exercitationem.doc
c8:85:9d:61:97:2b,168.107365,2019-12-28T10:27:52,desktop-51.hart.com,04:31:58,GB,"$84,067.70",ve,amet.xls
45:a2:88:f7:4c:e3,-107.320209,1977-12-22T14:05:25,desktop-20.archer-brown.com,07:52:03,GB,$34.71,mai,aperiam.gif
4d:0e:04:af:c9:64,143.336198,2008-11-29T23:27:32,desktop-26.rowe-davies.co.uk,04:27:32,GB,$32.94,uz,nostrum.mov
94:0c:4d:30:30:ac,-162.803301,1988-07-01T19:27:21,web-08.hill.co.uk,23:42:00,GB,$811.28,vi,quod.bmp
3d:8c:65:84:9d:75,-18.589085,1982-02-14T07:50:58,email-23.peters.net,03:28:15,GB,"$7,598.18",ak,et.mov
d2:7e:28:20:60:66,-33.408461,1982-10-26T15:24:13,web-25.goddard-lewis.com,14:26:51,GB,"$1,442.72",om,unde.webm
44:fe:60:a3:83:bd,3.949868,2001-06-30T08:18:55,db-60.brown-green.com,13:25:10,GB,$6.45,fa,autem.csv
b9:a0:65:1c:ed:11,58.612857,1990-08-09T20:53:42,web-54.barker-turner.co.uk,17:15:10,GB,$135.89,my,inventore.tiff
6c:22:82:30:fe:cb,-58.887443,1970-06-23T15:04:46,laptop-51.roberts-king.com,19:21:11,GB,"$7,750.40",te,consequatur.flac
56:ac:cd:d0:1d:21,126.629828,1970-11-10T11:57:12,laptop-12.coleman.com,07:09:06,GB,$48.16,ve,deserunt.gif
d9:5d:72:86:69:45,77.709443,2006-09-23T17:43:11,lt-42.daniels-skinner.com,20:58:50,GB,"$8,472.26",nan,fugit.gif
3a:c0:5c:7a:62:35,15.330332,1970-12-31T18:33:44,srv-00.townsend.com,03:28:14,GB,$1.94,lt,perferendis.pages
25:05:c4:d3:32:33,-169.081806,2022-05-01T08:48:52,desktop-29.riley.com,13:24:09,GB,$9.97,the,possimus.jpg
2e:76:5a:33:6a:3c,179.116496,1974-09-11T01:04:21,srv-88.day.com,18:51:44,GB,"$25,473.04",lt,placeat.webm
67:ca:8c:d4:d3:4f,-89.170937,2005-06-29T18:23:43,lt-81.peacock.com,21:29:43,GB,$883.92,ne,labore.xls
d1:8e:4c:0a:d2:94,42.342584,2018-02-25T11:38:10,srv-77.young.com,20:31:59,GB,"$6,144.31",cs,autem.bmp
6b:46:2c:d1:b9:ea,-8.351924,1986-10-10T13:35:06,db-43.griffiths-griffiths.org,10:28:55,GB,$6.60,raj,id.pdf
6f:59:ae:a4:c4:4a,-134.824011,2007-09-23T14:32:26,db-88.allen.com,23:17:28,GB,$3.09,niu,velit.mp3
a1:f1:5d:d0:09:65,-110.323090,1990-07-03T03:39:38,lt-60.watkins.com,07:21:11,GB,"$2,718.56",os,facere.jpg
e7:64:bc:7d:07:34,-145.515009,2003-06-13T04:09:54,lt-62.davies-roberts.biz,01:39:55,GB,"$37,945.13",sid,est.tiff
2d:ad:67:9d:73:99,-77.897970,1987-10-21T03:38:35,desktop-37.harris.com,19:11:32,GB,$2.87,lo,veritatis.tiff
a6:7e:59:e4:7b:68,88.613005,1983-11-17T08:01:49,lt-18.jackson.net,05:41:56,GB,$635.83,lg,soluta.xlsx
2d:af:df:5d:41:3b,30.033781,1985-02-04T03:40:51,web-21.howell-bishop.org,00:38:34,GB,$87.02,fy,molestiae.html
7c:7c:91:8d:10:b4,-90.996072,2003-04-04T08:01:59,lt-85.davies-gray.com,17:34:53,GB,$654.40,the,dolores.avi
63:af:0b:04:ec:23,116.493305,1994-06-09T23:39:27,desktop-06.davies.com,16:13:58,GB,$7.64,ca,dignissimos.mp3
7a:4c:30:a0:32:08,107.275207,1990-12-09T16:54:06,laptop-10.barnes.biz,18:37:25,GB,$8.99,nso,corrupti.avi
25:13:52:2c:7d:10,3.255562,1995-02-22T22:47:22,laptop-32.chambers-griffiths.info,03:41:29,GB,$8.29,ckb,itaque.avi
9b:08:cd:6e:22:88,-87.753076,2007-10-30T23:47:08,lt-40.hussain.co.uk,18:32:38,GB,"$84,322.43",yi,deserunt.odt
09:c7:2e:3b:7a:b4,151.240679,2016-04-10T14:21:56,lt-48.lee.net,20:53:03,GB,"$41,879.71",tn,pariatur.mov
a8:43:24:5c:20:9a,-130.332581,1981-07-21T12:53:18,srv-11.doyle.co.uk,01:02:46,GB,"$77,372.35",bg,veniam.jpg
7c:f0:65:0b:0c:dd,39.789131,1973-03-16T14:58:17,lt-95.john.com,21:06:51,GB,$96.64,id,illum.ppt
1a:b8:9e:21:cc:f4,155.855851,1976-07-26T07:08:34,db-29.bennett-perkins.net,13:52:31,GB,$232.86,li,dolores.pdf
cb:3b:45:8f:a9:7c,-3.288531,2023-08-21T17:25:55,db-69.bell-bell.com,06:29:08,GB,"$4,621.66",mai,accusantium.wav
7c:d1:85:cf:53:8c,73.368988,1995-02-13T19:10:34,desktop-98.taylor.com,00:54:14,GB,$523.76,pt,alias.odp
17:cf:f4:57:8a:12,-95.701620,1999-11-05T13:27:06,web-87.taylor.org,21:09:45,GB,$5.04,fr,similique.mp4
a1:8f:12:27:81:fc,41.979586,1976-04-15T07:30:03,srv-46.fisher.com,12:02:42,GB,$40.67,fil,quod.jpeg
61:46:70:63:b1:3d,-21.563799,2008-05-22T07:00:19,db-16.allen-johnson.com,22:50:55,GB,$128.50,ak,exercitationem.pdf
b9:c3:94:cc:1b:17,61.713398,2007-10-05T16:06:48,desktop-60.hunter.org,08:40:45,GB,"$52,547.05",pap,blanditiis.png
d7:48:99:ed:02:6a,-23.898263,2022-05-13T20:48:03,desktop-48.kaur-hardy.co.uk,21:32:22,GB,$4.04,gl,consectetur.flac
52:ad:21:1d:7b:7a,170.695670,1989-10-17T20:22:17,email-12.edwards.biz,04:33:21,GB,$87.00,fil,adipisci.xls
b6:26:26:bd:9f:c6,-145.750317,2002-06-19T08:37:35,srv-61.woodward.com,09:27:01,GB,"$5,536.96",eo,sed.webm
65:d3:92:62:76:0f,-116.913730,1974-01-18T02:56:19,db-48.byrne-smith.org,13:59:46,GB,"$74,951.38",am,tempora.ods
6a:1c:b4:44:c3:6d,59.799530,2009-06-29T10:42:35,laptop-90.rogers.com,12:00:05,GB,"$60,479.51",szl,debitis.odt
82:ac:4c:c5:d5:33,130.342500,1972-01-24T03:45:35,email-83.smith.com,12:56:25,GB,$756.23,hi,laudantium.webm
bb:bf:cc:e9:9d:79,-14.901647,1981-04-13T06:38:41,web-80.foster.com,20:14:58,GB,$1.69,nl,iusto.txt
d3:3d:bb:d2:ff:a8,51.897618,1991-04-11T21:11:17,lt-49.singh-wyatt.com,13:33:42,GB,"$27,709.57",km,explicabo.ods
4b:29:1d:f5:88:5d,46.270880,1997-02-28T20:13:40,lt-98.cooper-walker.com,06:31:09,GB,"$53,092.94",oc,totam.mp3
af:ce:61:09:68:35,43.767148,2011-06-11T09:45:39,srv-32.carr.com,00:40:38,GB,"$7,239.44",sd,sapiente.odp
81:83:f8:31:7b:6a,139.436175,1996-12-21T14:55:35,db-30.brown.com,06:39:38,GB,$88.31,gu,rerum.pages
54:8c:0a:c2:dd:26,139.560798,2007-07-11T07:12:52,email-75.read.com,16:44:15,GB,$6.32,hr,debitis.bmp
5c:70:f6:84:23:2a,30.864149,2005-02-11T10:19:17,email-78.sharpe-farrell.net,20:56:54,GB,$48.44,nhn,rem.csv
0a:2b:f4:24:82:ef,108.661220,2008-04-04T09:22:52,email-72.cook-mitchell.com,23:00:10,GB,$14.69,bho,temporibus.wav
b5:5c:56:20:8d:8b,50.724241,2002-02-04T17:30:48,db-18.wheeler-morris.com,09:39:19,GB,$9.86,hsb,voluptatum.csv
ae:fa:4d:db:1d:97,80.468124,1990-09-10T19:43:36,db-07.cole.com,11:46:09,GB,"$39,003.47",ti,nostrum.flac
b3:7f:6a:d0:c7:0e,165.387923,1970-05-14T17:26:31,srv-70.anderson-dawson.org,09:26:24,GB,$33.01,mt,quos.flac
97:b4:3e:d0:f6:1a,35.332736,2010-06-12T18:12:36,lt-27.williams.biz,16:49:04,GB,$111.72,sa,ipsa.wav
c8:65:f4:10:0b:93,102.876569,2002-03-23T16:30:26,lt-89.wyatt.com,17:36:19,GB,$442.74,ga,exercitationem.mov
cf:18:c6:a4:ac:8b,-25.170641,1992-05-30T15:38:21,desktop-36.smith.co.uk,04:55:00,GB,$9.50,hr,iste.avi
8c:79:97:65:23:05,158.658774,1991-10-04T22:20:34,laptop-31.woodward.net,12:11:38,GB,$1.21,be,ad.txt
88:6b:6c:ce:e1:66,-173.435640,1977-02-25T10:56:05,web-12.allan.com,07:34:46,GB,$2.87,mni,reprehenderit.flac
2a:e2:2c:07:58:70,114.744166,1996-02-09T04:00:29,laptop-04.gallagher.co.uk,12:48:32,GB,"$30,599.19",mk,eveniet.webm
3e:e5:95:40:8e:22,62.530294,1996-12-23T12:25:31,email-79.payne.com,23:57:29,GB,$587.22,fy,maxime.txt
99:11:d7:6b:56:f3,-90.557589,1976-06-17T19:54:39,srv-83.wood-white.co.uk,16:39:33,GB,$44.95,da,itaque.avi
b7:a9:bc:78:c8:ad,125.795958,2004-02-23T19:26:11,db-97.stone.com,21:55:51,GB,$7.75,bg,quae.html
04:5c:15:2e:c3:20,-127.538854,2006-11-22T08:43:26,laptop-12.norris.co.uk,13:34:32,GB,$237.95,ts,neque.jpeg
62:f6:ce:bc:bf:12,120.673069,1982-04-26T12:46:07,web-54.hall.com,20:56:35,GB,$3.66,csb,ipsum.flac
01:4d:1d:92:ad:2a,170.543188,2017-01-01T20:09:50,lt-08.gill-waters.com,09:28:03,GB,$70.48,tt,totam.css
f3:31:8b:e2:9f:5e,179.510398,2003-09-08T21:53:28,web-22.bird.info,08:45:52,GB,"$5,488.62",bn,quo.flac
38:93:81:a0:87:68,168.598871,1994-03-07T11:55:09,laptop-34.roberts.com,01:53:15,GB,$18.43,sk,recusandae.odp
de:7b:3e:23:b9:8c,151.610425,2021-12-10T06:33:02,db-58.jones-hill.info,19:33:50,GB,$885.74,yi,fuga.jpeg
fa:28:ff:ec:aa:39,-147.630492,1989-04-11T23:39:12,srv-92.watts.com,09:04:38,GB,"$35,784.54",quz,et.webm
58:37:e4:68:87:41,178.321615,1977-06-11T23:36:17,lt-07.ford.com,06:51:27,GB,"$2,527.79",kw,totam.mp3
28:a8:ac:0a:85:92,-92.993830,1997-09-05T04:28:21,lt-31.patterson.net,19:31:19,GB,"$4,554.13",da,fuga.png
71:0d:aa:2c:4c:b2,-104.145366,2001-07-24T07:09:26,db-24.wyatt.biz,08:51:48,GB,$485.86,eo,illum.mp4
da:ac:15:0d:ab:6b,115.768367,1987-09-19T03:44:52,email-41.little-gregory.com,12:20:54,GB,"$4,769.61",fil,ex.jpg
17:25:fa:00:7d:aa,-107.557514,1982-11-23T19:11:21,desktop-01.smith.com,05:15:30,GB,"$3,227.47",sd,molestias.txt
5d:72:bc:05:f9:1d,-144.997195,2016-03-10T07:08:48,srv-53.hunt.org,10:31:08,GB,"$75,213.80",tt,adipisci.csv
88:cf:39:5f:2d:06,-174.179548,1990-08-03T08:20:59,web-71.gould.com,06:50:40,GB,"$20,061.10",ru,ipsum.mp3
c4:7f:cd:44:63:57,-71.446688,1995-10-31T19:56:31,email-08.morris.net,03:06:23,GB,$33.60,bhb,optio.pages
40:23:24:86:40:38,-112.117969,2011-06-16T20:00:56,desktop-50.pritchard-hawkins.com,01:52:29,GB,$975.27,szl,delectus.webm
70:f3:86:3e:36:fe,-107.356849,1991-06-09T16:51:37,lt-45.wilson-lewis.com,17:50:31,GB,$357.23,mn,dolores.css
b3:c7:36:6b:da:5e,-58.310308,1980-02-21T12:15:01,email-61.lee-foster.com,18:24:03,GB,$7.36,gd,magni.html
b0:ca:88:8a:29:3b,154.455666,2009-06-30T01:12:37,email-96.sharp.com,20:13:49,GB,$66.54,gl,impedit.numbers
9c:c1:cd:f0:2a:02,30.349040,1996-03-20T11:41:21,web-56.read-davies.com,01:30:23,GB,$504.41,vi,ad.mov
7e:df:a4:27:eb:a2,-45.240635,1988-06-01T18:44:42,email-12.clarke.com,13:36:58,GB,$52.79,sv,dolor.mp3
6d:64:53:6f:99:9d,141.001544,2022-08-29T02:35:57,desktop-80.hodgson.com,23:40:58,GB,$9.36,kn,ratione.png
5b:71:39:41:21:67,165.086011,2021-05-15T21:59:06,email-37.daly.com,13:10:17,GB,"$92,071.73",wal,reprehenderit.wav
5a:41:da:90:e7:00,-9.400285,1981-06-11T20:06:25,email-19.wilson.info,19:49:59,GB,"$26,547.08",fy,fuga.mov
6e:8f:d5:a0:0c:0a,-32.188866,1980-06-28T08:36:40,desktop-47.humphreys-evans.org,10:02:39,GB,"$4,151.08",cv,repudiandae.mov
07:31:37:e6:a5:49,-38.757336,2005-11-01T20:17:49,laptop-64.hodgson.biz,17:47:16,GB,$148.83,gd,maxime.jpg
e6:6b:7b:80:ae:06,-91.298178,1996-10-12T04:52:12,srv-77.lees.info,06:33:01,GB,"$4,318.68",tn,et.mp3
26:d0:e3:44:00:45,-163.371340,2004-02-04T16:50:06,email-32.yates.com,09:36:01,GB,"$45,550.51",ru,reprehenderit.ppt
88:73:f3:5c:6f:64,-79.766430,1986-03-31T11:31:51,desktop-30.hopkins.com,22:32:17,GB,"$3,759.39",vi,minima.json
73:3b:94:db:b9:fc,27.668809,2014-09-06T16:59:02,email-88.wright.net,05:34:15,GB,"$32,267.80",st,officiis.wav
be:50:20:11:e8:af,6.242332,2012-08-09T22:17:08,laptop-69.hunt.biz,17:07:52,GB,$36.73,he,incidunt.tiff
14:0e:56:91:1f:cd,46.340381,1982-02-23T17:32:05,desktop-67.ward-browne.com,16:49:43,GB,"$7,614.06",mt,laboriosam.jpg
f8:eb:01:13:67:bf,22.491296,1977-08-29T21:50:10,laptop-40.hughes.com,10:53:35,GB,"$45,659.10",bho,hic.js
d9:f9:d8:fd:84:85,-116.486579,2010-11-09T19:08:51,desktop-05.bull.info,17:49:04,GB,$9.38,cv,dignissimos.pdf
47:89:1e:3f:f8:86,-8.313656,2019-03-03T19:19:36,laptop-50.allen.com,13:42:34,GB,"$7,957.32",my,illo.flac
0a:e2:e5:ab:26:ff,143.785744,1997-02-05T00:08:27,lt-30.hall-wade.biz,10:50:32,GB,$6.70,sk,aspernatur.jpg
ef:75:90:c7:42:b8,-173.166285,1984-07-07T16:22:07,desktop-74.kerr.com,14:20:04,GB,$4.13,pl,in.doc
53:63:fd:15:7a:45,-35.725787,1982-06-09T18:53:28,lt-98.wright.com,15:00:58,GB,$704.90,gv,expedita.mov
44:29:bd:be:05:bb,57.407195,2002-01-07T03:49:43,web-98.griffiths-parker.com,23:52:36,GB,$278.13,unm,labore.json
38:b7:59:d3:dd:fa,117.517088,2012-02-29T00:31:21,web-26.jones.co.uk,08:41:33,GB,$37.21,af,quaerat.txt
97:5a:3f:dc:dd:67,-1.940286,2001-12-06T00:15:29,lt-71.williams.com,23:40:37,GB,$530.28,sr,unde.mp3
5c:7a:f7:c0:8d:d4,97.960115,1978-12-25T00:02:54,web-58.ward.com,21:11:05,GB,"$6,005.06",bho,repellat.gif
23:37:55:ee:ca:7b,-80.595601,1975-10-08T16:41:57,laptop-25.ryan-robertson.net,01:13:51,GB,$52.19,doi,enim.docx
bb:61:c2:e3:80:b4,54.845210,1972-11-22T23:38:23,db-23.williams-bishop.com,06:17:29,GB,$41.77,fa,aliquid.mp3
37:24:2d:0e:00:2e,40.208915,2013-03-03T21:50:24,web-66.brown.info,00:53:23,GB,"$8,963.94",fy,iure.webm
82:36:01:18:ed:c4,109.796067,1992-07-30T18:32:11,desktop-45.roberts.info,20:20:17,GB,"$21,759.70",fr,cum.tiff
4f:2f:e5:5a:74:dd,59.768621,1973-02-18T09:11:43,lt-41.cole-walker.com,22:09:37,GB,$4.01,hu,dolores.html
bf:3f:6d:83:23:a9,-162.287957,1988-11-28T13:27:13,db-36.perry.com,21:13:20,GB,$59.74,mt,dolor.webm
64:51:18:d7:17:05,35.386368,1981-05-31T21:11:29,srv-68.barnett.info,11:14:02,GB,$33.23,hy,soluta.css
35:5c:2f:e0:5d:19,-93.455819,2011-01-31T18:27:32,srv-07.walker.com,08:44:34,GB,$326.57,tg,repudiandae.json
96:2c:dd:15:f7:5d,118.579756,2008-10-27T13:11:29,email-42.richardson.com,10:01:16,GB,$43.41,ff,fugiat.webm
93:9a:d2:9c:8b:97,118.228940,2017-10-13T03:20:32,db-51.moore.com,14:48:00,GB,$271.99,ht,esse.numbers
30:63:07:2f:22:ec,149.055744,2001-02-10T19:34:28,desktop-10.williams.co.uk,12:21:46,GB,"$9,277.26",pt,totam.flac
63:5f:9f:0a:18:ee,150.714802,2008-03-13T06:51:27,web-99.scott.com,00:46:51,GB,$887.72,ta,suscipit.odp
b7:e4:6f:ba:8d:0b,-162.931335,2019-12-06T18:05:12,lt-91.lane.com,05:52:19,GB,"$26,316.69",raj,suscipit.csv
