<?xml version="1.0" encoding="UTF-8"?>
<clients>
    
    <client id="1">
        <firstname></firstname>
        <lastname></lastname>
        <address></address>
        <iban>GB32JRAQ52450110143228</iban>
    </client>
    
    <client id="2">
        <firstname></firstname>
        <lastname></lastname>
        <address></address>
        <iban></iban>
    </client>
    
    <client id="3">
        <firstname></firstname>
        <lastname>Finch</lastname>
        <address></address>
        <iban></iban>
    </client>
    
    <client id="4">
        <firstname></firstname>
        <lastname></lastname>
        <address></address>
        <iban></iban>
    </client>
    
    <client id="5">
        <firstname></firstname>
        <lastname>Lane</lastname>
        <address></address>
        <iban></iban>
    </client>
    
    <client id="6">
        <firstname></firstname>
        <lastname></lastname>
        <address>7 Gray avenue Rebeccachester SO30 9YU</address>
        <iban></iban>
    </client>
    
    <client id="7">
        <firstname></firstname>
        <lastname>Parker</lastname>
        <address></address>
        <iban></iban>
    </client>
    
    <client id="8">
        <firstname></firstname>
        <lastname></lastname>
        <address></address>
        <iban></iban>
    </client>
    
    <client id="9">
        <firstname>Amy</firstname>
        <lastname></lastname>
        <address></address>
        <iban></iban>
    </client>
    
    <client id="10">
        <firstname></firstname>
        <lastname>Williams</lastname>
        <address></address>
        <iban></iban>
    </client>
    
    <client id="11">
        <firstname></firstname>
        <lastname></lastname>
        <address></address>
        <iban></iban>
    </client>
    
    <client id="12">
        <firstname></firstname>
        <lastname>Taylor</lastname>
        <address></address>
        <iban></iban>
    </client>
    
    <client id="13">
        <firstname></firstname>
        <lastname></lastname>
        <address></address>
        <iban>GB23LNRU29946187310102</iban>
    </client>
    
    <client id="14">
        <firstname></firstname>
        <lastname></lastname>
        <address></address>
        <iban></iban>
    </client>
    
    <client id="15">
        <firstname></firstname>
        <lastname></lastname>
        <address></address>
        <iban>GB49VPOC94315347475652</iban>
    </client>
    
    <client id="16">
        <firstname></firstname>
        <lastname>Bishop</lastname>
        <address></address>
        <iban></iban>
    </client>
    
    <client id="17">
        <firstname>Dominic</firstname>
        <lastname></lastname>
        <address></address>
        <iban></iban>
    </client>
    
    <client id="18">
        <firstname></firstname>
        <lastname>Clayton</lastname>
        <address></address>
        <iban></iban>
    </client>
    
    <client id="19">
        <firstname></firstname>
        <lastname>Kay</lastname>
        <address></address>
        <iban></iban>
    </client>
    
    <client id="20">
        <firstname></firstname>
        <lastname></lastname>
        <address></address>
        <iban>GB37JEWE02427656537955</iban>
    </client>
    
    <client id="21">
        <firstname></firstname>
        <lastname></lastname>
        <address>56 Harper extension Francisside DE7A 3LY</address>
        <iban></iban>
    </client>
    
    <client id="22">
        <firstname></firstname>
        <lastname></lastname>
        <address></address>
        <iban>GB77GUXC11607600671278</iban>
    </client>
    
    <client id="23">
        <firstname></firstname>
        <lastname></lastname>
        <address>2 Wall shores Samuelhaven WN80 1SY</address>
        <iban></iban>
    </client>
    
    <client id="24">
        <firstname></firstname>
        <lastname></lastname>
        <address></address>
        <iban></iban>
    </client>
    
    <client id="25">
        <firstname></firstname>
        <lastname>Thomson</lastname>
        <address></address>
        <iban></iban>
    </client>
    
    <client id="26">
        <firstname></firstname>
        <lastname></lastname>
        <address>29 Abbie plains Bryanview DH3A 2TB</address>
        <iban></iban>
    </client>
    
    <client id="27">
        <firstname></firstname>
        <lastname></lastname>
        <address></address>
        <iban></iban>
    </client>
    
    <client id="28">
        <firstname></firstname>
        <lastname></lastname>
        <address></address>
        <iban></iban>
    </client>
    
    <client id="29">
        <firstname></firstname>
        <lastname></lastname>
        <address></address>
        <iban></iban>
    </client>
    
    <client id="30">
        <firstname></firstname>
        <lastname></lastname>
        <address></address>
        <iban>GB82BHFC97060058061491</iban>
    </client>
    
    <client id="31">
        <firstname></firstname>
        <lastname></lastname>
        <address></address>
        <iban>GB70TPPB54578455938234</iban>
    </client>
    
    <client id="32">
        <firstname></firstname>
        <lastname></lastname>
        <address></address>
        <iban></iban>
    </client>
    
    <client id="33">
        <firstname></firstname>
        <lastname></lastname>
        <address></address>
        <iban></iban>
    </client>
    
    <client id="34">
        <firstname></firstname>
        <lastname></lastname>
        <address></address>
        <iban></iban>
    </client>
    
    <client id="35">
        <firstname>Anne</firstname>
        <lastname></lastname>
        <address></address>
        <iban></iban>
    </client>
    
    <client id="36">
        <firstname></firstname>
        <lastname></lastname>
        <address>48 Nash brook North Henryland LL60 4YW</address>
        <iban></iban>
    </client>
    
    <client id="37">
        <firstname></firstname>
        <lastname></lastname>
        <address></address>
        <iban>GB21NSJK10650611192187</iban>
    </client>
    
    <client id="38">
        <firstname></firstname>
        <lastname>Dixon</lastname>
        <address></address>
        <iban></iban>
    </client>
    
    <client id="39">
        <firstname></firstname>
        <lastname></lastname>
        <address>31 Patel burgs Taylorside E3 2UF</address>
        <iban></iban>
    </client>
    
    <client id="40">
        <firstname></firstname>
        <lastname></lastname>
        <address></address>
        <iban>GB15ETXK68865442383646</iban>
    </client>
    
    <client id="41">
        <firstname>Russell</firstname>
        <lastname></lastname>
        <address></address>
        <iban></iban>
    </client>
    
    <client id="42">
        <firstname></firstname>
        <lastname></lastname>
        <address>Studio 1 Gareth street Knightshire NW71 2HA</address>
        <iban></iban>
    </client>
    
    <client id="43">
        <firstname></firstname>
        <lastname></lastname>
        <address></address>
        <iban>GB51LMZF93998157775793</iban>
    </client>
    
    <client id="44">
        <firstname></firstname>
        <lastname></lastname>
        <address></address>
        <iban></iban>
    </client>
    
    <client id="45">
        <firstname></firstname>
        <lastname></lastname>
        <address>9 Kim courts Christineview BL12 8YD</address>
        <iban></iban>
    </client>
    
    <client id="46">
        <firstname>Shirley</firstname>
        <lastname></lastname>
        <address></address>
        <iban></iban>
    </client>
    
    <client id="47">
        <firstname></firstname>
        <lastname></lastname>
        <address>Studio 50i Jill mission Dianaburgh W85 9SU</address>
        <iban></iban>
    </client>
    
    <client id="48">
        <firstname>Hugh</firstname>
        <lastname></lastname>
        <address></address>
        <iban></iban>
    </client>
    
    <client id="49">
        <firstname></firstname>
        <lastname></lastname>
        <address></address>
        <iban>GB84GBSH05177805676841</iban>
    </client>
    
    <client id="50">
        <firstname>Bruce</firstname>
        <lastname></lastname>
        <address></address>
        <iban></iban>
    </client>
    
    <client id="51">
        <firstname></firstname>
        <lastname>Hewitt</lastname>
        <address></address>
        <iban></iban>
    </client>
    
    <client id="52">
        <firstname></firstname>
        <lastname>Miller</lastname>
        <address></address>
        <iban></iban>
    </client>
    
    <client id="53">
        <firstname></firstname>
        <lastname></lastname>
        <address></address>
        <iban>GB89XRGY16235356983454</iban>
    </client>
    
    <client id="54">
        <firstname></firstname>
        <lastname></lastname>
        <address>74 Daniel lock Jonesmouth E7 2EU</address>
        <iban></iban>
    </client>
    
    <client id="55">
        <firstname></firstname>
        <lastname></lastname>
        <address></address>
        <iban>GB67LAMD31104050314611</iban>
    </client>
    
    <client id="56">
        <firstname></firstname>
        <lastname></lastname>
        <address></address>
        <iban>GB10WDNM09738412182627</iban>
    </client>
    
    <client id="57">
        <firstname></firstname>
        <lastname></lastname>
        <address></address>
        <iban></iban>
    </client>
    
    <client id="58">
        <firstname></firstname>
        <lastname></lastname>
        <address></address>
        <iban>GB13IBXC03784760036835</iban>
    </client>
    
    <client id="59">
        <firstname></firstname>
        <lastname></lastname>
        <address></address>
        <iban></iban>
    </client>
    
    <client id="60">
        <firstname></firstname>
        <lastname></lastname>
        <address></address>
        <iban>GB28WTXL99143861842937</iban>
    </client>
    
    <client id="61">
        <firstname></firstname>
        <lastname></lastname>
        <address></address>
        <iban></iban>
    </client>
    
    <client id="62">
        <firstname></firstname>
        <lastname></lastname>
        <address></address>
        <iban></iban>
    </client>
    
    <client id="63">
        <firstname></firstname>
        <lastname></lastname>
        <address>0 Cox walk Thompsonmouth B1T 7PH</address>
        <iban></iban>
    </client>
    
    <client id="64">
        <firstname></firstname>
        <lastname></lastname>
        <address></address>
        <iban></iban>
    </client>
    
    <client id="65">
        <firstname></firstname>
        <lastname></lastname>
        <address></address>
        <iban></iban>
    </client>
    
    <client id="66">
        <firstname></firstname>
        <lastname>Pearson</lastname>
        <address></address>
        <iban></iban>
    </client>
    
    <client id="67">
        <firstname></firstname>
        <lastname></lastname>
        <address></address>
        <iban></iban>
    </client>
    
    <client id="68">
        <firstname></firstname>
        <lastname></lastname>
        <address>24 Carole island West Eileenchester M19 2XP</address>
        <iban></iban>
    </client>
    
    <client id="69">
        <firstname></firstname>
        <lastname></lastname>
        <address>Flat 27 Howard vista Mistryview G3T 5WY</address>
        <iban></iban>
    </client>
    
    <client id="70">
        <firstname></firstname>
        <lastname></lastname>
        <address></address>
        <iban>GB36CHJO13364613426592</iban>
    </client>
    
    <client id="71">
        <firstname></firstname>
        <lastname></lastname>
        <address></address>
        <iban></iban>
    </client>
    
    <client id="72">
        <firstname></firstname>
        <lastname>Goodwin</lastname>
        <address></address>
        <iban></iban>
    </client>
    
    <client id="73">
        <firstname></firstname>
        <lastname>Glover</lastname>
        <address></address>
        <iban></iban>
    </client>
    
    <client id="74">
        <firstname></firstname>
        <lastname></lastname>
        <address></address>
        <iban>GB93IGXN76733683834004</iban>
    </client>
    
    <client id="75">
        <firstname>Andrea</firstname>
        <lastname></lastname>
        <address></address>
        <iban></iban>
    </client>
    
    <client id="76">
        <firstname></firstname>
        <lastname>Macdonald</lastname>
        <address></address>
        <iban></iban>
    </client>
    
    <client id="77">
        <firstname>Marc</firstname>
        <lastname></lastname>
        <address></address>
        <iban></iban>
    </client>
    
    <client id="78">
        <firstname></firstname>
        <lastname></lastname>
        <address>017 Stanley flat Lewisstad S4 5NS</address>
        <iban></iban>
    </client>
    
    <client id="79">
        <firstname>Samuel</firstname>
        <lastname></lastname>
        <address></address>
        <iban></iban>
    </client>
    
    <client id="80">
        <firstname></firstname>
        <lastname></lastname>
        <address></address>
        <iban>GB81TUBU10246075037469</iban>
    </client>
    
    <client id="81">
        <firstname>Lauren</firstname>
        <lastname></lastname>
        <address></address>
        <iban></iban>
    </client>
    
    <client id="82">
        <firstname></firstname>
        <lastname>Baxter</lastname>
        <address></address>
        <iban></iban>
    </client>
    
    <client id="83">
        <firstname>Adam</firstname>
        <lastname></lastname>
        <address></address>
        <iban></iban>
    </client>
    
    <client id="84">
        <firstname></firstname>
        <lastname>Hayes</lastname>
        <address></address>
        <iban></iban>
    </client>
    
    <client id="85">
        <firstname></firstname>
        <lastname>Hutchinson</lastname>
        <address></address>
        <iban></iban>
    </client>
    
    <client id="86">
        <firstname></firstname>
        <lastname>Harper</lastname>
        <address></address>
        <iban></iban>
    </client>
    
    <client id="87">
        <firstname>Marion</firstname>
        <lastname></lastname>
        <address></address>
        <iban></iban>
    </client>
    
    <client id="88">
        <firstname></firstname>
        <lastname></lastname>
        <address>Studio 68T Hawkins stream Quinnshire N25 2DA</address>
        <iban></iban>
    </client>
    
    <client id="89">
        <firstname></firstname>
        <lastname>Humphries</lastname>
        <address></address>
        <iban></iban>
    </client>
    
    <client id="90">
        <firstname></firstname>
        <lastname></lastname>
        <address></address>
        <iban>GB10PLZH03527848358554</iban>
    </client>
    
    <client id="91">
        <firstname>Barbara</firstname>
        <lastname></lastname>
        <address></address>
        <iban></iban>
    </client>
    
    <client id="92">
        <firstname></firstname>
        <lastname></lastname>
        <address>Studio 2 Burton manors West Billyville EN3H 2HT</address>
        <iban></iban>
    </client>
    
    <client id="93">
        <firstname></firstname>
        <lastname></lastname>
        <address></address>
        <iban></iban>
    </client>
    
    <client id="94">
        <firstname></firstname>
        <lastname></lastname>
        <address></address>
        <iban></iban>
    </client>
    
    <client id="95">
        <firstname></firstname>
        <lastname></lastname>
        <address></address>
        <iban>GB05ZEWB55730244766263</iban>
    </client>
    
    <client id="96">
        <firstname>Leon</firstname>
        <lastname></lastname>
        <address></address>
        <iban></iban>
    </client>
    
    <client id="97">
        <firstname></firstname>
        <lastname>Thompson</lastname>
        <address></address>
        <iban></iban>
    </client>
    
    <client id="98">
        <firstname></firstname>
        <lastname></lastname>
        <address></address>
        <iban></iban>
    </client>
    
    <client id="99">
        <firstname></firstname>
        <lastname></lastname>
        <address></address>
        <iban>GB04HELD66583669643095</iban>
    </client>
    
    <client id="100">
        <firstname></firstname>
        <lastname>Wright</lastname>
        <address></address>
        <iban></iban>
    </client>
    
    <client id="101">
        <firstname>Frank</firstname>
        <lastname></lastname>
        <address></address>
        <iban></iban>
    </client>
    
    <client id="102">
        <firstname></firstname>
        <lastname></lastname>
        <address></address>
        <iban>GB40APCP49038320624144</iban>
    </client>
    
    <client id="103">
        <firstname>Lindsey</firstname>
        <lastname></lastname>
        <address></address>
        <iban></iban>
    </client>
    
    <client id="104">
        <firstname></firstname>
        <lastname></lastname>
        <address>4 Higgins loop South Mollyville E4A 6HU</address>
        <iban></iban>
    </client>
    
    <client id="105">
        <firstname></firstname>
        <lastname></lastname>
        <address></address>
        <iban>GB35MMYH39636482565111</iban>
    </client>
    
    <client id="106">
        <firstname></firstname>
        <lastname>Grant</lastname>
        <address></address>
        <iban></iban>
    </client>
    
    <client id="107">
        <firstname></firstname>
        <lastname>Lane</lastname>
        <address></address>
        <iban></iban>
    </client>
    
    <client id="108">
        <firstname></firstname>
        <lastname>Boyle</lastname>
        <address></address>
        <iban></iban>
    </client>
    
    <client id="109">
        <firstname></firstname>
        <lastname>Walker</lastname>
        <address></address>
        <iban></iban>
    </client>
    
    <client id="110">
        <firstname></firstname>
        <lastname></lastname>
        <address></address>
        <iban></iban>
    </client>
    
    <client id="111">
        <firstname>Oliver</firstname>
        <lastname></lastname>
        <address></address>
        <iban></iban>
    </client>
    
    <client id="112">
        <firstname></firstname>
        <lastname>Cox</lastname>
        <address></address>
        <iban></iban>
    </client>
    
    <client id="113">
        <firstname></firstname>
        <lastname>Bentley</lastname>
        <address></address>
        <iban></iban>
    </client>
    
    <client id="114">
        <firstname></firstname>
        <lastname></lastname>
        <address></address>
        <iban></iban>
    </client>
    
    <client id="115">
        <firstname></firstname>
        <lastname></lastname>
        <address></address>
        <iban></iban>
    </client>
    
    <client id="116">
        <firstname></firstname>
        <lastname></lastname>
        <address></address>
        <iban>GB95MAAE73314407118239</iban>
    </client>
    
    <client id="117">
        <firstname></firstname>
        <lastname></lastname>
        <address>Studio 0 Gray run Reesland N2 4ZX</address>
        <iban></iban>
    </client>
    
    <client id="118">
        <firstname></firstname>
        <lastname></lastname>
        <address></address>
        <iban></iban>
    </client>
    
    <client id="119">
        <firstname></firstname>
        <lastname></lastname>
        <address>Flat 24i Marsh alley East Kathleen HU2V 7BZ</address>
        <iban></iban>
    </client>
    
    <client id="120">
        <firstname>Charlie</firstname>
        <lastname></lastname>
        <address></address>
        <iban></iban>
    </client>
    
    <client id="121">
        <firstname></firstname>
        <lastname></lastname>
        <address></address>
        <iban></iban>
    </client>
    
    <client id="122">
        <firstname></firstname>
        <lastname></lastname>
        <address></address>
        <iban></iban>
    </client>
    
    <client id="123">
        <firstname></firstname>
        <lastname></lastname>
        <address>6 Jake center Ashleyberg W75 0EP</address>
        <iban></iban>
    </client>
    
    <client id="124">
        <firstname></firstname>
        <lastname></lastname>
        <address></address>
        <iban></iban>
    </client>
    
    <client id="125">
        <firstname>Conor</firstname>
        <lastname></lastname>
        <address></address>
        <iban></iban>
    </client>
    
    <client id="126">
        <firstname></firstname>
        <lastname></lastname>
        <address></address>
        <iban></iban>
    </client>
    
    <client id="127">
        <firstname></firstname>
        <lastname></lastname>
        <address></address>
        <iban></iban>
    </client>
    
    <client id="128">
        <firstname></firstname>
        <lastname></lastname>
        <address></address>
        <iban>GB65LDOB40585031222799</iban>
    </client>
    
    <client id="129">
        <firstname></firstname>
        <lastname></lastname>
        <address></address>
        <iban>GB70SXKM69921743988526</iban>
    </client>
    
    <client id="130">
        <firstname></firstname>
        <lastname></lastname>
        <address></address>
        <iban>GB26VUAD19014142043256</iban>
    </client>
    
    <client id="131">
        <firstname>Leanne</firstname>
        <lastname></lastname>
        <address></address>
        <iban></iban>
    </client>
    
    <client id="132">
        <firstname></firstname>
        <lastname></lastname>
        <address></address>
        <iban>GB57MUHM84941251997431</iban>
    </client>
    
    <client id="133">
        <firstname></firstname>
        <lastname></lastname>
        <address></address>
        <iban>GB85DNQL76673183169612</iban>
    </client>
    
    <client id="134">
        <firstname></firstname>
        <lastname></lastname>
        <address></address>
        <iban>GB25KJRC11770642452130</iban>
    </client>
    
    <client id="135">
        <firstname></firstname>
        <lastname></lastname>
        <address>Studio 16 Lynch shoal Lake Robinmouth DT6E 4EB</address>
        <iban></iban>
    </client>
    
    <client id="136">
        <firstname></firstname>
        <lastname></lastname>
        <address></address>
        <iban></iban>
    </client>
    
    <client id="137">
        <firstname></firstname>
        <lastname></lastname>
        <address></address>
        <iban></iban>
    </client>
    
    <client id="138">
        <firstname></firstname>
        <lastname></lastname>
        <address></address>
        <iban></iban>
    </client>
    
    <client id="139">
        <firstname></firstname>
        <lastname>Fleming</lastname>
        <address></address>
        <iban></iban>
    </client>
    
    <client id="140">
        <firstname></firstname>
        <lastname></lastname>
        <address></address>
        <iban>GB75MNDN61000898982075</iban>
    </client>
    
    <client id="141">
        <firstname></firstname>
        <lastname></lastname>
        <address></address>
        <iban></iban>
    </client>
    
    <client id="142">
        <firstname>Gavin</firstname>
        <lastname></lastname>
        <address></address>
        <iban></iban>
    </client>
    
    <client id="143">
        <firstname></firstname>
        <lastname></lastname>
        <address></address>
        <iban></iban>
    </client>
    
    <client id="144">
        <firstname></firstname>
        <lastname>White</lastname>
        <address></address>
        <iban></iban>
    </client>
    
    <client id="145">
        <firstname></firstname>
        <lastname></lastname>
        <address>649 Ball ridges Port Keithshire CM69 4JW</address>
        <iban></iban>
    </client>
    
    <client id="146">
        <firstname></firstname>
        <lastname>George</lastname>
        <address></address>
        <iban></iban>
    </client>
    
    <client id="147">
        <firstname></firstname>
        <lastname></lastname>
        <address></address>
        <iban>GB92IIPK29896824056641</iban>
    </client>
    
    <client id="148">
        <firstname></firstname>
        <lastname>Goddard</lastname>
        <address></address>
        <iban></iban>
    </client>
    
    <client id="149">
        <firstname></firstname>
        <lastname></lastname>
        <address>870 Webb centers Louisefurt EH54 2ZP</address>
        <iban></iban>
    </client>
    
    <client id="150">
        <firstname></firstname>
        <lastname>Bryan</lastname>
        <address></address>
        <iban></iban>
    </client>
    
    <client id="151">
        <firstname>Denise</firstname>
        <lastname></lastname>
        <address></address>
        <iban></iban>
    </client>
    
    <client id="152">
        <firstname></firstname>
        <lastname></lastname>
        <address>Flat 33 Hannah expressway Jamieview N4 0XF</address>
        <iban></iban>
    </client>
    
    <client id="153">
        <firstname>Hollie</firstname>
        <lastname></lastname>
        <address></address>
        <iban></iban>
    </client>
    
    <client id="154">
        <firstname></firstname>
        <lastname>Hunt</lastname>
        <address></address>
        <iban></iban>
    </client>
    
    <client id="155">
        <firstname></firstname>
        <lastname></lastname>
        <address></address>
        <iban>GB10RQRP00487805351588</iban>
    </client>
    
    <client id="156">
        <firstname></firstname>
        <lastname>Smith</lastname>
        <address></address>
        <iban></iban>
    </client>
    
    <client id="157">
        <firstname>Jake</firstname>
        <lastname></lastname>
        <address></address>
        <iban></iban>
    </client>
    
    <client id="158">
        <firstname></firstname>
        <lastname>Davey</lastname>
        <address></address>
        <iban></iban>
    </client>
    
    <client id="159">
        <firstname></firstname>
        <lastname></lastname>
        <address></address>
        <iban></iban>
    </client>
    
    <client id="160">
        <firstname></firstname>
        <lastname></lastname>
        <address></address>
        <iban></iban>
    </client>
    
    <client id="161">
        <firstname>Cheryl</firstname>
        <lastname></lastname>
        <address></address>
        <iban></iban>
    </client>
    
    <client id="162">
        <firstname></firstname>
        <lastname></lastname>
        <address></address>
        <iban>GB17ONRA96170608485096</iban>
    </client>
    
    <client id="163">
        <firstname></firstname>
        <lastname>Patel</lastname>
        <address></address>
        <iban></iban>
    </client>
    
    <client id="164">
        <firstname></firstname>
        <lastname>Davidson</lastname>
        <address></address>
        <iban></iban>
    </client>
    
    <client id="165">
        <firstname>Gordon</firstname>
        <lastname></lastname>
        <address></address>
        <iban></iban>
    </client>
    
    <client id="166">
        <firstname></firstname>
        <lastname></lastname>
        <address>574 Raymond walks Mossberg G0 4YJ</address>
        <iban></iban>
    </client>
    
    <client id="167">
        <firstname></firstname>
        <lastname>Matthews</lastname>
        <address></address>
        <iban></iban>
    </client>
    
    <client id="168">
        <firstname></firstname>
        <lastname></lastname>
        <address></address>
        <iban>GB29SMJT58613248791318</iban>
    </client>
    
    <client id="169">
        <firstname>Ruth</firstname>
        <lastname></lastname>
        <address></address>
        <iban></iban>
    </client>
    
    <client id="170">
        <firstname>Rita</firstname>
        <lastname></lastname>
        <address></address>
        <iban></iban>
    </client>
    
    <client id="171">
        <firstname></firstname>
        <lastname></lastname>
        <address></address>
        <iban>GB41AKAR03916513589207</iban>
    </client>
    
    <client id="172">
        <firstname></firstname>
        <lastname></lastname>
        <address>1 Damien viaduct East Donaldland CF7 4FE</address>
        <iban></iban>
    </client>
    
    <client id="173">
        <firstname>Gordon</firstname>
        <lastname></lastname>
        <address></address>
        <iban></iban>
    </client>
    
    <client id="174">
        <firstname></firstname>
        <lastname></lastname>
        <address></address>
        <iban></iban>
    </client>
    
    <client id="175">
        <firstname></firstname>
        <lastname></lastname>
        <address>Studio 9 Elliott estate North Nicolabury W0C 9HZ</address>
        <iban></iban>
    </client>
    
    <client id="176">
        <firstname></firstname>
        <lastname></lastname>
        <address></address>
        <iban>GB24QTEA56415126187976</iban>
    </client>
    
    <client id="177">
        <firstname>Joseph</firstname>
        <lastname></lastname>
        <address></address>
        <iban></iban>
    </client>
    
    <client id="178">
        <firstname>Francesca</firstname>
        <lastname></lastname>
        <address></address>
        <iban></iban>
    </client>
    
    <client id="179">
        <firstname></firstname>
        <lastname></lastname>
        <address></address>
        <iban>GB78ZXVV24115109599603</iban>
    </client>
    
    <client id="180">
        <firstname>Glenn</firstname>
        <lastname></lastname>
        <address></address>
        <iban></iban>
    </client>
    
    <client id="181">
        <firstname></firstname>
        <lastname>Shah</lastname>
        <address></address>
        <iban></iban>
    </client>
    
    <client id="182">
        <firstname></firstname>
        <lastname></lastname>
        <address></address>
        <iban></iban>
    </client>
    
    <client id="183">
        <firstname></firstname>
        <lastname></lastname>
        <address></address>
        <iban></iban>
    </client>
    
    <client id="184">
        <firstname></firstname>
        <lastname></lastname>
        <address>758 Frank unions Reedville TA77 8LR</address>
        <iban></iban>
    </client>
    
    <client id="185">
        <firstname></firstname>
        <lastname>Wood</lastname>
        <address></address>
        <iban></iban>
    </client>
    
    <client id="186">
        <firstname></firstname>
        <lastname></lastname>
        <address></address>
        <iban></iban>
    </client>
    
    <client id="187">
        <firstname></firstname>
        <lastname></lastname>
        <address></address>
        <iban></iban>
    </client>
    
    <client id="188">
        <firstname></firstname>
        <lastname></lastname>
        <address></address>
        <iban></iban>
    </client>
    
    <client id="189">
        <firstname></firstname>
        <lastname></lastname>
        <address></address>
        <iban>GB27MUTU00659716211172</iban>
    </client>
    
    <client id="190">
        <firstname></firstname>
        <lastname>Dunn</lastname>
        <address></address>
        <iban></iban>
    </client>
    
    <client id="191">
        <firstname></firstname>
        <lastname></lastname>
        <address></address>
        <iban></iban>
    </client>
    
    <client id="192">
        <firstname></firstname>
        <lastname></lastname>
        <address></address>
        <iban>GB33CEVU72123831390774</iban>
    </client>
    
    <client id="193">
        <firstname></firstname>
        <lastname></lastname>
        <address>17 Davies hills Lake Alan E3 2GQ</address>
        <iban></iban>
    </client>
    
    <client id="194">
        <firstname></firstname>
        <lastname></lastname>
        <address></address>
        <iban>GB48EHOW33053472252055</iban>
    </client>
    
    <client id="195">
        <firstname></firstname>
        <lastname>Johnson</lastname>
        <address></address>
        <iban></iban>
    </client>
    
    <client id="196">
        <firstname></firstname>
        <lastname></lastname>
        <address></address>
        <iban></iban>
    </client>
    
    <client id="197">
        <firstname>Georgina</firstname>
        <lastname></lastname>
        <address></address>
        <iban></iban>
    </client>
    
    <client id="198">
        <firstname>Reece</firstname>
        <lastname></lastname>
        <address></address>
        <iban></iban>
    </client>
    
    <client id="199">
        <firstname>Raymond</firstname>
        <lastname></lastname>
        <address></address>
        <iban></iban>
    </client>
    
    <client id="200">
        <firstname></firstname>
        <lastname>Skinner</lastname>
        <address></address>
        <iban></iban>
    </client>
    
    <client id="201">
        <firstname>Benjamin</firstname>
        <lastname></lastname>
        <address></address>
        <iban></iban>
    </client>
    
    <client id="202">
        <firstname></firstname>
        <lastname>Brown</lastname>
        <address></address>
        <iban></iban>
    </client>
    
    <client id="203">
        <firstname></firstname>
        <lastname></lastname>
        <address>006 Emily keys Ahmedchester PL19 8HL</address>
        <iban></iban>
    </client>
    
    <client id="204">
        <firstname></firstname>
        <lastname>Jones</lastname>
        <address></address>
        <iban></iban>
    </client>
    
    <client id="205">
        <firstname></firstname>
        <lastname></lastname>
        <address>81 Ross summit Port Emmafort CF1B 3XY</address>
        <iban></iban>
    </client>
    
    <client id="206">
        <firstname></firstname>
        <lastname></lastname>
        <address></address>
        <iban>GB75CEXW32614306247552</iban>
    </client>
    
    <client id="207">
        <firstname></firstname>
        <lastname></lastname>
        <address></address>
        <iban>GB60VJDI62174803913821</iban>
    </client>
    
    <client id="208">
        <firstname></firstname>
        <lastname></lastname>
        <address>Studio 27 Lydia run East Reece L3 4XD</address>
        <iban></iban>
    </client>
    
    <client id="209">
        <firstname></firstname>
        <lastname></lastname>
        <address>0 Jones squares Jeffreyborough G7C 4JD</address>
        <iban></iban>
    </client>
    
    <client id="210">
        <firstname>Alison</firstname>
        <lastname></lastname>
        <address></address>
        <iban></iban>
    </client>
    
    <client id="211">
        <firstname>Jayne</firstname>
        <lastname></lastname>
        <address></address>
        <iban></iban>
    </client>
    
    <client id="212">
        <firstname></firstname>
        <lastname></lastname>
        <address>Studio 83e Glover orchard South Terry DE0W 0EN</address>
        <iban></iban>
    </client>
    
    <client id="213">
        <firstname></firstname>
        <lastname>Burton</lastname>
        <address></address>
        <iban></iban>
    </client>
    
    <client id="214">
        <firstname></firstname>
        <lastname></lastname>
        <address>67 Ben underpass Port Carolyn BN7 7TG</address>
        <iban></iban>
    </client>
    
    <client id="215">
        <firstname></firstname>
        <lastname></lastname>
        <address></address>
        <iban></iban>
    </client>
    
    <client id="216">
        <firstname>Ashley</firstname>
        <lastname></lastname>
        <address></address>
        <iban></iban>
    </client>
    
    <client id="217">
        <firstname>Justin</firstname>
        <lastname></lastname>
        <address></address>
        <iban></iban>
    </client>
    
    <client id="218">
        <firstname></firstname>
        <lastname></lastname>
        <address></address>
        <iban></iban>
    </client>
    
    <client id="219">
        <firstname></firstname>
        <lastname></lastname>
        <address>Flat 99 Chloe neck West Katestad WS24 1GT</address>
        <iban></iban>
    </client>
    
    <client id="220">
        <firstname></firstname>
        <lastname></lastname>
        <address></address>
        <iban>GB86VWNW27925751793685</iban>
    </client>
    
    <client id="221">
        <firstname></firstname>
        <lastname></lastname>
        <address>3 Potter tunnel Lake Samueltown B18 5LG</address>
        <iban></iban>
    </client>
    
    <client id="222">
        <firstname></firstname>
        <lastname></lastname>
        <address></address>
        <iban>GB09IATZ85586968958130</iban>
    </client>
    
    <client id="223">
        <firstname></firstname>
        <lastname></lastname>
        <address></address>
        <iban></iban>
    </client>
    
    <client id="224">
        <firstname></firstname>
        <lastname></lastname>
        <address></address>
        <iban>GB71NIZL27960698738053</iban>
    </client>
    
    <client id="225">
        <firstname></firstname>
        <lastname></lastname>
        <address></address>
        <iban>GB57SSPL15374392866754</iban>
    </client>
    
    <client id="226">
        <firstname></firstname>
        <lastname></lastname>
        <address></address>
        <iban></iban>
    </client>
    
    <client id="227">
        <firstname></firstname>
        <lastname></lastname>
        <address></address>
        <iban>GB42GCRI65531928935707</iban>
    </client>
    
    <client id="228">
        <firstname></firstname>
        <lastname></lastname>
        <address></address>
        <iban></iban>
    </client>
    
    <client id="229">
        <firstname></firstname>
        <lastname></lastname>
        <address></address>
        <iban></iban>
    </client>
    
    <client id="230">
        <firstname>Anna</firstname>
        <lastname></lastname>
        <address></address>
        <iban></iban>
    </client>
    
    <client id="231">
        <firstname></firstname>
        <lastname></lastname>
        <address></address>
        <iban>GB71HYAQ55299933764527</iban>
    </client>
    
    <client id="232">
        <firstname></firstname>
        <lastname></lastname>
        <address></address>
        <iban></iban>
    </client>
    
    <client id="233">
        <firstname>Patrick</firstname>
        <lastname></lastname>
        <address></address>
        <iban></iban>
    </client>
    
    <client id="234">
        <firstname></firstname>
        <lastname></lastname>
        <address>Studio 62m Christopher forest Port Henry W7 2HP</address>
        <iban></iban>
    </client>
    
    <client id="235">
        <firstname></firstname>
        <lastname>Moore</lastname>
        <address></address>
        <iban></iban>
    </client>
    
    <client id="236">
        <firstname></firstname>
        <lastname></lastname>
        <address>Flat 94 Denis fords Leeton E7 8RY</address>
        <iban></iban>
    </client>
    
    <client id="237">
        <firstname></firstname>
        <lastname></lastname>
        <address>6 Gibson manor Susanmouth S8 4UD</address>
        <iban></iban>
    </client>
    
    <client id="238">
        <firstname></firstname>
        <lastname></lastname>
        <address>9 Mandy extension Ruthhaven GY9W 7RH</address>
        <iban></iban>
    </client>
    
    <client id="239">
        <firstname></firstname>
        <lastname></lastname>
        <address></address>
        <iban></iban>
    </client>
    
    <client id="240">
        <firstname></firstname>
        <lastname></lastname>
        <address></address>
        <iban>GB47GRXH54242413147324</iban>
    </client>
    
    <client id="241">
        <firstname></firstname>
        <lastname>Hopkins</lastname>
        <address></address>
        <iban></iban>
    </client>
    
    <client id="242">
        <firstname></firstname>
        <lastname></lastname>
        <address></address>
        <iban>GB57PNPZ18424384867855</iban>
    </client>
    
    <client id="243">
        <firstname></firstname>
        <lastname></lastname>
        <address></address>
        <iban>GB58CHEW47573088792485</iban>
    </client>
    
    <client id="244">
        <firstname>Mohammad</firstname>
        <lastname></lastname>
        <address></address>
        <iban></iban>
    </client>
    
    <client id="245">
        <firstname></firstname>
        <lastname></lastname>
        <address></address>
        <iban>GB36USQO57310997157150</iban>
    </client>
    
    <client id="246">
        <firstname></firstname>
        <lastname></lastname>
        <address></address>
        <iban></iban>
    </client>
    
    <client id="247">
        <firstname></firstname>
        <lastname></lastname>
        <address></address>
        <iban></iban>
    </client>
    
    <client id="248">
        <firstname></firstname>
        <lastname>Lewis</lastname>
        <address></address>
        <iban></iban>
    </client>
    
    <client id="249">
        <firstname></firstname>
        <lastname></lastname>
        <address></address>
        <iban></iban>
    </client>
    
    <client id="250">
        <firstname></firstname>
        <lastname></lastname>
        <address></address>
        <iban></iban>
    </client>
    
    <client id="251">
        <firstname></firstname>
        <lastname></lastname>
        <address></address>
        <iban></iban>
    </client>
    
    <client id="252">
        <firstname>Diane</firstname>
        <lastname></lastname>
        <address></address>
        <iban></iban>
    </client>
    
    <client id="253">
        <firstname></firstname>
        <lastname>Robinson</lastname>
        <address></address>
        <iban></iban>
    </client>
    
    <client id="254">
        <firstname>Jamie</firstname>
        <lastname></lastname>
        <address></address>
        <iban></iban>
    </client>
    
    <client id="255">
        <firstname></firstname>
        <lastname></lastname>
        <address></address>
        <iban>GB18YRQF96715696437954</iban>
    </client>
    
    <client id="256">
        <firstname></firstname>
        <lastname></lastname>
        <address></address>
        <iban></iban>
    </client>
    
    <client id="257">
        <firstname></firstname>
        <lastname></lastname>
        <address>50 Hazel terrace Lake Teresa TD75 0GY</address>
        <iban></iban>
    </client>
    
    <client id="258">
        <firstname></firstname>
        <lastname></lastname>
        <address></address>
        <iban></iban>
    </client>
    
    <client id="259">
        <firstname></firstname>
        <lastname>Kelly</lastname>
        <address></address>
        <iban></iban>
    </client>
    
    <client id="260">
        <firstname></firstname>
        <lastname></lastname>
        <address></address>
        <iban>GB61QZAU94401426701016</iban>
    </client>
    
    <client id="261">
        <firstname>Liam</firstname>
        <lastname></lastname>
        <address></address>
        <iban></iban>
    </client>
    
    <client id="262">
        <firstname></firstname>
        <lastname>Farmer</lastname>
        <address></address>
        <iban></iban>
    </client>
    
    <client id="263">
        <firstname></firstname>
        <lastname>Doyle</lastname>
        <address></address>
        <iban></iban>
    </client>
    
    <client id="264">
        <firstname></firstname>
        <lastname>Bull</lastname>
        <address></address>
        <iban></iban>
    </client>
    
    <client id="265">
        <firstname></firstname>
        <lastname></lastname>
        <address></address>
        <iban>GB21HWXO65416598737036</iban>
    </client>
    
    <client id="266">
        <firstname></firstname>
        <lastname></lastname>
        <address>Studio 16 John greens Staceyport S9 6AF</address>
        <iban></iban>
    </client>
    
    <client id="267">
        <firstname></firstname>
        <lastname>James</lastname>
        <address></address>
        <iban></iban>
    </client>
    
    <client id="268">
        <firstname>Simon</firstname>
        <lastname></lastname>
        <address></address>
        <iban></iban>
    </client>
    
    <client id="269">
        <firstname></firstname>
        <lastname></lastname>
        <address></address>
        <iban>GB06PCPZ36795706274759</iban>
    </client>
    
    <client id="270">
        <firstname></firstname>
        <lastname></lastname>
        <address>083 Moore well Port Keithburgh B6 4UE</address>
        <iban></iban>
    </client>
    
    <client id="271">
        <firstname></firstname>
        <lastname>Rhodes</lastname>
        <address></address>
        <iban></iban>
    </client>
    
    <client id="272">
        <firstname>Bruce</firstname>
        <lastname></lastname>
        <address></address>
        <iban></iban>
    </client>
    
    <client id="273">
        <firstname></firstname>
        <lastname></lastname>
        <address></address>
        <iban></iban>
    </client>
    
    <client id="274">
        <firstname></firstname>
        <lastname></lastname>
        <address></address>
        <iban></iban>
    </client>
    
    <client id="275">
        <firstname></firstname>
        <lastname>Thompson</lastname>
        <address></address>
        <iban></iban>
    </client>
    
    <client id="276">
        <firstname></firstname>
        <lastname></lastname>
        <address></address>
        <iban></iban>
    </client>
    
    <client id="277">
        <firstname></firstname>
        <lastname></lastname>
        <address></address>
        <iban>GB68CWAV23173290475764</iban>
    </client>
    
    <client id="278">
        <firstname></firstname>
        <lastname></lastname>
        <address></address>
        <iban>GB07EMTW87775974762196</iban>
    </client>
    
    <client id="279">
        <firstname></firstname>
        <lastname></lastname>
        <address></address>
        <iban></iban>
    </client>
    
    <client id="280">
        <firstname></firstname>
        <lastname></lastname>
        <address>950 Conor estates New Liamhaven OL4R 0TR</address>
        <iban></iban>
    </client>
    
    <client id="281">
        <firstname></firstname>
        <lastname></lastname>
        <address></address>
        <iban>GB31UHXU65784651015754</iban>
    </client>
    
    <client id="282">
        <firstname></firstname>
        <lastname></lastname>
        <address>49 O'Neill light Gordonport E7 8RB</address>
        <iban></iban>
    </client>
    
    <client id="283">
        <firstname>Max</firstname>
        <lastname></lastname>
        <address></address>
        <iban></iban>
    </client>
    
    <client id="284">
        <firstname></firstname>
        <lastname></lastname>
        <address></address>
        <iban></iban>
    </client>
    
    <client id="285">
        <firstname></firstname>
        <lastname>Bennett</lastname>
        <address></address>
        <iban></iban>
    </client>
    
    <client id="286">
        <firstname></firstname>
        <lastname>Morris</lastname>
        <address></address>
        <iban></iban>
    </client>
    
    <client id="287">
        <firstname></firstname>
        <lastname>Morris</lastname>
        <address></address>
        <iban></iban>
    </client>
    
    <client id="288">
        <firstname></firstname>
        <lastname></lastname>
        <address></address>
        <iban>GB97NRNB07423944470150</iban>
    </client>
    
    <client id="289">
        <firstname></firstname>
        <lastname>Spencer</lastname>
        <address></address>
        <iban></iban>
    </client>
    
    <client id="290">
        <firstname></firstname>
        <lastname>Saunders</lastname>
        <address></address>
        <iban></iban>
    </client>
    
    <client id="291">
        <firstname></firstname>
        <lastname>Harris</lastname>
        <address></address>
        <iban></iban>
    </client>
    
    <client id="292">
        <firstname></firstname>
        <lastname></lastname>
        <address></address>
        <iban></iban>
    </client>
    
    <client id="293">
        <firstname></firstname>
        <lastname></lastname>
        <address>34 Bruce squares Northshire BA3A 2HZ</address>
        <iban></iban>
    </client>
    
    <client id="294">
        <firstname></firstname>
        <lastname>Wilson</lastname>
        <address></address>
        <iban></iban>
    </client>
    
    <client id="295">
        <firstname></firstname>
        <lastname></lastname>
        <address></address>
        <iban></iban>
    </client>
    
    <client id="296">
        <firstname></firstname>
        <lastname>Roberts</lastname>
        <address></address>
        <iban></iban>
    </client>
    
    <client id="297">
        <firstname></firstname>
        <lastname>Wilson</lastname>
        <address></address>
        <iban></iban>
    </client>
    
    <client id="298">
        <firstname></firstname>
        <lastname>Owens</lastname>
        <address></address>
        <iban></iban>
    </client>
    
    <client id="299">
        <firstname></firstname>
        <lastname></lastname>
        <address>297 Ryan curve East William W2F 2HS</address>
        <iban></iban>
    </client>
    
    <client id="300">
        <firstname>Christian</firstname>
        <lastname></lastname>
        <address></address>
        <iban></iban>
    </client>
    
    <client id="301">
        <firstname></firstname>
        <lastname></lastname>
        <address></address>
        <iban>GB66ZYUT58746696472819</iban>
    </client>
    
    <client id="302">
        <firstname></firstname>
        <lastname>Parkinson</lastname>
        <address></address>
        <iban></iban>
    </client>
    
    <client id="303">
        <firstname></firstname>
        <lastname></lastname>
        <address></address>
        <iban>GB49JZFC66821621961274</iban>
    </client>
    
    <client id="304">
        <firstname></firstname>
        <lastname></lastname>
        <address>Flat 10 Beth dam North Julieview B4J 4AH</address>
        <iban></iban>
    </client>
    
    <client id="305">
        <firstname></firstname>
        <lastname>Scott</lastname>
        <address></address>
        <iban></iban>
    </client>
    
    <client id="306">
        <firstname></firstname>
        <lastname>Lowe</lastname>
        <address></address>
        <iban></iban>
    </client>
    
    <client id="307">
        <firstname></firstname>
        <lastname></lastname>
        <address></address>
        <iban>GB74RRYL50380726290249</iban>
    </client>
    
    <client id="308">
        <firstname></firstname>
        <lastname></lastname>
        <address></address>
        <iban>GB42YUUQ15991948670375</iban>
    </client>
    
    <client id="309">
        <firstname></firstname>
        <lastname>Marshall</lastname>
        <address></address>
        <iban></iban>
    </client>
    
    <client id="310">
        <firstname></firstname>
        <lastname></lastname>
        <address>5 Taylor plaza Wrighthaven S58 1AA</address>
        <iban></iban>
    </client>
    
    <client id="311">
        <firstname></firstname>
        <lastname>Sinclair</lastname>
        <address></address>
        <iban></iban>
    </client>
    
    <client id="312">
        <firstname></firstname>
        <lastname>Wong</lastname>
        <address></address>
        <iban></iban>
    </client>
    
    <client id="313">
        <firstname></firstname>
        <lastname></lastname>
        <address></address>
        <iban></iban>
    </client>
    
    <client id="314">
        <firstname></firstname>
        <lastname></lastname>
        <address></address>
        <iban>GB35CZVZ93773067285299</iban>
    </client>
    
    <client id="315">
        <firstname></firstname>
        <lastname></lastname>
        <address>Studio 22Z Abdul plains Port Stuart B4 1HR</address>
        <iban></iban>
    </client>
    
    <client id="316">
        <firstname></firstname>
        <lastname></lastname>
        <address></address>
        <iban></iban>
    </client>
    
    <client id="317">
        <firstname></firstname>
        <lastname></lastname>
        <address>Studio 1 Mitchell squares South Derek LD1W 4QZ</address>
        <iban></iban>
    </client>
    
    <client id="318">
        <firstname></firstname>
        <lastname></lastname>
        <address></address>
        <iban></iban>
    </client>
    
    <client id="319">
        <firstname></firstname>
        <lastname></lastname>
        <address>Studio 83c Christian trail East Keithmouth E0H 5NP</address>
        <iban></iban>
    </client>
    
    <client id="320">
        <firstname>Adam</firstname>
        <lastname></lastname>
        <address></address>
        <iban></iban>
    </client>
    
    <client id="321">
        <firstname></firstname>
        <lastname>Morgan</lastname>
        <address></address>
        <iban></iban>
    </client>
    
    <client id="322">
        <firstname></firstname>
        <lastname></lastname>
        <address></address>
        <iban>GB44OTLN36494759481366</iban>
    </client>
    
    <client id="323">
        <firstname></firstname>
        <lastname></lastname>
        <address></address>
        <iban>GB53SRTR20359980991771</iban>
    </client>
    
    <client id="324">
        <firstname>Rita</firstname>
        <lastname></lastname>
        <address></address>
        <iban></iban>
    </client>
    
    <client id="325">
        <firstname></firstname>
        <lastname></lastname>
        <address></address>
        <iban></iban>
    </client>
    
    <client id="326">
        <firstname></firstname>
        <lastname></lastname>
        <address>06 Mark villages Taylorburgh E1H 9QT</address>
        <iban></iban>
    </client>
    
    <client id="327">
        <firstname>Joan</firstname>
        <lastname></lastname>
        <address></address>
        <iban></iban>
    </client>
    
    <client id="328">
        <firstname></firstname>
        <lastname></lastname>
        <address>Flat 07 Katy orchard Shanefurt OL22 6XJ</address>
        <iban></iban>
    </client>
    
    <client id="329">
        <firstname></firstname>
        <lastname></lastname>
        <address>Studio 55Q Gerard trace Kingborough WR1X 9HB</address>
        <iban></iban>
    </client>
    
    <client id="330">
        <firstname>Jay</firstname>
        <lastname></lastname>
        <address></address>
        <iban></iban>
    </client>
    
    <client id="331">
        <firstname>Paul</firstname>
        <lastname></lastname>
        <address></address>
        <iban></iban>
    </client>
    
    <client id="332">
        <firstname></firstname>
        <lastname></lastname>
        <address></address>
        <iban>GB34ARJU57286291014120</iban>
    </client>
    
    <client id="333">
        <firstname>Christopher</firstname>
        <lastname></lastname>
        <address></address>
        <iban></iban>
    </client>
    
    <client id="334">
        <firstname></firstname>
        <lastname></lastname>
        <address>2 Jessica stream Lake Mohamed M58 3RT</address>
        <iban></iban>
    </client>
    
    <client id="335">
        <firstname></firstname>
        <lastname>Lane</lastname>
        <address></address>
        <iban></iban>
    </client>
    
    <client id="336">
        <firstname></firstname>
        <lastname></lastname>
        <address>9 Slater streets Lucyborough B0F 0FJ</address>
        <iban></iban>
    </client>
    
    <client id="337">
        <firstname></firstname>
        <lastname></lastname>
        <address></address>
        <iban></iban>
    </client>
    
    <client id="338">
        <firstname></firstname>
        <lastname></lastname>
        <address>8 Stuart cape Bryanfurt G63 5DA</address>
        <iban></iban>
    </client>
    
    <client id="339">
        <firstname></firstname>
        <lastname>Bennett</lastname>
        <address></address>
        <iban></iban>
    </client>
    
    <client id="340">
        <firstname></firstname>
        <lastname></lastname>
        <address>19 Davies key Heathhaven M88 4BB</address>
        <iban></iban>
    </client>
    
    <client id="341">
        <firstname></firstname>
        <lastname></lastname>
        <address>Studio 0 Bird fort East Jay LE4P 4AE</address>
        <iban></iban>
    </client>
    
    <client id="342">
        <firstname></firstname>
        <lastname></lastname>
        <address></address>
        <iban></iban>
    </client>
    
    <client id="343">
        <firstname></firstname>
        <lastname></lastname>
        <address></address>
        <iban></iban>
    </client>
    
    <client id="344">
        <firstname></firstname>
        <lastname></lastname>
        <address>90 Cameron parks South Fionatown FY45 7FN</address>
        <iban></iban>
    </client>
    
    <client id="345">
        <firstname></firstname>
        <lastname></lastname>
        <address></address>
        <iban></iban>
    </client>
    
    <client id="346">
        <firstname></firstname>
        <lastname></lastname>
        <address></address>
        <iban></iban>
    </client>
    
    <client id="347">
        <firstname></firstname>
        <lastname></lastname>
        <address>Studio 12 Lee street East Benjaminside WR48 3DA</address>
        <iban></iban>
    </client>
    
    <client id="348">
        <firstname></firstname>
        <lastname></lastname>
        <address>7 Kathleen parkways Douglasview CB47 1RU</address>
        <iban></iban>
    </client>
    
    <client id="349">
        <firstname></firstname>
        <lastname></lastname>
        <address>Flat 70W Donna rest Fordfort S08 1EZ</address>
        <iban></iban>
    </client>
    
    <client id="350">
        <firstname>Natalie</firstname>
        <lastname></lastname>
        <address></address>
        <iban></iban>
    </client>
    
    <client id="351">
        <firstname></firstname>
        <lastname></lastname>
        <address></address>
        <iban>GB74RPRX14595972481676</iban>
    </client>
    
    <client id="352">
        <firstname></firstname>
        <lastname></lastname>
        <address></address>
        <iban>GB66YVMI69920772333606</iban>
    </client>
    
    <client id="353">
        <firstname></firstname>
        <lastname></lastname>
        <address></address>
        <iban>GB91RECF87873232123190</iban>
    </client>
    
    <client id="354">
        <firstname></firstname>
        <lastname>Walker</lastname>
        <address></address>
        <iban></iban>
    </client>
    
    <client id="355">
        <firstname></firstname>
        <lastname></lastname>
        <address></address>
        <iban>GB10FOSM30063937313300</iban>
    </client>
    
    <client id="356">
        <firstname></firstname>
        <lastname>Hawkins</lastname>
        <address></address>
        <iban></iban>
    </client>
    
    <client id="357">
        <firstname></firstname>
        <lastname></lastname>
        <address></address>
        <iban></iban>
    </client>
    
    <client id="358">
        <firstname>Teresa</firstname>
        <lastname></lastname>
        <address></address>
        <iban></iban>
    </client>
    
    <client id="359">
        <firstname></firstname>
        <lastname></lastname>
        <address></address>
        <iban></iban>
    </client>
    
    <client id="360">
        <firstname></firstname>
        <lastname></lastname>
        <address>060 Alice landing Alexandrachester L2 0QF</address>
        <iban></iban>
    </client>
    
    <client id="361">
        <firstname>Toby</firstname>
        <lastname></lastname>
        <address></address>
        <iban></iban>
    </client>
    
    <client id="362">
        <firstname></firstname>
        <lastname>Young</lastname>
        <address></address>
        <iban></iban>
    </client>
    
    <client id="363">
        <firstname></firstname>
        <lastname></lastname>
        <address></address>
        <iban></iban>
    </client>
    
    <client id="364">
        <firstname></firstname>
        <lastname></lastname>
        <address>4 Kelly branch Lynnstad W7S 0US</address>
        <iban></iban>
    </client>
    
    <client id="365">
        <firstname></firstname>
        <lastname></lastname>
        <address></address>
        <iban></iban>
    </client>
    
    <client id="366">
        <firstname></firstname>
        <lastname></lastname>
        <address></address>
        <iban>GB88OYTH38814966132224</iban>
    </client>
    
    <client id="367">
        <firstname>Pamela</firstname>
        <lastname></lastname>
        <address></address>
        <iban></iban>
    </client>
    
    <client id="368">
        <firstname></firstname>
        <lastname></lastname>
        <address></address>
        <iban>GB53RUPW56847311174879</iban>
    </client>
    
    <client id="369">
        <firstname></firstname>
        <lastname></lastname>
        <address></address>
        <iban>GB59QOBS28215133194549</iban>
    </client>
    
    <client id="370">
        <firstname></firstname>
        <lastname>Birch</lastname>
        <address></address>
        <iban></iban>
    </client>
    
    <client id="371">
        <firstname></firstname>
        <lastname></lastname>
        <address></address>
        <iban>GB29REVV62506763205867</iban>
    </client>
    
    <client id="372">
        <firstname></firstname>
        <lastname></lastname>
        <address>Studio 9 Guy fields North Mathew W32 7NR</address>
        <iban></iban>
    </client>
    
    <client id="373">
        <firstname></firstname>
        <lastname></lastname>
        <address></address>
        <iban></iban>
    </client>
    
    <client id="374">
        <firstname>Andrew</firstname>
        <lastname></lastname>
        <address></address>
        <iban></iban>
    </client>
    
    <client id="375">
        <firstname></firstname>
        <lastname></lastname>
        <address></address>
        <iban></iban>
    </client>
    
    <client id="376">
        <firstname></firstname>
        <lastname></lastname>
        <address></address>
        <iban>GB12HMPJ60979113626352</iban>
    </client>
    
    <client id="377">
        <firstname>Neil</firstname>
        <lastname></lastname>
        <address></address>
        <iban></iban>
    </client>
    
    <client id="378">
        <firstname></firstname>
        <lastname></lastname>
        <address>484 Janet flats Port Victormouth NN30 2EE</address>
        <iban></iban>
    </client>
    
    <client id="379">
        <firstname>Marian</firstname>
        <lastname></lastname>
        <address></address>
        <iban></iban>
    </client>
    
    <client id="380">
        <firstname></firstname>
        <lastname></lastname>
        <address></address>
        <iban>GB63DEFQ97904483948361</iban>
    </client>
    
    <client id="381">
        <firstname></firstname>
        <lastname></lastname>
        <address></address>
        <iban></iban>
    </client>
    
    <client id="382">
        <firstname></firstname>
        <lastname></lastname>
        <address></address>
        <iban></iban>
    </client>
    
    <client id="383">
        <firstname></firstname>
        <lastname></lastname>
        <address>Studio 18S Jean common Smithfort SP53 7UQ</address>
        <iban></iban>
    </client>
    
    <client id="384">
        <firstname></firstname>
        <lastname></lastname>
        <address>Flat 60 Joyce loaf North Patrick L38 6PG</address>
        <iban></iban>
    </client>
    
    <client id="385">
        <firstname></firstname>
        <lastname>Brown</lastname>
        <address></address>
        <iban></iban>
    </client>
    
    <client id="386">
        <firstname></firstname>
        <lastname></lastname>
        <address></address>
        <iban></iban>
    </client>
    
    <client id="387">
        <firstname></firstname>
        <lastname>Morgan</lastname>
        <address></address>
        <iban></iban>
    </client>
    
    <client id="388">
        <firstname></firstname>
        <lastname></lastname>
        <address></address>
        <iban></iban>
    </client>
    
    <client id="389">
        <firstname></firstname>
        <lastname>Parkinson</lastname>
        <address></address>
        <iban></iban>
    </client>
    
    <client id="390">
        <firstname></firstname>
        <lastname></lastname>
        <address></address>
        <iban></iban>
    </client>
    
    <client id="391">
        <firstname></firstname>
        <lastname></lastname>
        <address>1 Gibson summit Edwardchester GU3A 3SH</address>
        <iban></iban>
    </client>
    
    <client id="392">
        <firstname></firstname>
        <lastname></lastname>
        <address></address>
        <iban>GB90JCMW20072794805219</iban>
    </client>
    
    <client id="393">
        <firstname></firstname>
        <lastname></lastname>
        <address></address>
        <iban></iban>
    </client>
    
    <client id="394">
        <firstname></firstname>
        <lastname></lastname>
        <address></address>
        <iban>GB42BYFS85047726276626</iban>
    </client>
    
    <client id="395">
        <firstname>Kevin</firstname>
        <lastname></lastname>
        <address></address>
        <iban></iban>
    </client>
    
    <client id="396">
        <firstname></firstname>
        <lastname></lastname>
        <address></address>
        <iban></iban>
    </client>
    
    <client id="397">
        <firstname></firstname>
        <lastname></lastname>
        <address></address>
        <iban>GB20JBLO12329656359249</iban>
    </client>
    
    <client id="398">
        <firstname></firstname>
        <lastname>Evans</lastname>
        <address></address>
        <iban></iban>
    </client>
    
</clients>
