timezone,hostname,iso8601,random_number,time,latitude,bank_country,city,company,file_name,language_code,pricetag,country,language_name,date,mac_address,longitude,date_time
Africa/Tripoli,db-52.schweizer.com,1984-11-09T23:57:47,873894,15:34:27,-21.4043595,CH,Vernier,"Stauffer, Scheidegger and Schnyder",eaque.css,bem,"$5,133.29",Swaziland,Luxembourgish,2016-09-13,63:ab:35:6f:0e:4e,127.874693,1973-10-11 04:55:22
Europe/Berlin,db-08.berger-scharer.com,2008-06-29T20:02:37,625972704,18:02:37,-10.6469365,CH,Onex,Schumacher Inc,pariatur.wav,ig,$191.99,East Timor,Zulu,2001-05-20,44:6b:02:f3:aa:2b,0.029240,1976-02-14 00:00:05
Europe/Tirane,srv-31.egger.biz,2016-07-31T22:48:27,6671484,21:25:40,-34.1570215,CH,Risch,Graf PLC,nihil.flac,eu,$377.57,Haiti,Malay,2016-03-31,df:da:35:95:c7:ae,73.774203,2013-10-02 11:07:41
Pacific/Guadalcanal,web-96.stalder.biz,2000-01-27T22:05:30,321,06:07:28,-26.260728,CH,Prilly,Roth Group,ad.doc,ca,$3.95,Russia,Tajik,1989-09-02,14:0a:0b:e4:22:45,-2.960535,2018-01-22 01:04:51
America/Managua,laptop-54.bauer.biz,1979-04-27T14:21:32,3,08:32:59,47.716491,CH,Meyrin,Herzog-Huber,voluptatum.txt,sk,"$42,620.29",Indonesia,Guarani,1980-08-23,33:cd:c6:20:4d:84,91.290635,2019-05-04 12:36:03
Africa/Maseru,lt-95.burri-schmid.com,2011-10-12T03:03:41,68,12:20:01,-58.9088385,CH,Glarus,Vogt LLC,vel.mov,pt,"$54,171.82",Nauru,Ganda,1997-06-04,94:0c:9b:04:c3:4f,154.666857,2021-02-16 02:32:32
America/Costa_Rica,web-02.stalder-stadelmann.com,1998-11-20T10:57:55,2343938,11:17:25,38.736883,CH,Pratteln,"Mettler, Vogel and Wagner",quibusdam.bmp,yi,"$23,087.16",Iran,Kannada,2013-01-09,e4:8e:22:93:e9:1c,136.345761,1997-11-29 03:42:19
Asia/Kashgar,lt-36.wirth.net,2008-12-25T15:03:12,4,01:46:47,-8.2405095,CH,Baar,Ferrari PLC,modi.pdf,mni,$7.53,Uganda,Hungarian,2015-12-01,c9:dd:76:a8:cd:a7,33.425895,1973-04-18 04:05:38
Africa/Lusaka,laptop-48.maurer.com,2009-05-20T03:29:42,3869,11:33:11,-87.574230,CH,Worb,Meister Inc,neque.html,eu,$4.45,Chile,Malagasy,1987-11-14,3e:1c:46:70:1a:0a,174.198749,2014-01-29 15:42:44
Asia/Bahrain,email-11.mayer-hofstetter.net,2009-12-31T23:58:14,124255817,20:00:01,-87.784424,CH,Frauenfeld,"Hoffmann, Christen and Braun",tenetur.txt,kn,$39.20,Jordan,Fulah,2018-02-18,4c:12:3a:2f:27:f9,-139.919277,2015-07-28 01:22:32
America/St_Lucia,web-98.egli-wuthrich.net,2010-08-09T14:17:20,4891,19:21:31,6.5749195,CH,Gossau,Bianchi and Sons,quas.avi,an,"$6,696.92",Nauru,Czech,2003-08-31,20:33:0c:b8:2d:52,-50.640311,1981-02-03 11:13:22
Indian/Antananarivo,web-45.hofmann.org,1986-11-08T18:15:04,2,16:16:54,75.853294,CH,Ittigen,"Wettstein, Lüthi and Schoch",officia.key,ayc,"$2,896.97",Laos,Basque,1971-01-25,fa:49:53:c8:11:6f,66.770012,2015-03-29 05:55:25
Africa/Lusaka,db-41.tobler-vogel.com,1986-01-24T13:03:15,6123,11:28:13,-34.7272005,CH,Lutry,Pfister Group,doloremque.wav,ast,$788.28,Nigeria,"Sotho, Southern",2020-10-04,be:70:c8:33:c1:09,104.792893,1990-04-18 20:35:53
Europe/Helsinki,lt-08.stutz.com,2022-12-11T10:20:17,69903,09:52:34,22.4060415,CH,Hinwil,"Widmer, Martin and Herzog",vero.xlsx,mag,$6.41,South Korea,Dutch,2011-12-23,a7:21:02:bf:28:1d,-53.667583,1990-03-10 10:46:09
Europe/Vaduz,email-93.wegmann-walder.com,1986-07-24T11:12:29,16118,12:25:39,48.534056,CH,Arth,Merz Ltd,adipisci.webm,ast,$55.07,Democratic Republic of the Congo,Albanian,1996-11-29,8c:c8:ad:c1:d4:58,117.251387,1993-03-17 18:41:29
America/Barbados,desktop-18.egli.com,1973-06-07T01:43:51,12167369,23:33:07,41.899982,CH,Martigny,Blaser Inc,facilis.jpeg,tig,"$7,529.99",Poland,Bashkir,2004-03-06,3f:56:81:20:45:f8,-138.469282,2018-04-23 22:59:56
Pacific/Galapagos,lt-76.iten.com,1999-12-26T05:26:54,5355339,18:32:19,72.744797,CH,Regensdorf,Bianchi-Vogt,ut.mov,nan,$8.44,France,Vietnamese,1977-09-28,58:11:ec:a6:2c:8c,-93.839094,1989-05-08 03:13:50
Africa/Johannesburg,email-80.schmid-rey.net,1983-12-17T02:30:14,453492,12:29:35,-61.1813205,CH,Aesch,Schärer-Bader,soluta.txt,xh,$223.30,Saint Lucia,Gujarati,2021-10-08,6a:1f:52:5c:ba:ba,171.051776,2005-06-24 04:41:46
Asia/Aqtau,web-16.erni.com,1977-08-06T19:47:27,37004,12:15:14,-22.104709,CH,Kloten,Vogel LLC,sed.avi,mai,$731.35,Poland,Xhosa,1984-09-24,77:c5:19:d4:0b:99,-60.386985,1978-11-18 02:39:25
Europe/Skopje,db-76.forster-aebi.com,1994-03-06T13:51:01,9,20:09:01,20.730247,CH,Binningen,Kälin-Arnold,necessitatibus.wav,raj,"$3,679.95",Russia,Corsican,2020-10-09,47:87:9a:f1:49:dd,71.459616,1985-12-20 02:29:24
Africa/Bissau,desktop-50.wehrli.com,1975-08-11T07:02:04,22173675,22:22:00,88.9323715,CH,Genf,Frei PLC,sed.html,ckb,"$39,064.79",Samoa,Japanese,2021-09-14,35:b9:69:f7:48:14,150.434976,1980-07-08 13:20:30
Asia/Taipei,srv-12.kaufmann-vogt.org,1977-09-29T07:01:47,11,00:54:03,31.0943305,CH,Richterswil,Hermann Inc,deserunt.gif,li,"$9,835.43",Sierra Leone,Russian,1971-07-13,0e:31:15:81:02:aa,-62.389738,1991-05-30 02:24:25
Europe/Simferopol,srv-07.rey-scherrer.com,2009-09-23T20:39:26,473,03:18:45,2.221449,CH,Lugano,"Schärer, Christen and Wirz",inventore.mp4,tk,"$39,554.71",Slovenia,Burmese,1981-03-21,c6:a4:5a:fd:1b:2c,-151.295933,2001-02-14 09:34:27
Asia/Yerevan,db-71.furrer.com,2014-07-18T02:21:33,951,07:27:16,-44.094804,CH,Stäfa,"Wyss, Beck and Marti",repellat.flac,mn,$12.18,Dominican Republic,Italian,1972-10-05,cf:78:d9:f6:34:87,-7.550570,1987-03-11 05:58:06
Asia/Bangkok,web-78.staub.biz,1978-04-12T00:40:04,445,09:22:12,-15.1109295,CH,Rüti,Erni Ltd,nisi.flac,sq,$556.01,CÃ´te d'Ivoire,Divehi,2011-12-12,e9:15:10:22:20:03,147.554764,2014-04-29 22:55:11
Asia/Thimphu,lt-83.roos.com,2008-05-30T17:14:58,95746,04:01:56,-2.0234535,CH,Küsnacht,"Meister, Hermann and Schürch",exercitationem.numbers,szl,"$30,155.57",Federated States of Micronesia,Chechen,2013-08-25,d7:13:94:1b:12:ed,140.691898,2017-12-13 03:31:40
Europe/Tallinn,web-87.walder-burri.com,1997-12-11T07:18:22,490,20:51:11,26.456929,CH,Bulle,Schenk-Küng,dignissimos.webm,ber,"$9,746.30",Austria,Thai,1975-04-10,8b:ff:3a:b4:20:2e,45.299253,2017-07-18 15:24:18
Europe/Ljubljana,web-31.gross-gross.biz,1984-05-06T19:35:26,322264760,09:04:13,-82.6686865,CH,Münchenstein,"Schwarz, Hartmann and Leu",labore.mp3,ht,"$10,385.51",Comoros,Luxembourgish,1986-08-14,22:c7:e0:56:63:42,-176.002091,1983-04-18 16:49:16
America/Argentina/Catamarca,db-50.eugster.org,1974-03-30T18:25:43,4704345,04:28:13,79.9141935,CH,Brig-Glis,Roos Ltd,iste.mp3,bhb,"$4,252.19",Taiwan,Quechua,1978-11-11,63:ab:53:ff:3e:95,-39.908464,2010-01-29 14:54:25
Europe/Amsterdam,desktop-20.felder.com,2004-05-12T18:18:36,7124317,14:30:52,-44.177949,CH,Prilly,Ammann and Sons,quia.odt,bg,"$80,489.11",Colombia,Oriya,1975-04-28,bd:f9:69:c1:42:5c,172.134743,2009-02-04 11:38:25
Africa/Khartoum,web-45.blum-battig.biz,2008-12-15T07:40:23,21506277,13:49:37,-87.969228,CH,Buchs,Frick PLC,alias.mp4,doi,$8.59,Azerbaijan,Chinese,2001-09-21,c0:a4:e1:a1:96:90,85.357486,2004-04-01 04:53:57
Africa/Lusaka,web-21.wirz.com,2012-08-29T11:24:31,21,17:31:40,33.4924925,CH,Rapperswil-Jona,"Egli, Wirth and Gross",ipsa.wav,az,$5.79,Ecuador,Uzbek,2017-11-29,47:ae:a4:e5:64:36,137.816036,1974-12-24 06:08:15
America/Belize,lt-56.meister.com,1998-09-18T23:42:56,0,09:02:13,69.5713655,CH,La Tour-de-Peilz,Häfliger LLC,quaerat.odp,ga,$6.96,Malawi,Macedonian,1972-03-13,ac:65:7c:d8:c6:af,-141.861160,1994-04-29 10:28:26
Asia/Yerevan,email-53.walter.org,1984-04-17T07:07:50,745810750,09:05:19,-62.6551075,CH,Grenchen,"Roos, Kern and Stutz",quibusdam.webm,kw,$814.36,Slovakia,Belarusian,1997-08-09,86:b8:ad:16:21:c5,23.056041,2006-10-09 02:09:05
Europe/Athens,db-08.naf.org,2010-09-01T23:44:19,4278,12:13:18,-27.4963845,CH,Zug,"Fehr, Brun and Schäfer",laudantium.json,nhn,$330.89,Saint Kitts and Nevis,Uighur,2019-05-16,2b:9a:ee:24:9c:df,-10.369843,1979-03-26 12:16:09
Europe/Bucharest,db-58.walder.org,2013-09-07T19:01:03,22,06:48:54,65.853702,CH,Zofingen,Hofer-Michel,nam.html,mg,$5.20,CÃ´te d'Ivoire,Bambara,2004-04-06,3c:83:d5:0d:c4:28,162.999434,1974-11-24 11:16:10
America/Tegucigalpa,laptop-87.hasler-tobler.com,2010-06-02T19:02:36,8286,16:04:42,-41.978086,CH,Wettingen,"Stutz, Baur and Walder",voluptates.webm,cmn,$2.80,Burundi,Kirghiz,1996-03-30,5c:e8:ed:32:70:0f,26.594356,1979-02-10 18:38:56
Asia/Bangkok,web-63.schenk.com,2019-06-05T04:46:36,226855,06:47:56,17.339096,CH,Altstätten,Bianchi Ltd,dolor.wav,et,"$42,917.29",Rwanda,Tibetan,1988-05-26,4c:67:e9:b5:4a:40,142.717533,1980-10-22 09:29:44
Asia/Pontianak,web-28.brunner.org,1997-05-28T10:42:14,4240829,15:52:32,-17.1232865,CH,Neuhausen,"Meister, Keller and Schoch",debitis.mp3,kn,$2.40,Norway,Oriya,1988-06-24,0a:81:bb:9e:bb:a4,175.815537,2000-12-05 07:05:31
Pacific/Port_Moresby,lt-86.kuhn.net,1992-03-04T12:34:59,9109,05:08:19,-19.1411265,CH,Küssnacht,Felder Inc,ad.tiff,tig,"$4,491.55",North Korea,Kazakh,2003-12-31,a4:5b:01:e4:f0:d9,65.722440,1978-06-07 06:00:44
Europe/Bratislava,srv-09.hess.com,1995-08-07T01:14:14,239513482,03:55:23,-66.467040,CH,Riehen,Thommen LLC,dolorem.html,wa,"$98,826.17",Argentina,Avaric,1999-05-12,23:d3:ac:8c:04:f3,-40.017125,1972-05-15 15:13:19
Europe/Tallinn,email-68.bolliger.com,2016-03-08T11:42:09,38710192,18:58:47,-81.0189635,CH,Zollikofen,Zollinger-Bader,aspernatur.jpeg,nan,"$26,710.08",Malaysia,Bashkir,1994-11-22,b4:82:d6:61:aa:1a,-81.111809,1982-11-30 01:54:16
America/El_Salvador,email-46.steiger.com,1971-01-02T19:20:28,9,05:48:26,50.005748,CH,Allschwil,Hunziker PLC,beatae.mp4,te,"$2,482.95",Jamaica,Twi,1981-07-12,35:4a:f6:07:36:25,-8.721183,1992-05-20 06:16:44
Europe/Zagreb,email-52.fehr.com,1998-01-01T23:16:46,74549,23:12:47,31.1198915,CH,Regensdorf,Zimmermann-Schlatter,consequatur.json,li,"$6,842.42",Austria,Georgian,1971-04-13,ff:ea:39:c4:0d:d1,141.175816,1988-05-04 15:44:49
Asia/Damascus,srv-31.huber.com,1997-07-04T15:29:28,756056683,18:37:09,57.145860,CH,Köniz,Bauer Inc,neque.avi,ln,$94.22,North Macedonia,Abkhazian,1994-03-12,bf:82:89:b2:59:9a,88.704719,1983-10-08 05:42:46
Asia/Pyongyang,lt-57.weibel-staub.info,2014-02-16T20:33:53,866080763,13:41:18,40.549703,CH,Morges,Betschart PLC,quasi.mp4,raj,$0.84,Nauru,Bashkir,1992-12-26,d1:0c:a4:9c:c3:07,-42.028879,1972-06-30 00:24:28
Europe/Oslo,email-48.hauser-stocker.biz,1970-09-29T19:53:11,140201438,01:02:35,-44.8436245,CH,Möhlin,Eugster LLC,itaque.jpeg,ga,"$97,432.27",San Marino,Kanuri,1988-03-23,4e:a1:ad:05:7b:7d,-74.687368,1980-11-07 15:47:27
America/Guatemala,desktop-47.lutz.biz,1992-07-13T05:54:13,914,08:42:22,-82.065446,CH,Weinfelden,Gross-Thommen,recusandae.csv,hu,$2.13,Central African Republic,Luba-Katanga,2017-01-22,b6:ab:d4:f9:91:3a,38.744763,2006-07-29 15:29:02
Asia/Bahrain,srv-73.baumann-jenni.com,1974-09-10T20:21:18,983767283,00:37:36,56.594627,CH,Münchenbuchsee,Leu LLC,voluptates.mp3,zu,$291.49,Oman,Afrikaans,1981-02-02,67:b5:26:c6:43:56,-116.525246,1992-04-10 15:16:17
Asia/Irkutsk,email-75.amrein-furrer.com,1970-08-18T15:10:52,7,07:11:01,-82.263928,CH,Vevey,Wirth and Sons,minus.flac,bn,"$41,354.02",Vietnam,Tahitian,1982-08-05,a8:06:ed:d7:7c:93,1.031192,2008-03-10 13:34:15
Pacific/Galapagos,web-93.jost.com,2008-02-21T10:27:59,697,14:49:33,-56.5621835,CH,Altstätten,Häfliger-Vogt,aspernatur.webm,da,$2.04,Liberia,Tibetan,2002-01-05,f6:52:86:e4:7b:ad,-81.415736,2001-08-12 16:04:10
Africa/Lusaka,web-36.thommen.com,1995-06-22T00:54:51,1611684,02:18:33,-46.7315175,CH,Stäfa,Steiger and Sons,facere.ods,gl,"$9,367.50",Madagascar,Venda,2003-07-18,71:6d:b8:69:ff:4c,-144.422539,2023-04-30 10:24:22
America/Managua,srv-37.rey-michel.com,2019-06-20T19:25:01,2,14:56:39,-47.367349,CH,Muttenz,"Kunz, Schaub and Stocker",tenetur.avi,oc,"$3,719.96",United States,Esperanto,2002-07-26,a8:13:2c:db:0e:e8,-98.921103,2021-01-04 06:26:32
Africa/Bujumbura,laptop-00.schurch.com,2007-04-06T03:20:12,5860512,18:56:35,55.663553,CH,Bassersdorf,Wüthrich-Kessler,quis.tiff,be,"$5,178.92",Grenada,Hungarian,2004-02-12,c0:7b:be:4a:c7:23,96.797935,2017-05-21 22:52:07
Africa/Nouakchott,db-88.forster-sigrist.info,1996-09-16T15:25:26,1609117,04:04:36,88.6787135,CH,Muri,"Hodel, Hess and Berger",tenetur.tiff,fy,"$4,971.04",New Zealand,German,1990-04-18,77:8f:69:f5:0d:5f,138.197110,2020-05-26 09:43:33
Africa/Brazzaville,srv-99.schumacher.com,1977-04-19T03:02:43,852183268,18:29:58,70.7845815,CH,Cham,"Huber, Schär and Thommen",quibusdam.tiff,zh,"$6,061.95",Norway,Slovak,2004-02-08,b5:02:33:79:b0:98,-121.105771,2011-10-21 13:51:41
Africa/Bujumbura,email-04.bachmann.com,2013-03-20T23:43:10,11288,11:12:44,9.773726,CH,Küssnacht,Staub-Sidler,alias.js,ss,$70.22,Marshall Islands,Panjabi,2019-01-30,80:99:3d:fc:a5:2f,-39.413196,2011-05-31 07:04:27
Europe/Vilnius,lt-28.felber.com,1981-06-05T17:54:43,523,00:06:47,60.0425605,CH,Worb,Wenger PLC,quaerat.xlsx,nb,$4.67,Algeria,Hiri Motu,1971-01-17,92:37:a8:b2:db:8c,54.067002,1999-03-17 08:57:26
Europe/Madrid,srv-88.luscher-kuhn.com,1982-10-07T00:02:55,5891,05:03:43,1.6195505,CH,Regensdorf,Meier-Schärer,quisquam.ppt,zh,$7.82,Sweden,Assamese,2021-02-28,52:18:ae:fc:0b:bd,-116.706080,1979-07-11 01:47:01
Africa/Maputo,lt-28.stettler.biz,2000-08-21T17:59:12,655,19:34:41,6.262517,CH,Vernier,"Lüscher, Walder and Eugster",tempora.xlsx,ur,"$7,958.84",Bulgaria,Georgian,1997-12-12,76:ee:06:71:54:c0,-171.373812,1971-03-14 08:26:09
Europe/Minsk,web-29.marti.com,1999-05-28T01:17:07,77,15:14:51,31.034459,CH,Sursee,"Gross, Mäder and Hess",exercitationem.webm,fr,"$94,862.44",Nigeria,Inuktitut,1973-10-28,dd:3e:d6:1a:ec:15,-129.669588,2000-12-01 21:45:19
Asia/Tokyo,lt-98.schweizer.biz,1993-10-08T22:15:19,36,17:16:57,62.9653805,CH,Ebikon,Fehr-Maurer,impedit.html,dz,$757.91,Uruguay,Sundanese,2010-03-01,f6:58:9d:93:78:eb,109.726152,2008-09-27 20:31:26
Europe/Andorra,lt-31.baur-schwab.org,2013-07-06T16:06:28,364,03:40:28,21.4883225,CH,Oftringen,Widmer Ltd,iste.csv,tg,$3.37,Germany,Avestan,1976-07-31,fc:f3:27:7c:3a:40,60.059038,1970-08-30 22:58:31
Africa/Ouagadougou,desktop-94.schneider.com,1984-11-01T01:29:18,423885847,20:05:36,3.565248,CH,Frauenfeld,"Hofmann, Zingg and Haas",in.doc,aa,$99.40,Sudan,Tibetan,1984-08-03,15:d7:97:cd:6a:ab,131.609585,1989-01-16 00:14:45
America/Nassau,lt-32.schurch-wolf.com,2021-08-27T04:40:38,2346,20:07:25,73.5969695,CH,Spiez,Weibel Group,fuga.numbers,cs,$1.58,France,Czech,1989-09-17,b8:bf:1b:47:9a:d4,137.178383,2011-08-15 16:48:32
Africa/Gaborone,email-14.aebi.com,1990-08-14T12:08:29,64833,20:04:40,-47.055016,CH,Uzwil,Brun LLC,sint.json,tn,$7.36,Fiji,Fulah,2012-10-11,8b:ce:84:81:88:aa,73.900919,2019-04-23 16:28:28
Europe/Stockholm,desktop-73.pfister-lehmann.com,1970-10-23T20:59:06,707229902,17:59:48,-52.4431555,CH,Bernex,"Schärer, Wettstein and Furrer",sit.gif,hr,"$52,837.72",Bahamas,Dzongkha,2008-11-17,36:9b:10:6c:3f:aa,79.912835,2010-10-26 15:56:11
Asia/Hebron,email-82.baumann-felber.com,1979-02-19T21:50:14,2,10:22:20,-70.717527,CH,Rüti,Bühler-Ziegler,fugit.ods,ms,"$51,638.84",People's Republic of China,Samoan,2013-10-28,46:3e:b9:b2:cc:17,-90.677135,1997-03-25 12:41:16
Pacific/Ponape,email-37.zollinger.com,1996-03-22T02:46:29,411089,20:00:03,-28.924134,CH,Aigle,"Wenger, Marti and Hunziker",ipsam.avi,apn,"$4,769.04",Nicaragua,Guarani,2000-07-08,e1:9d:85:3a:50:e4,-158.238754,1999-12-26 22:37:55
Europe/Bratislava,lt-05.marti.com,2007-02-20T20:18:06,282754424,08:59:12,59.111903,CH,Thalwil,Steffen Ltd,modi.webm,af,"$70,674.26",Latvia,Icelandic,2000-11-18,76:a5:f0:43:50:cd,-144.709206,2011-11-11 13:44:23
Africa/Bissau,web-09.bernasconi.com,2003-03-15T21:06:43,730,17:14:18,-15.8547055,CH,Thun,"Hofstetter, Schneider and Benz",eligendi.csv,wo,$42.69,Poland,Polish,1999-11-07,df:07:e6:58:58:2c,117.835696,1973-08-09 21:00:24
America/Guayaquil,lt-37.martin.com,2011-06-25T18:35:36,942896,21:56:54,-79.482288,CH,Oftringen,"Kaiser, Lutz and Blaser",sunt.txt,wal,$746.78,Botswana,Tibetan,1984-11-13,5f:0e:37:f7:f7:d9,-142.541921,2008-03-03 23:59:02
Africa/Maputo,laptop-54.hauser.com,1992-11-14T08:44:00,42,06:44:22,17.471858,CH,Crans-Montana,Hofstetter Group,numquam.pptx,kok,$2.98,Andorra,Tahitian,2018-02-01,4f:9c:fc:d8:6b:54,-166.305972,2022-03-01 07:42:09
Europe/Sofia,email-30.brunner.com,1991-03-11T05:22:54,304837824,17:02:54,66.9817705,CH,Amriswil,Leu-Hasler,ea.mp4,sat,$555.53,Ethiopia,Ukrainian,2011-09-15,27:b3:1a:b7:98:c1,-57.253340,2018-04-19 13:50:14
Europe/Luxembourg,srv-89.bosshard.com,2013-08-02T04:12:44,530067,20:45:34,49.8487465,CH,Vernier,Frick Group,rem.txt,ayc,"$73,577.03",Uruguay,Komi,1984-07-14,8b:e8:b3:25:37:56,35.230239,2013-07-21 01:53:39
Asia/Samarkand,web-21.battig-ackermann.org,2013-12-18T16:18:25,971803341,06:49:46,-55.5647815,CH,Möhlin,"Herzog, Sidler and Schumacher",nam.csv,lzh,"$4,667.68",Eritrea,Kinyarwanda,1989-11-28,8d:9d:45:f1:a9:84,-93.662189,1994-07-03 01:30:19
Asia/Samarkand,email-58.zingg.com,1998-08-11T05:44:09,644927807,12:27:18,-47.0295345,CH,Aesch,Frick LLC,rem.wav,gv,$44.87,Togo,Yoruba,1991-07-19,51:cb:1f:1b:c6:78,101.909244,1991-02-25 12:19:47
Asia/Muscat,laptop-04.stocker-naf.com,1999-12-14T18:38:24,8,05:48:54,-6.5096705,CH,Versoix,Gasser-Marti,voluptatum.gif,mai,"$4,316.73",Oman,Zulu,2015-10-25,37:08:f2:4a:e6:53,-25.179309,1983-12-11 21:25:40
Africa/Lusaka,laptop-11.haas.org,1985-03-27T15:31:32,110688609,01:43:42,-79.6705655,CH,Luzern,Leu Inc,eaque.html,ayc,$41.39,Grenada,Afrikaans,1985-04-18,da:8a:6f:27:66:07,174.961257,1970-04-08 18:20:47
Pacific/Apia,email-68.stockli.com,2020-06-19T21:21:33,5106345,21:15:58,-72.033903,CH,Brig-Glis,Scheidegger-Hartmann,fugiat.css,ga,"$2,680.89",Mali,Haitian,2011-03-19,16:b9:6f:e4:58:61,-8.053465,2011-06-16 01:05:50
Europe/Vaduz,lt-00.egger.com,2018-08-16T13:12:57,46,14:51:19,-19.4468345,CH,Payerne,Schuler-Hermann,ipsam.flac,ar,$930.49,Paraguay,Divehi,2003-10-02,aa:2e:f7:2b:dc:02,-42.945567,2018-10-16 06:42:30
America/Lima,lt-20.hauser-bianchi.com,1990-08-23T00:49:53,24223187,11:08:44,48.3831715,CH,Chur,Egli Group,perferendis.pptx,lv,"$24,303.36",Chile,Kurdish,1984-03-31,d0:bb:26:44:94:bb,-65.300005,2018-10-28 00:08:31
Pacific/Funafuti,srv-96.kagi-marti.net,1972-09-03T10:36:01,21679,08:08:15,-34.8128205,CH,Le Grand-Saconnex,"Steiger, Kägi and Widmer",impedit.png,lij,"$45,882.94",Zimbabwe,Nepali,1998-12-05,72:c6:e1:a5:a1:4a,-176.214293,1973-02-17 10:42:01
America/Santiago,laptop-93.seiler.com,2011-12-21T00:01:01,635294872,07:41:14,8.0466735,CH,Weinfelden,Knecht Group,facere.mp4,ca,"$8,600.39",Brazil,Hausa,1985-08-03,41:38:64:3d:5e:e0,65.123809,1978-05-29 11:52:03
Africa/Blantyre,desktop-00.bieri.com,2000-02-27T13:15:30,26103,13:46:45,2.2657615,CH,Gossau,Frey and Sons,consectetur.ppt,tn,"$67,619.15",Croatia,Indonesian,1994-07-07,de:65:58:8b:c5:6a,-122.803082,1987-07-31 08:42:08
Africa/Maseru,srv-01.siegrist-schafer.com,1993-06-30T13:14:36,9161,12:52:21,-45.134976,CH,Villars-sur-Glâne,Fuchs Group,quibusdam.jpg,km,"$5,124.70",Uruguay,Armenian,1976-11-18,c3:70:a8:e4:ba:79,156.174454,1996-08-17 08:50:57
Asia/Kabul,desktop-70.widmer.com,1989-01-29T06:44:42,52,02:48:19,-12.0188005,CH,Val-de-Ruz,"Zürcher, Bättig and Frei",atque.gif,mhr,"$91,223.40",Somalia,Sichuan Yi,2007-07-21,58:22:4a:38:2c:79,146.814511,2022-04-22 21:58:56
America/Barbados,laptop-13.berger.com,2009-02-27T03:04:28,5543058,07:29:29,-15.836888,CH,Küssnacht,Meier-Sigrist,cumque.avi,ast,$7.60,Japan,Divehi,2001-08-05,53:d6:0f:62:44:88,-121.281245,1987-03-08 19:26:49
Africa/Cairo,web-73.schmid-hartmann.com,1999-01-12T07:33:15,682436,07:46:18,50.2364465,CH,Meilen,Ott-Michel,nulla.numbers,ta,"$1,103.23",Greece,Herero,2010-03-16,96:f7:34:02:ae:9c,24.329197,1999-11-12 15:21:02
Europe/Sarajevo,desktop-31.bieri.com,1996-08-11T21:55:25,830614,02:08:03,-6.094777,CH,Aesch,"Lutz, Arnold and Fuchs",aut.jpeg,byn,"$21,840.80",Uzbekistan,Thai,1990-01-16,39:73:a4:0d:54:17,65.737959,1999-09-24 04:06:53
America/Costa_Rica,laptop-71.widmer-lustenberger.com,2009-05-30T04:24:53,177,11:43:12,-87.3900835,CH,Risch,"Huber, Gross and Furrer",quae.webm,te,"$93,986.69",Kiribati,Uighur,1998-09-21,0f:0e:b8:9f:cc:31,-112.282818,2017-11-26 00:33:42
America/Panama,lt-15.felber.info,1976-05-12T21:58:36,1626,19:03:33,-88.906279,CH,Chur,Egger-Eichenberger,dolores.mov,bg,"$2,138.64",Singapore,Turkish,1977-03-25,11:f5:05:32:73:fc,-146.240610,2020-09-13 12:14:03
Asia/Colombo,email-32.jost.com,1977-09-20T10:56:31,805737,12:02:02,88.3602675,CH,Aarau,Spörri-Vogel,aut.tiff,ayc,"$98,297.48",Czech Republic,Pali,1986-07-18,96:06:94:07:ac:45,48.506532,1980-07-31 00:31:45
Atlantic/Reykjavik,email-94.giger.com,1994-03-12T06:46:29,3007,04:35:08,-20.134082,CH,Horw,Ott-Baumgartner,earum.pdf,ur,$703.76,Uganda,Cornish,2013-07-14,04:80:c3:1a:f5:8a,159.021764,1993-09-26 18:46:01
Asia/Dhaka,laptop-79.sutter.net,1981-08-02T18:53:17,30931,16:10:50,57.925527,CH,Genf,"Müller, Hunziker and Grob",blanditiis.flac,rw,$3.94,Vatican City,Hebrew,2022-07-05,6a:59:1e:d1:22:83,54.325661,1986-07-15 04:58:10
Asia/Qatar,web-53.probst.info,1989-03-27T11:17:05,7365191,07:08:24,-62.150790,CH,Ebikon,"Schneider, Gasser and Blaser",sunt.csv,sa,$96.41,Suriname,Ojibwa,2009-08-03,61:d4:ef:49:cd:a2,-51.128824,2016-01-24 18:27:07
Africa/Maputo,desktop-02.moser-imhof.info,1980-01-25T04:13:43,71,02:44:26,82.988783,CH,Neuhausen,Roos-Christen,iusto.txt,az,"$54,765.01",Japan,Croatian,2019-09-07,62:de:49:f0:09:ef,79.290454,1977-07-25 17:45:48
Africa/Lusaka,web-47.baumgartner-herzog.org,2016-10-27T16:30:39,194904,03:40:57,61.465609,CH,Bulle,Wehrli LLC,illo.flac,ml,"$78,728.22",Estonia,Turkish,2021-10-08,9f:66:6f:b4:7d:bf,163.207739,1992-07-23 00:49:24
America/Guatemala,lt-50.weber.info,2001-04-15T06:57:16,959688,22:26:38,-66.769114,CH,Rapperswil-Jona,Beck Inc,nam.jpeg,dz,"$58,248.05",Serbia,Luba-Katanga,1991-12-21,c6:f5:90:3b:46:34,-166.533354,2005-04-17 03:14:21
Asia/Kamchatka,email-38.staub-albrecht.info,2010-11-19T03:04:17,262452,18:43:13,-20.0810875,CH,Binningen,Eichenberger-Felber,recusandae.pdf,ar,$75.40,Libya,Fijian,2022-06-26,e3:5e:c0:24:70:d2,71.055610,2012-11-20 14:43:45
America/Kentucky/Monticello,db-89.sigrist.com,2005-12-31T00:34:34,86761,09:03:58,-55.6276575,CH,Köniz,"Bauer, Schäfer and Schäfer",aperiam.json,cmn,$36.32,Costa Rica,Arabic,1980-02-23,78:a9:ae:4a:3a:1a,174.082009,1992-04-18 01:27:35
America/Nassau,db-72.baumann.com,2023-08-19T20:29:11,6439562,07:13:24,-41.2974765,CH,Villars-sur-Glâne,"Wyss, Graf and Eugster",eligendi.css,pap,"$20,920.62",Bosnia and Herzegovina,Yoruba,2013-05-07,e9:a9:b0:55:0b:6c,127.964119,2007-02-08 18:38:24
Australia/Broken_Hill,desktop-70.muller.com,2004-12-14T00:34:41,19,03:07:37,89.1670365,CH,Versoix,"Maurer, Schnyder and Imhof",assumenda.webm,hy,$748.70,Mozambique,Irish,2009-08-16,92:3e:65:5b:a5:3e,154.423890,2017-02-08 17:26:15
Pacific/Efate,web-50.frey.com,1984-12-15T03:56:37,8,20:43:24,31.541068,CH,Worb,"Meier, Huber and Wagner",hic.txt,yo,$83.58,Italy,Guarani,1986-12-23,fb:dd:ef:ec:c9:8f,120.790120,2021-07-19 22:46:05
Indian/Comoro,lt-32.mayer-fluckiger.com,1989-10-15T17:43:35,61,11:55:45,68.4863465,CH,Münchenstein,Christen-Walder,inventore.html,ia,$953.01,Switzerland,Sundanese,1986-07-19,52:68:85:5d:9e:a6,-53.913769,2007-06-27 01:02:37
Europe/Tallinn,laptop-23.ziegler.com,2021-08-01T05:27:47,95558,07:12:52,-62.9109705,CH,Oftringen,Baur-Herzog,perferendis.js,sw,$1.83,Benin,Faroese,1972-04-22,6c:13:61:65:77:54,34.551438,2011-09-20 04:29:13
Africa/Freetown,lt-03.bieri.com,1986-02-14T03:10:22,1,05:19:37,76.6676835,CH,Münchenstein,Jenni-Erni,earum.wav,se,"$64,219.24",Philippines,Tibetan,1989-05-24,45:de:45:52:a0:71,116.812217,2015-06-02 16:09:58
Europe/Riga,laptop-81.felber-bauer.com,2001-04-08T05:17:43,37459264,08:53:49,50.7441685,CH,Zürich,Walder-Seiler,nobis.png,ug,$71.39,Canada,Sanskrit,1999-04-18,70:04:ad:17:e5:89,-119.143886,1981-10-22 08:10:49
Asia/Bangkok,db-46.fankhauser.com,1981-05-04T23:15:00,726007,10:09:03,-53.7392035,CH,Suhr,Mettler Ltd,consequuntur.png,unm,"$92,849.83",Chad,Kinyarwanda,2010-12-24,bc:99:26:ee:ff:d3,-34.809282,1977-04-23 08:00:44
Atlantic/Azores,desktop-57.betschart.biz,2017-06-21T18:51:36,4330095,03:51:36,58.1932125,CH,Basel,Hofmann-Blaser,nostrum.txt,eo,"$10,617.16",United Kingdom,Navajo,1985-08-07,ad:bc:19:9a:29:80,147.648576,1988-10-01 02:34:05
Indian/Comoro,lt-43.leu-haas.biz,2001-04-21T14:00:49,278520,06:27:12,-31.541315,CH,Bulle,Sigrist Group,eligendi.bmp,ak,"$2,157.68",Mauritania,Assamese,1986-04-29,c0:cd:4c:f2:8f:bc,126.821275,1986-05-19 01:00:26
Asia/Manila,db-72.wettstein.com,1975-03-11T05:16:38,4054364,02:19:25,36.8049915,CH,Ittigen,Stocker and Sons,quia.mov,os,$13.12,Guatemala,Tatar,1981-01-18,75:55:de:59:f8:18,-106.975417,1976-04-16 20:44:12
Africa/Niamey,srv-82.weibel-leu.com,1993-04-28T13:53:17,9,03:28:50,7.3569595,CH,Baar,Schmidt-Haas,nulla.ods,bhb,"$2,974.24",Saint Lucia,Kinyarwanda,1975-12-11,b2:9e:6d:0b:09:9a,83.474292,1990-11-14 13:50:40
Africa/Libreville,srv-35.wyss-hofstetter.biz,1984-11-09T14:49:09,42707152,05:15:54,73.718708,CH,Zollikon,"Friedli, Grob and Eugster",mollitia.mp4,th,"$7,643.41",Antigua and Barbuda,Tonga,1977-10-10,53:96:9b:54:b5:9b,123.985608,2004-09-29 20:08:36
America/Barbados,srv-56.steiger-felber.com,2002-06-20T07:44:16,52576,22:06:42,-17.816260,CH,Bern,Kessler PLC,maxime.mov,it,"$86,106.03",Canada,Samoan,2008-05-06,c4:cd:26:94:b7:f7,83.325911,1979-01-02 17:40:28
America/Jamaica,desktop-92.tobler.com,1986-07-18T16:37:31,1332,13:24:55,89.701259,CH,Dietikon,Gasser Group,rerum.js,kk,$0.46,Laos,English,1984-12-08,71:b5:aa:67:6c:4a,-172.110081,1992-08-17 03:09:19
Africa/Monrovia,laptop-27.gloor.info,1979-09-06T19:57:25,300340401,02:12:47,-44.8079855,CH,Dübendorf,Schweizer-Roth,rem.jpg,unm,$840.71,Mozambique,German,2018-10-11,9d:09:f2:b8:7c:00,57.730911,1993-07-27 01:16:06
Europe/Bucharest,srv-50.scharer-meili.com,1999-12-05T21:53:37,80385052,22:03:43,-75.233901,CH,Ostermundigen,"Weibel, Frick and Braun",velit.webm,es,$39.57,Yemen,Chuvash,1982-01-27,63:fd:15:3d:16:57,154.893513,1981-02-09 19:52:05
Europe/Lisbon,desktop-15.winkler.com,1977-01-23T23:10:13,13298,17:25:59,-36.2832955,CH,Pully,Stöckli-Zürcher,laborum.mp4,en,$8.37,Mauritius,Dutch,2010-01-15,e9:a2:dd:71:68:d7,24.600470,1976-02-18 05:54:04
Africa/Mbabane,desktop-71.fischer.com,1979-09-13T05:45:43,9087,21:35:05,-17.902095,CH,Binningen,Gloor-Näf,assumenda.mp3,ar,$537.99,Bolivia,Hiri Motu,2005-12-29,c4:bc:b6:04:15:01,8.578999,1986-02-23 12:46:23
Asia/Thimphu,email-20.arnold.com,2007-02-08T08:06:16,569,00:49:37,15.4754165,CH,Münchenstein,"Sigrist, Marti and Meier",quasi.wav,csb,$46.11,Tuvalu,Icelandic,2013-02-16,bd:f4:85:ea:da:f0,174.726649,2003-09-27 18:26:33
Europe/Copenhagen,web-26.sporri-mader.net,1981-07-14T18:30:25,931910,10:36:57,-35.751607,CH,Luzern,Gross-Hess,ratione.bmp,hsb,"$49,539.80",Mozambique,Ndonga,1983-06-07,ea:e1:7b:17:1c:06,92.179648,2012-12-01 07:44:44
Europe/Brussels,email-75.lustenberger.net,2006-04-11T07:47:26,827,00:03:07,-27.968693,CH,Uzwil,"Schäfer, Wehrli and Wenger",dicta.jpg,zh,$768.37,East Timor,Aymara,1977-02-16,a9:89:d9:31:74:9a,63.356861,2013-02-18 16:30:40
Pacific/Enderbury,desktop-78.hofmann.biz,2000-11-26T09:45:26,951485092,03:21:32,-31.4451435,CH,Lausanne,Haas LLC,aperiam.odp,lo,$812.26,Haiti,Bengali,2017-07-10,0e:33:fd:5c:da:95,-166.469705,1984-10-25 17:55:19
Pacific/Auckland,lt-13.schlatter-lang.com,1978-07-22T03:48:51,232392272,08:33:56,-17.8370155,CH,Stäfa,Hotz LLC,vero.docx,st,"$6,690.95",Dominican Republic,Faroese,2012-03-27,97:69:2e:45:a3:25,39.986706,1991-01-30 19:20:57
America/Havana,srv-91.hoffmann.info,1995-11-11T15:05:44,617,23:24:09,39.9246635,CH,Münsingen,Wehrli-Wyss,in.mp3,hi,$24.04,Costa Rica,Pushto,1980-06-25,bd:f7:7f:5b:58:0b,-38.435598,1978-05-28 23:27:21
Africa/Kigali,web-90.sigrist.biz,1972-07-18T02:20:04,38961440,16:08:30,4.888205,CH,Plan-les-Ouates,Portmann-Schweizer,reiciendis.css,ln,"$9,887.77",Bolivia,Pali,1983-10-31,6f:49:db:2f:57:52,-14.582018,1993-11-21 14:29:24
Africa/Ouagadougou,web-47.ruegg.org,1976-06-02T03:09:24,1277483,10:12:24,-6.249408,CH,Vernier,"Fankhauser, Giger and Schmidt",quam.mp4,da,$9.22,Norway,Spanish,1983-10-13,cf:e5:f6:5e:e8:43,-43.231179,1976-02-18 14:52:02
Africa/Mogadishu,lt-50.gfeller.net,1991-05-18T00:20:43,7,00:24:16,-86.1936815,CH,Solothurn,Seiler-Bauer,esse.html,dv,$9.25,Iraq,Uzbek,2012-02-19,a8:ed:15:86:4d:ce,61.421582,1993-01-29 08:11:31
Africa/Mogadishu,desktop-56.frey.com,2014-03-14T12:22:22,8830,02:14:50,80.8660275,CH,Val-de-Travers,Ernst Inc,nobis.gif,be,"$19,910.93",Jamaica,Croatian,2012-10-13,77:44:eb:b7:ff:fa,160.350443,2014-09-16 10:22:47
Asia/Phnom_Penh,srv-51.ruegg.com,2009-01-02T18:08:20,6713,12:10:00,13.294107,CH,Aesch,"Bieri, Seiler and Kaiser",eius.xlsx,ko,"$1,426.13",Denmark,Bihari languages,1985-06-17,6b:93:54:98:80:b8,-92.755160,1984-09-15 15:10:50
Indian/Comoro,email-89.schurch.com,1983-09-24T23:34:02,669209,11:37:21,35.014933,CH,Neuhausen,Giger Ltd,voluptatem.tiff,ff,"$4,512.28",Comoros,Kikuyu,2001-09-14,e7:0c:61:93:b3:00,-153.879971,2001-06-20 19:22:16
Europe/Zaporozhye,desktop-53.schwab.com,1975-10-21T00:56:16,2353561,16:58:53,20.468805,CH,Sursee,Häfliger-Martin,cupiditate.avi,wa,$928.40,Taiwan,Bulgarian,1983-09-06,de:cf:9b:3b:c0:ed,36.999457,1995-10-03 09:25:23
Asia/Tashkent,web-04.favre.info,2005-02-28T04:55:44,9904069,15:11:36,-82.665825,CH,Flawil,Graf-Fuchs,beatae.jpeg,en,"$3,507.06",Cuba,Marathi,1991-08-28,3b:12:2e:67:51:3b,-94.281109,1990-01-14 16:33:02
Asia/Rangoon,srv-30.ferrari.com,2011-10-19T20:37:55,2671215,04:04:56,-56.0807235,CH,Wil,"Lang, Frei and Steiger",magnam.jpg,mr,$308.91,Zimbabwe,Kongo,1979-09-13,1f:f7:a2:8e:9f:d1,43.020072,1970-11-26 22:36:47
Asia/Bahrain,email-04.zingg-sidler.com,1979-11-19T15:11:08,571547328,23:46:50,75.150627,CH,Grenchen,"Wettstein, Lanz and Eichenberger",iste.css,dv,$686.43,Equatorial Guinea,Interlingue,2014-09-02,e7:5b:c3:db:71:4b,-15.588218,2017-04-24 11:20:48
Africa/Tunis,lt-13.frei-benz.biz,1980-09-26T16:22:41,6396,06:09:46,42.5897785,CH,Val-de-Travers,Hasler-Leu,ipsum.txt,fr,$129.91,Mozambique,Esperanto,2009-08-14,7f:02:f4:92:d8:3c,137.157639,2016-04-03 03:01:36
America/St_Kitts,db-78.brunner.com,1979-07-24T12:01:33,238944493,12:56:32,33.4767365,CH,Neuenburg,"Lanz, Hartmann and Roth",laudantium.jpg,tt,$8.54,Nigeria,Galician,1990-01-11,7d:f3:97:0c:d2:08,-158.183597,1997-11-18 22:55:14
Europe/Vatican,web-82.baumgartner.info,1995-04-21T16:37:12,270,20:48:03,-60.6135505,CH,Opfikon,Hofstetter-Tanner,amet.odp,ht,"$33,820.73",Cyprus,Chamorro,2004-09-15,2c:74:2c:79:18:57,-30.436153,1977-03-05 10:12:11
Africa/Bangui,web-08.buhler.info,1994-02-11T13:57:57,7,21:29:19,-1.5525425,CH,Volketswil,Wolf LLC,ipsa.json,mn,"$56,704.49",Zambia,Croatian,1984-03-21,fd:4e:c3:3a:45:14,96.958839,1984-01-14 18:45:05
Africa/Djibouti,desktop-74.koch-luthi.com,2008-09-09T15:53:00,68413,21:08:24,77.5799895,CH,Gland,"Frey, Steiger and Spörri",debitis.bmp,sr,"$52,752.87",Venezuela,Inuktitut,2012-05-07,69:26:c9:cd:1e:a5,155.206119,1980-09-02 02:59:46
Africa/Windhoek,desktop-22.giger.com,1980-11-16T17:10:35,9444,20:43:08,-62.026710,CH,Val-de-Travers,Beck-Frey,modi.webm,unm,"$38,969.28",Poland,Inuktitut,1972-04-01,14:ab:7d:c9:5c:a3,-116.026198,1981-08-20 13:30:22
Pacific/Kosrae,db-61.huber.com,2019-12-27T12:43:08,31799394,00:24:24,-39.3267785,CH,Vernier,"Stadelmann, Käser and Wirz",vitae.webm,unm,$1.37,Nicaragua,Thai,2004-10-24,50:75:3b:b3:12:a6,26.292217,2013-05-11 06:33:54
Asia/Ulaanbaatar,email-72.walter.net,2003-07-03T10:47:32,678006,14:28:14,-62.150204,CH,Payerne,"Baumgartner, Schürch and Brunner",minus.flac,ff,"$82,824.15",Swaziland,Bosnian,2001-09-20,10:ce:93:75:1a:26,112.020006,1971-09-26 17:34:40
Asia/Choibalsan,email-06.sporri.com,1996-09-21T03:29:42,83050,02:39:25,-4.2317125,CH,Luzern,Kuhn-Frei,fugiat.pages,mk,$24.50,Romania,Oromo,1995-06-26,a0:bf:96:77:f5:92,70.748651,2016-06-22 22:00:42
America/Costa_Rica,desktop-53.muller-schaller.com,2000-10-03T06:12:20,792709315,12:31:51,-33.542983,CH,Regensdorf,"Spörri, Knecht and Beck",eaque.flac,bem,$3.76,Algeria,Icelandic,2003-09-21,6a:b5:58:c3:5e:e1,-168.587782,1988-02-12 20:23:03
America/Nassau,web-90.kern-buhlmann.net,2000-04-17T13:44:39,35,02:29:44,22.5245165,CH,Biel/Bienne,Erni-Steinmann,ea.xlsx,gez,$54.10,Russia,Albanian,1970-06-19,d6:1f:a4:26:b7:bb,33.927186,2006-05-03 05:02:01
America/Dominica,laptop-55.lang.com,1972-12-03T09:12:09,359,06:02:03,75.258585,CH,Uster,Scherrer-Meier,nesciunt.webm,sid,$15.50,CÃ´te d'Ivoire,Kannada,2012-04-26,fb:83:76:1d:a6:41,82.249874,1971-06-23 10:47:26
Australia/Adelaide,srv-41.kalin.com,2019-06-20T06:45:24,58452,12:25:03,9.8448075,CH,Volketswil,Hoffmann and Sons,minima.gif,nl,"$9,013.88",Ethiopia,Lao,2017-04-15,ff:3b:f5:38:31:c1,-66.664679,1977-03-08 00:16:14
Africa/Lome,lt-93.schaller.com,1992-03-27T17:51:36,176177,23:12:14,-87.1325035,CH,Neuenburg,Haas Inc,at.bmp,kw,"$81,429.99",Palau,Swati,1979-03-23,f6:33:cb:d6:d1:12,116.493926,2012-01-09 22:15:40
Asia/Baku,lt-48.benz.com,2018-08-28T22:47:24,59860411,07:58:56,-86.7288335,CH,Basel,Kuhn Ltd,nostrum.xlsx,tig,"$30,459.03",Marshall Islands,Kinyarwanda,1978-01-09,28:94:45:f6:c1:80,68.292793,1970-07-18 10:51:15
Africa/Luanda,srv-25.furrer-knecht.com,2021-02-20T23:21:22,3275398,20:49:06,-79.347760,CH,Stäfa,"Lüthi, Egger and Schär",ullam.mp4,iu,$694.61,Ukraine,Swahili,2016-01-27,0c:05:64:39:31:a4,-65.364178,2004-09-07 14:47:38
Indian/Comoro,srv-94.luscher.com,2022-02-18T06:12:24,67,22:39:29,16.798970,CH,Olten,"Brunner, Michel and Meister",adipisci.ppt,gd,$235.79,Tunisia,Hiri Motu,2017-09-08,0f:a8:28:f2:31:e0,-81.363137,2012-04-06 23:19:28
America/Managua,laptop-76.ackermann.com,2007-04-09T03:43:52,9050,18:48:23,25.2564385,CH,Thun,Lüscher Group,eligendi.webm,bho,$7.67,Tunisia,Albanian,1984-06-30,6f:62:88:07:08:3c,59.783513,1982-11-11 03:28:27
Europe/Chisinau,db-05.moser.net,1996-08-12T02:20:29,348631531,18:38:28,33.8196575,CH,Uster,Merz-Knecht,alias.doc,nan,"$4,558.00",Mongolia,Azerbaijani,2023-09-07,bd:ec:82:71:d5:11,6.169750,1971-05-19 10:38:56
Africa/Freetown,db-56.leu.com,1983-09-23T20:13:56,457,10:44:48,-37.5951375,CH,Pfäffikon,"Widmer, Winkler and Zbinden",unde.xls,tig,$63.57,Papua New Guinea,Kurdish,2010-10-16,30:a9:97:6b:8d:a7,116.310817,2008-05-18 19:35:20
Indian/Antananarivo,laptop-45.ott.com,1976-06-22T19:12:42,340,16:49:41,-34.4769755,CH,Pully,Leunberger Group,repellendus.mov,gez,$3.69,Namibia,Abkhazian,1977-10-24,4a:c5:ad:a7:11:24,61.979648,1972-06-30 03:19:51
Africa/Kinshasa,email-42.berger-seiler.biz,1993-06-07T01:51:43,8515786,16:46:02,66.3438165,CH,Zollikon,"Scheidegger, Furrer and Ott",magni.pptx,bhb,$728.75,Serbia,North Ndebele,2017-09-28,0c:46:cb:0d:12:60,142.154467,1995-05-24 15:48:28
Asia/Baghdad,laptop-23.ammann.com,1998-02-01T23:37:40,76,13:59:13,-36.681134,CH,Zollikon,Marti-Hofer,accusantium.tiff,is,"$6,703.98",Republic of Ireland,Manx,2004-01-14,f5:04:77:53:bd:bb,129.114707,1993-08-01 10:40:33
Asia/Manila,desktop-45.hotz.com,1972-03-20T15:53:50,8,01:14:25,39.559188,CH,Zürich,Ferrari Ltd,impedit.jpg,bo,"$9,665.89",Dominica,Arabic,1982-07-01,bb:06:35:55:e3:92,144.835318,2006-07-01 07:35:17
Pacific/Port_Moresby,web-86.probst.com,2023-07-10T14:58:17,313242131,02:28:06,-9.515906,CH,Riehen,"Michel, Müller and Zürcher",officia.odp,iu,$519.31,Iran,Latin,1999-08-12,67:cb:6b:07:84:7e,124.000350,2011-01-04 05:49:47
Europe/Chisinau,srv-89.hurlimann.org,2011-07-16T07:06:24,912187671,13:15:40,18.1538225,CH,Rheinfelden,Walder Group,nemo.txt,kw,"$87,885.81",Ethiopia,Akan,1994-09-09,23:33:72:f9:a7:9d,-3.815119,1999-05-23 17:12:00
America/Asuncion,email-58.michel-berger.net,1985-11-17T00:37:34,902384,01:53:08,-28.9676795,CH,Adliswil,Zimmermann-Wirz,assumenda.html,el,$3.03,Tonga,Turkmen,2022-03-28,c5:3c:2a:1c:1a:4d,-43.742441,1996-04-26 16:52:24
Asia/Kabul,lt-51.lehmann-vogt.com,1972-01-21T19:36:58,3,12:18:47,-43.9179215,CH,Nyon,"Hofmann, Blaser and Iten",assumenda.mp3,it,$699.48,Cuba,Norwegian,1976-03-31,e0:f2:24:b4:00:a0,-104.830369,2001-06-21 18:46:42
Indian/Mahe,db-82.schumacher.biz,2017-07-03T14:27:33,2221,00:52:51,-50.899916,CH,Wetzikon,"Wehrli, Pfister and Kaufmann",suscipit.xls,fo,$93.25,Brunei Darussalam,Chamorro,1981-02-06,d9:82:d1:9a:bd:a7,-124.916576,1985-10-23 11:02:17
Asia/Makassar,desktop-06.hug.com,1973-01-28T22:12:23,1898875,19:07:02,-86.3765645,CH,Frauenfeld,"Geiger, Pfister and Zbinden",adipisci.key,om,"$94,203.46",Eritrea,Latvian,1986-12-26,2e:16:03:7f:a4:15,138.609108,2000-09-09 12:05:41
Africa/Luanda,email-88.berger-schenk.com,2022-07-14T18:12:58,101,12:50:38,84.4353205,CH,Buchs,Hafner-Aebi,excepturi.odt,bho,$574.07,Cameroon,Japanese,2012-04-15,ac:d2:9f:6f:e8:55,24.893937,1994-04-02 05:24:31
Asia/Urumqi,lt-98.schafer.net,2000-08-24T22:32:57,8979766,01:31:11,-29.7074205,CH,Onex,Imhof PLC,adipisci.mp4,iu,$1.18,Sri Lanka,Mongolian,2021-03-11,70:08:df:cc:17:a8,-147.070612,2010-06-01 13:50:22
Europe/Istanbul,email-19.lustenberger.net,1996-11-15T05:45:23,15021644,06:41:52,77.962323,CH,Altstätten,"Schaller, Pfister and Studer",iure.gif,gl,$338.83,Malaysia,Tamil,1981-05-31,3e:54:72:fb:35:4e,131.337095,1989-06-01 00:23:06
Asia/Bahrain,laptop-72.stutz-weibel.org,1982-04-01T16:43:12,38531,06:43:11,71.789707,CH,Wil,Jäggi-Hunziker,facilis.webm,zh,"$63,865.18",Iran,Lao,2021-08-23,c4:2a:c3:41:ab:9e,-9.256417,2023-08-26 02:05:47
Europe/Rome,srv-30.felber-gasser.com,1987-08-13T08:23:21,828601026,00:27:10,64.4972385,CH,Brig-Glis,Felber and Sons,enim.mp3,it,"$33,479.61",Republic of Ireland,Guarani,2008-06-11,e7:13:76:ae:12:94,-92.703715,2002-06-21 02:29:41
Asia/Riyadh,laptop-75.bernasconi.com,2020-03-02T21:26:00,37437893,05:34:08,-63.236407,CH,Vernier,Kaiser-Stocker,unde.webm,hak,$5.27,Cameroon,Yiddish,1995-02-19,7b:e7:84:04:70:51,168.674916,2004-10-08 07:41:05
Africa/Lusaka,srv-38.thommen-isler.com,1994-09-12T16:52:17,92,05:43:31,-47.2651675,CH,Mendrisio,Wagner-Zürcher,maxime.mp4,de,"$1,654.95",Nigeria,Western Frisian,1972-12-10,61:d9:ec:08:ad:d7,-65.819244,2015-10-23 11:53:54
America/Port_of_Spain,lt-19.bernasconi.org,2017-04-10T08:13:18,14635405,15:38:28,-28.2341855,CH,Rapperswil-Jona,"Wettstein, Isler and Hasler",eaque.ppt,he,$4.43,Argentina,Guarani,1995-12-31,84:1b:a7:ba:d5:7f,-75.839588,1986-02-23 19:35:00
Africa/Gaborone,web-44.ferrari.info,1973-03-10T18:34:18,426197818,10:07:00,-39.8460085,CH,Val-de-Ruz,"Iten, Blaser and Baumann",maiores.flac,ta,$565.70,Nauru,Manx,2012-06-03,7f:a7:3f:d8:f6:da,-142.155018,1975-06-02 11:58:51
Asia/Jerusalem,email-51.tanner-roth.com,2016-01-17T07:06:36,62,01:17:13,41.385173,CH,Wallisellen,Meyer-Bühler,placeat.key,cy,$18.17,Oman,Panjabi,2009-06-01,de:dc:69:9e:6d:2b,-81.776723,1999-08-16 22:15:31
America/Cancun,desktop-92.forster-vogt.org,2019-04-07T04:33:42,49,15:49:54,-6.4880595,CH,Köniz,Schwab-Hotz,ipsam.jpg,kn,"$7,849.02",France,Interlingue,2010-09-23,75:83:2f:bc:28:26,-84.269621,2011-07-20 09:40:40
Asia/Katmandu,laptop-81.fluckiger.com,2012-10-13T14:03:55,1405424,19:19:16,-71.176522,CH,Brig-Glis,Steffen-Hodel,quisquam.mov,mai,"$37,696.93",Sierra Leone,Norwegian Nynorsk,1977-10-13,21:3a:9c:f2:4a:00,99.327354,2001-07-11 20:23:25
Europe/Brussels,laptop-68.schar.biz,2017-01-17T18:57:43,94,23:03:26,88.276086,CH,Baden,Grob-Stauffer,dolorem.numbers,aa,$51.18,Libya,Hiri Motu,1989-09-20,83:75:46:36:9d:a7,121.742069,1991-08-23 20:39:35
Atlantic/Cape_Verde,laptop-66.ammann-schenk.com,2010-05-14T10:28:10,668138,10:38:32,64.420549,CH,Volketswil,Michel Group,atque.csv,doi,$4.70,Guinea-Bissau,Finnish,2005-02-09,5d:c8:23:6d:59:ed,60.980067,2006-04-28 15:54:10
America/Asuncion,db-61.hirt.com,1996-12-13T05:35:12,570,15:56:35,-6.6650955,CH,Lyss,Lanz-Wegmann,saepe.mov,tcy,$83.84,Iran,Spanish,1990-11-15,c3:da:66:cf:0c:88,-14.907952,1975-06-20 09:49:38
America/Indiana/Vincennes,srv-91.jost-schafer.com,1994-04-02T11:53:32,6613808,07:55:45,56.2009605,CH,Worb,"Schwab, Haas and Schoch",eos.ppt,sr,"$40,651.82",Brazil,Malay,2009-04-17,e9:2f:ed:49:ab:2f,30.375302,2014-03-13 06:34:31
America/Port_of_Spain,srv-11.wirz-schwab.org,1987-12-23T20:03:38,5728032,19:11:07,-18.6900775,CH,Schlieren,Kaufmann-Fehr,iusto.css,apn,$39.03,Kenya,Bambara,1994-12-08,0d:4c:cf:45:3c:6c,152.354529,2020-01-29 11:42:28
Asia/Colombo,srv-63.schaller-meier.com,1970-09-01T00:43:01,9953680,19:24:24,-67.040514,CH,Buchs,Sutter-Schnyder,molestiae.ppt,mn,$552.78,Turkey,Lao,1982-11-06,9d:c5:87:74:ab:b9,-58.264439,1996-04-01 20:07:10
Atlantic/Cape_Verde,laptop-74.egli.com,2003-01-08T14:13:41,4289124,07:03:29,-62.2884775,CH,Glarus,Küng-Roth,ut.mp4,gl,"$6,924.47",Burkina Faso,Tigrinya,2016-02-11,79:98:0f:47:39:cc,-158.458780,1983-07-28 18:46:08
Asia/Tashkent,lt-61.hofstetter.org,1990-06-13T11:05:23,1,20:50:54,-41.425593,CH,Renens,Schaller-Stettler,ex.gif,tcy,"$69,792.98",Gabon,Burmese,1988-04-14,04:cd:d8:47:aa:d2,40.735022,2023-04-27 04:06:21
Pacific/Port_Moresby,desktop-72.bader.com,2020-12-28T02:09:01,3,10:25:13,-29.229406,CH,Burgdorf,"Schwarz, Favre and Gasser",veniam.json,the,$6.66,Iceland,Interlingua,2011-04-08,10:f8:2a:9e:6e:d3,107.532507,2000-04-04 02:58:49
Pacific/Kiritimati,db-80.gross.biz,2000-08-05T05:21:26,6153612,08:34:45,-9.2628355,CH,Glarus,Hofstetter-Lüscher,voluptatum.js,tig,$2.00,Central African Republic,Hungarian,2020-03-04,d9:05:72:af:d5:af,-148.435777,2000-03-09 04:08:18
Asia/Baku,email-01.bernasconi-ruegg.com,1977-02-23T13:34:22,623730986,08:30:35,26.2528355,CH,Lenzburg,Bachmann-Ferrari,ipsum.avi,fil,$758.50,Andorra,Gaelic,1990-12-13,25:c5:f4:73:3f:12,22.568054,2018-03-27 09:18:35
Europe/Oslo,desktop-12.gut.com,2014-02-08T16:11:12,8321629,09:57:04,33.5050425,CH,Arth,"Kohler, Frick and Küng",inventore.jpg,de,$98.55,Sierra Leone,Kanuri,1981-07-06,4b:df:3f:50:17:03,-163.381464,2005-06-10 23:20:03
Asia/Aden,srv-76.schmidt.com,1976-03-18T11:45:08,5,19:49:13,-79.592830,CH,Wädenswil,Bader-Isler,explicabo.key,cv,$804.90,East Timor,Romansh,2002-05-03,24:6f:b6:f4:12:0d,-142.171705,1996-09-01 10:17:45
Europe/Monaco,laptop-97.hartmann-mettler.com,2005-06-18T10:36:54,512246,23:38:10,-49.9200165,CH,Rapperswil-Jona,Forster-Stutz,exercitationem.wav,ast,$5.06,Chad,Slovenian,2008-06-09,96:be:3d:7d:ef:a1,173.361746,1997-06-02 17:01:39
Africa/Kigali,laptop-06.felber-schwarz.net,2016-02-18T21:37:32,687784454,11:19:19,56.7732035,CH,La Chaux-de-Fonds,Betschart-Stöckli,sapiente.mov,cv,$3.06,France,Hausa,1981-11-23,a2:98:18:d3:9c:90,-122.536670,1986-08-30 07:15:33
America/Belize,srv-88.zehnder-geiger.com,2018-08-22T20:50:59,549,09:52:51,-12.8161365,CH,Ecublens,Lehmann-Stauffer,voluptatum.html,hak,"$5,037.03",Tunisia,Estonian,2022-04-27,e4:15:db:f0:57:12,145.682628,2008-11-16 16:47:22
Asia/Novosibirsk,desktop-60.frey-mettler.com,1972-02-29T14:30:25,39306652,08:20:42,-71.601841,CH,Ittigen,Winkler-Iten,alias.key,gv,"$23,582.12",Belgium,Korean,2003-02-09,8a:a3:7a:5d:b8:ef,-114.918327,1999-03-30 01:02:54
Europe/Podgorica,email-16.berger.info,1992-06-22T05:50:24,33,06:36:23,65.8193265,CH,Monthey,"Seiler, Bianchi and Wehrli",voluptate.docx,it,$960.49,Singapore,Hindi,1980-05-03,df:9d:41:9e:8e:77,-150.216265,1991-05-06 03:40:27
America/Port_of_Spain,srv-78.lehmann.com,2023-07-01T12:03:14,68901135,04:37:20,2.7749865,CH,Kriens,"Bachmann, Iten and Zimmermann",assumenda.png,niu,$8.67,South Korea,Slovak,1973-03-08,d3:fd:d4:2d:26:bb,-174.123287,2011-03-04 09:40:48
America/Costa_Rica,db-61.hug.com,2017-05-14T16:08:42,9,12:53:49,16.4037505,CH,Brugg,Wirz-Schumacher,quasi.html,sc,$5.91,Slovenia,Tajik,2011-06-10,22:c0:b0:d8:20:15,40.120991,1974-08-15 04:52:36
Africa/Nairobi,email-05.haas-fehr.biz,2002-06-24T05:08:23,2370871,21:52:52,-21.7331615,CH,Flawil,Bachmann PLC,laudantium.json,km,$163.77,Lithuania,Sanskrit,1984-03-14,49:1e:2d:62:89:75,93.584593,1980-01-18 13:23:09
Europe/Vatican,email-29.merz.com,1997-11-14T06:44:07,19096601,01:01:16,15.960791,CH,Männedorf,Kuhn and Sons,reprehenderit.avi,ss,"$5,733.71",Austria,Tonga,2009-02-09,96:d9:47:47:73:2d,104.311587,2022-08-03 16:18:04
Atlantic/Reykjavik,db-70.gross.com,1983-08-12T04:47:57,21542292,18:18:50,35.090286,CH,Chêne-Bougeries,"Ackermann, Ritter and Graf",unde.doc,bn,$402.01,Republic of Ireland,Breton,1988-09-10,32:28:bc:fa:02:c6,162.240095,1974-06-21 21:13:04
Africa/Malabo,email-11.mettler.com,1992-10-15T16:42:59,8707,05:46:10,-45.0689505,CH,Vernier,Betschart-Schlatter,rem.key,mni,$0.39,Slovenia,Fijian,1985-03-15,7e:0e:53:f3:c5:f0,113.413400,1994-03-23 06:42:09
Asia/Damascus,db-38.haas-wehrli.com,2023-07-09T09:54:38,62,02:03:49,11.905346,CH,Sursee,Baur Group,animi.mp4,ln,$5.04,Guinea-Bissau,Dutch,1988-07-08,5a:43:7d:30:f5:93,148.983786,2006-06-19 00:59:48
Pacific/Palau,laptop-35.betschart.com,2001-03-22T03:11:27,27067,18:05:14,-48.2494575,CH,Bernex,Roth-Bühler,molestiae.ods,km,$89.24,Kenya,Kurdish,1970-08-21,bf:4e:ac:82:17:0a,39.866906,2023-07-21 06:43:38
