iban,fullname,email,company,pricetag,longitude,date,language_name,timezone,country,iso8601,language_code,bank_country,file_name,latitude
DE24504051600697930114,Alexandros Scheibe,alexandros.scheibe@gmail.com,Gude,"49,40 €",156.122139,1972-10-05,Kashmiri,Asia/Dushanbe,Paraguay,2012-12-10T04:27:25,az,DE,Platz.mov,-32.103050
DE89933770317552279036,Nikolas Girschner,nikolas.girschner@aol.com,Köster OHG mbH,"81,71 €",179.312758,1974-09-11,Tatar,Europe/Bucharest,Äußeres Ozeanien,1993-07-04T14:09:51,uz,DE,dafür.jpeg,68.0569285
DE47498881325451408016,Andrey Mülichen,andrey.mülichen@hotmail.com,Bauer,"957,63 €",-158.087050,1988-03-12,Interlingue,Asia/Singapore,Syrien,1987-10-17T03:15:51,or,DE,Wald.bmp,-44.620452
DE85284189972911581365,Karlfried Haering,karlfried.haering@msn.com,Linke GmbH,"7,65 €",7.973738,1978-06-21,English,Europe/Oslo,Wallis und Futuna,2015-10-12T21:48:02,nb,DE,unten.jpeg,-56.566862
DE64258271095461027044,Anneliese Rosemann,anneliese.rosemann@msn.com,Kostolzin,"69.075,80 €",44.787413,1988-08-14,Tatar,Asia/Ashgabat,Irak,1989-05-24T00:19:49,ms,DE,Brief.flac,10.7465365
DE66852957616892887615,Martine Neuschäfer,martine.neuschäfer@aol.com,Dobes Kallert GmbH,"44.676,10 €",170.472387,2001-04-29,Chinese,America/La_Paz,Puerto Rico,1974-11-07T08:36:15,lo,DE,rund.webm,-68.8674605
DE84682583638736725045,Juan Heser,juan.heser@msn.com,Preiß,"72,60 €",30.219330,1989-11-08,Tsonga,Australia/Lindeman,Weihnachtsinsel,1990-11-09T05:01:45,es,DE,viel.flac,-88.8152615
DE21124790612254512143,Birte Noack,birte.noack@msn.com,Ullrich,"444,11 €",-58.425343,1981-07-03,Samoan,Europe/Zurich,Iran,1981-06-16T08:40:07,sid,DE,gewinnen.gif,-66.1562625
DE08036048388655728803,Hubert Berger,hubert.berger@proton.ch,Striebitz GmbH,"93.581,29 €",72.238579,1971-02-21,Ewe,Europe/Vienna,Afghanistan,2013-11-06T03:31:53,tcy,DE,Buch.html,10.1830575
DE49587970922877110772,Jenny Meister,jenny.meister@aol.com,Hartmann,"178,03 €",21.221435,1973-12-25,Norwegian Nynorsk,Asia/Thimphu,Tunesien,2022-10-21T17:55:54,si,DE,bei.pages,-88.129852
DE95730583011348070049,Andrzej Drubin,andrzej.drubin@aol.com,Ritter GmbH,"2,26 €",-48.674629,2000-05-04,Swahili,Europe/Budapest,Äquatorialguinea,1984-05-23T16:55:26,shs,DE,da.flac,-61.193690
DE25410776452562401189,Gesche Linke,gesche.linke@hotmail.com,Ackermann,"1.537,60 €",99.771807,1971-05-24,Yoruba,America/Asuncion,Sudan,1970-05-30T09:02:39,dv,DE,richtig.webm,64.0267845
DE51580743677941935461,Ralf Beier,ralf.beier@hotmail.com,Holzapfel,"4,84 €",71.194150,2000-07-07,Kazakh,Pacific/Nauru,Estland,1999-06-03T16:21:44,lij,DE,Tante.tiff,1.538708
DE23241584296631186452,Luise Lübs,luise.lübs@gmail.com,Matthäi,"15,33 €",142.573606,2009-02-01,Inupiaq,America/La_Paz,Usbekistan,1987-08-24T00:46:27,hsb,DE,ein.mov,-3.9177165
DE40187211538592531209,Henrike Stolze,henrike.stolze@gmx.de,Bonbach,"85.565,73 €",-166.064213,1972-09-04,Marshallese,America/Tegucigalpa,Heard- und McDonald-Inseln,2010-08-12T20:10:31,mai,DE,stehen.numbers,65.9134115
DE43329875689025922817,Katy Gertz,katy.gertz@gmail.com,Schmiedecke Scheuermann GmbH,"24,30 €",-72.277068,2008-11-30,Spanish,Europe/Paris,Republik Korea,2000-09-01T07:09:21,nso,DE,Wohnung.json,81.956797
DE24545830884486366410,Vinko Wiek,vinko.wiek@gmail.com,Harloff Bolzmann KG,"908,47 €",93.967390,2000-11-09,Finnish,Atlantic/Cape_Verde,Sri Lanka,2002-02-08T19:05:52,as,DE,Kopf.pages,44.750310
DE17448373040952324214,Mijo Anders,mijo.anders@proton.ch,Ditschlerin,"292,68 €",-77.595287,2003-06-17,Chuvash,Australia/Sydney,Kaimaninseln,2002-05-31T19:44:34,raj,DE,ziehen.json,-36.834052
DE84188255781369231148,Berthold Schacht,berthold.schacht@hotmail.com,Hänel Gehringer GmbH & Co. OHG,"0,95 €",-140.677363,1990-06-14,Oriya,Atlantic/Canary,Indonesien,2018-09-27T05:05:16,my,DE,fahren.mp3,-15.0260545
DE23315476989029499956,Theresa Thanel,theresa.thanel@hotmail.com,Oestrovsky,"57.500,44 €",17.253981,1987-04-07,Western Frisian,Europe/Luxembourg,Guatemala,2011-09-03T13:37:04,tt,DE,Gesicht.webm,18.800772
DE41918538309505832842,Engelbert Hendriks,engelbert.hendriks@gmx.de,Lehmann Stiftung & Co. KG,"96.535,13 €",-40.309393,2018-07-04,Kalaallisut,Asia/Beirut,Montserrat,2006-01-25T22:46:36,sid,DE,Bett.jpeg,22.6265905
DE16792675876450766110,Nuray Herrmann,nuray.herrmann@msn.com,Keudel KG,"982,22 €",-91.885995,1999-05-10,Latin,Pacific/Enderbury,Heard- und McDonald-Inseln,2014-02-23T03:50:31,cy,DE,Musik.json,-42.716435
DE44290450392889000113,Hans-Hermann Rose,hans-hermann.rose@aol.com,Mende,"2.087,99 €",-164.026743,2004-06-11,Estonian,Europe/Vilnius,Samoa,1992-12-01T20:19:11,lg,DE,ob.doc,-25.8572045
DE83636876399559208281,Siegried Reising,siegried.reising@proton.ch,Noack AG,"6.467,67 €",36.083252,1977-09-23,Hebrew,Asia/Baku,Tuvalu,1995-06-06T00:32:07,bem,DE,gab.txt,-39.624785
DE47212279787136439515,Kreszenz Gorlitz,kreszenz.gorlitz@gmail.com,Heß GbR,"5.222,98 €",-8.423743,1993-01-06,Georgian,Africa/Bujumbura,Tschad,1973-02-24T14:58:02,ml,DE,ist.webm,76.8400045
DE12452076510875553120,Claus Schaaf,claus.schaaf@aol.com,Trub Beer GbR,"614,47 €",-55.254074,1995-05-30,Tajik,Europe/Chisinau,Syrien,2021-07-29T18:22:41,tr,DE,zwei.docx,5.962697
DE52909960466179048725,Gerhardt Dussen van,gerhardt.dussen van@hotmail.com,Schmidtke e.V.,"6.282,16 €",17.715226,2001-03-30,Manx,Indian/Comoro,El Salvador,1999-12-24T18:01:32,ar,DE,seit.html,25.922382
DE98096920801776250063,Claudio Heydrich,claudio.heydrich@aol.com,Krein e.V.,"98.598,57 €",-142.203085,1974-01-02,Lithuanian,Asia/Tokyo,Seychellen,1988-07-08T10:42:41,ht,DE,Schiff.mov,-53.5659825
DE02184131423981598208,Denise Jäkel,denise.jäkel@proton.ch,Neuschäfer KG,"10,08 €",-46.989614,1977-09-26,Arabic,America/Lima,Afghanistan,2004-08-16T08:47:34,ru,DE,groß.wav,51.3479165
DE95742745433250560897,Jan Kramer,jan.kramer@proton.ch,Etzold GmbH & Co. KGaA,"8.650,60 €",133.800786,2017-08-25,Malay,Pacific/Nauru,Gambia,2006-11-22T04:38:51,gez,DE,Platz.png,-23.899247
DE10813309637584599125,Reingard Hiller,reingard.hiller@msn.com,Klapp,"837,75 €",75.259038,1984-03-24,Ndonga,Asia/Aqtau,Slowenien,2008-10-10T12:38:46,st,DE,Zimmer.webm,-15.888989
DE06129373747066879814,Ekrem Baum,ekrem.baum@msn.com,Spieß AG,"76.580,64 €",-42.612671,2018-06-01,Norwegian Nynorsk,Europe/Paris,Mauretanien,1976-12-23T15:14:16,zh,DE,hart.mov,31.1445465
DE42507664529831458197,Tassilo Schäfer,tassilo.schäfer@proton.ch,Holt,"35,28 €",1.465104,2003-05-01,Oromo,Pacific/Palau,St. Pierre und Miquelon,2007-03-22T07:41:21,cs,DE,mein.html,-39.0298435
DE94089210495019164891,Kurt Wohlgemut,kurt.wohlgemut@hotmail.com,Seidel,"46,60 €",1.879806,1980-09-16,Corsican,Indian/Mauritius,Aruba,1993-06-03T05:58:18,lzh,DE,Ding.jpg,86.067364
DE47101017268079076670,Alan Spieß,alan.spieß@gmail.com,Scholl KG,"6,93 €",112.801143,1982-01-28,Ukrainian,America/Managua,Türkei,1981-04-24T12:39:22,nhn,DE,Vogel.avi,-79.8076245
DE07905165976571530148,Edelgard Peukert,edelgard.peukert@proton.ch,Caspar Peukert AG & Co. KGaA,"8,13 €",-116.848569,1998-03-02,Polish,Pacific/Port_Moresby,Algerien,2000-07-27T12:06:20,bs,DE,ins.jpeg,-3.7609095
DE80074847579872124280,Günther Kobelt,günther.kobelt@hotmail.com,Röhrdanz Löchel KG,"1,22 €",103.945902,1991-05-22,Kinyarwanda,Asia/Kabul,Sambia,1982-03-31T03:26:33,mk,DE,weinen.odt,34.9690345
DE41476978590996378211,Jaqueline Ullrich,jaqueline.ullrich@aol.com,Förster,"9.143,42 €",99.858503,1972-06-19,Portuguese,America/Bogota,Jamaika,2014-03-15T19:06:24,mr,DE,oben.jpeg,30.743955
DE46489036422350674091,Verena Hölzenbecher,verena.hölzenbecher@aol.com,Meyer Bien GbR,"0,99 €",58.927805,2001-09-14,Walloon,Europe/Andorra,Réunion,1984-12-09T11:22:58,ts,DE,spät.avi,-52.7169035
DE35061382465212901613,Vesna Weihmann,vesna.weihmann@proton.ch,Klingelhöfer AG & Co. KGaA,"5.159,10 €",-41.392989,2023-01-26,Tigrinya,Asia/Tokyo,Madagaskar,1980-04-05T18:05:19,my,DE,Stelle.png,89.271565
DE55459970694679436915,Kreszentia Römer,kreszentia.römer@hotmail.com,Schleich Schottin AG & Co. OHG,"9,19 €",-67.481385,2005-04-19,Corsican,Africa/Abidjan,Gambia,2013-06-29T00:36:34,kw,DE,glücklich.css,61.595776
DE29333719366733220469,Mirja Scheibe,mirja.scheibe@gmx.de,Karge,"853,08 €",89.704630,1981-10-26,Chamorro,America/Costa_Rica,Grenada,1973-09-07T17:44:36,eu,DE,nämlich.mov,40.3902625
DE61056895982102635005,Eitel Kraushaar,eitel.kraushaar@aol.com,Röhricht Peukert KG,"4,53 €",77.926121,1991-01-08,Kuanyama,America/Lima,Syrien,1983-06-24T16:38:35,tg,DE,rennen.pdf,-76.5799205
DE42453499405482365049,Theodora Hentschel,theodora.hentschel@msn.com,Hiller Eimer GmbH & Co. KG,"21.683,41 €",-179.685480,2019-08-28,Javanese,Europe/Berlin,Palau,2021-04-07T02:05:00,bg,DE,ob.txt,40.7296275
DE41985064299151687564,James Hölzenbecher,james.hölzenbecher@hotmail.com,Heinrich Ring KG,"1,67 €",-31.335101,2019-01-25,Guarani,Africa/Tunis,Palau,1975-05-22T20:14:02,nr,DE,Brot.mp3,-84.202140
DE84058900701390412929,Heribert Hahn,heribert.hahn@hotmail.com,Fiebig Süßebier KG,"93.729,81 €",-81.954980,1987-02-04,Navajo,Europe/Helsinki,Bahrain,2008-07-14T02:35:25,nan,DE,nichts.docx,79.727519
DE94238672775449372461,Rudolf Ullmann,rudolf.ullmann@msn.com,Krause AG & Co. KG,"7.717,48 €",-4.536799,1993-09-26,Cornish,Asia/Bahrain,Libanon,1992-08-07T16:15:29,se,DE,Auge.docx,-48.170233
DE12148270449646705813,Viola Heser,viola.heser@gmx.de,Adler Stiebitz GmbH & Co. OHG,"7,74 €",-79.219400,2011-05-01,Ewe,Europe/Rome,Wallis und Futuna,1993-10-01T14:32:04,gd,DE,davon.jpg,-30.3957415
DE34743960583387407959,Veronika Mitschke,veronika.mitschke@hotmail.com,Aumann GbR,"7.417,49 €",-173.167442,1972-03-02,Panjabi,Europe/Minsk,Malta,2010-11-11T03:34:49,ta,DE,Sonne.wav,39.4395515
DE95263181986320341155,Meinhard Ruppersberger,meinhard.ruppersberger@proton.ch,Kallert Reuter e.G.,"45.581,32 €",133.339008,1974-03-08,Assamese,Europe/Madrid,Malta,2005-09-13T08:49:20,te,DE,wer.txt,-11.5660395
DE08013823493878527558,Felizitas Mülichen,felizitas.mülichen@aol.com,Trapp,"80,97 €",-117.096702,2000-05-12,"Sotho, Southern",America/St_Vincent,Japan,1975-08-30T10:52:12,ja,DE,Bett.html,2.298009
DE70871106975503165891,Arzu Krause,arzu.krause@gmx.de,Wende GbR,"220,60 €",-124.138196,1976-01-28,Ukrainian,Europe/Riga,Grenada,1990-09-28T17:50:04,ru,DE,machen.flac,-67.271562
DE79094234005962644979,Daniele Textor,daniele.textor@proton.ch,Drub Hermann GmbH & Co. KGaA,"1,19 €",62.050709,1972-01-10,Ojibwa,America/Argentina/Mendoza,Deutschland,2012-08-10T04:49:07,aa,DE,schauen.png,-10.0436285
DE36276433273048415714,Birgid Reichmann,birgid.reichmann@msn.com,Salz GmbH,"529,69 €",-72.892881,1978-02-13,Pali,Europe/Bratislava,Amerikanisch-Ozeanien,1999-09-01T08:24:38,ht,DE,fest.tiff,85.2815375
DE63246061745362319860,Dörte Fischer,dörte.fischer@gmail.com,Gerlach GmbH & Co. OHG,"95.670,29 €",176.649086,1971-09-22,Samoan,Africa/Mogadishu,El Salvador,2008-10-03T12:50:32,mn,DE,fröhlich.odp,14.9977055
DE57263370532100755830,Lili Weller,lili.weller@gmx.de,Säuberlich AG,"4.760,12 €",83.428351,1989-08-03,Welsh,Asia/Beirut,Färöer,1979-12-20T11:29:14,ss,DE,weiß.webm,29.8839615
DE87030400442379297694,Hans-Ulrich Hering,hans-ulrich.hering@aol.com,Schweitzer Mende KG,"611,62 €",76.764788,1981-06-10,Basque,Asia/Singapore,Benin,1997-05-16T07:56:28,uz,DE,heißen.js,68.889378
DE34992686721194330754,Tilo Süßebier,tilo.süßebier@msn.com,Zorbach,"31.184,97 €",144.804202,2004-09-17,Tsonga,America/Lima,Tschechische Republik,2021-01-26T11:30:05,as,DE,beißen.flac,-34.8275495
DE74333867067744389356,Anne-Katrin Junck,anne-katrin.junck@aol.com,Boucsein GbR,"71.110,13 €",-88.569783,1980-02-05,Marathi,Africa/Maseru,Seychellen,1995-09-09T14:19:33,ti,DE,Finger.webm,36.6665835
DE50219296946769643458,Sybille Drewes,sybille.drewes@msn.com,Kade,"1,73 €",5.044838,2008-11-09,Swati,Europe/Sarajevo,Griechenland,2010-03-30T20:46:25,so,DE,liegen.mov,1.7140565
DE28417466123730538303,Franco Schottin,franco.schottin@hotmail.com,Wieloch,"94,49 €",100.884038,1975-05-04,Abkhazian,Asia/Kuwait,Palästinensische Gebiete,1998-05-07T16:49:29,bn,DE,tun.png,64.2539155
DE30344189479862991269,Adriana Schacht,adriana.schacht@hotmail.com,Dowerg Putz OHG mbH,"7,37 €",4.696104,1999-01-18,Malay,Asia/Taipei,Neukaledonien,1992-10-07T12:01:17,or,DE,fallen.txt,-40.6235385
DE72348296126790132719,Lara Dörr,lara.dörr@proton.ch,Lorch Weihmann AG & Co. KGaA,"91,17 €",-109.559509,1991-09-21,Amharic,Asia/Bishkek,Paraguay,1992-03-04T20:48:59,yue,DE,gleich.numbers,87.862049
DE63721198598128823453,Anny Wernecke,anny.wernecke@gmail.com,Bauer Caspar GmbH & Co. KG,"42,59 €",98.486819,1982-07-09,Arabic,Europe/Athens,Nordmazedonien,2022-09-18T18:28:32,lb,DE,gesund.jpeg,-47.1770995
DE88771097729051829927,Gisela Dehmel,gisela.dehmel@gmx.de,Schulz GmbH,"72,25 €",-149.466891,2013-09-12,Welsh,Asia/Samarkand,Guatemala,1986-10-22T08:27:53,bem,DE,Schüler.pdf,-8.450325
DE10622347464407689425,Anatolij Koch II,anatolij.koch ii@proton.ch,Vollbrecht KG,"786,61 €",-19.696331,2010-03-06,Tonga,Asia/Beirut,Algerien,1972-07-18T02:05:27,mai,DE,über.mov,18.190820
DE85567371811068125269,Marlies Aumann,marlies.aumann@msn.com,Beier,"7,50 €",72.800666,1997-10-23,Bislama,America/Costa_Rica,Antarktis,1986-05-24T22:09:25,km,DE,sie.json,-85.2457545
DE71652676763686753320,Anita Röhrdanz,anita.röhrdanz@gmx.de,Hoffmann Koch II GmbH,"11,89 €",-175.702258,1992-09-29,Zulu,Europe/Vaduz,Bouvetinsel,1982-09-04T23:34:14,iw,DE,zeigen.jpeg,37.046704
DE88358835102937700465,Darko Gude,darko.gude@proton.ch,Höfig e.V.,"27,88 €",13.309826,1970-05-27,Kashmiri,Pacific/Galapagos,Malta,1991-12-23T14:24:10,kl,DE,Oma.html,-23.221013
DE80396613177437473405,Ingeborg Cichorius,ingeborg.cichorius@hotmail.com,Stoll e.V.,"365,32 €",-57.221758,1971-03-11,Galician,Asia/Baghdad,Belarus,1977-08-01T06:19:15,mk,DE,mich.mp4,83.824268
DE69479049962561064607,Irmtrud Koch II,irmtrud.koch ii@proton.ch,Döhn Hertrampf AG,"3,21 €",163.420297,2018-06-02,Ido,Atlantic/Cape_Verde,Luxemburg,2010-08-12T10:03:18,tl,DE,fallen.mp4,14.055319
DE18751416284220804879,Oswin Freudenberger,oswin.freudenberger@proton.ch,Weller,"888,46 €",83.448057,1980-05-05,Kirghiz,Pacific/Galapagos,Französisch-Polynesien,1978-07-04T01:15:16,ln,DE,setzen.flac,-53.9758775
DE89771157198206738152,Zofia Herrmann,zofia.herrmann@gmx.de,Reichmann,"3.661,06 €",45.237912,1987-06-10,Indonesian,Africa/Ndjamena,St. Vincent und die Grenadinen,1990-05-15T11:00:59,so,DE,schön.webm,50.765938
DE16353547593423992154,Erich Liebelt,erich.liebelt@msn.com,Pärtzelt,"27,68 €",-62.834715,2011-11-03,Ido,Europe/Riga,Libyen,1989-08-30T10:24:01,bn,DE,mehr.numbers,-83.615726
DE10020514015069558442,Marieluise Ritter,marieluise.ritter@gmail.com,Gnatz Heinz e.V.,"5.425,02 €",-11.762006,1971-08-16,Abkhazian,Europe/Sarajevo,Panama,1971-08-27T03:57:16,mt,DE,Bein.ods,80.937281
DE90595821823813999680,Kasimir Liebelt,kasimir.liebelt@gmail.com,Girschner Rust GmbH,"6,29 €",127.834984,1983-01-15,Burmese,Asia/Muscat,Bahamas,1989-09-06T06:34:54,gl,DE,mehr.png,-41.1381025
DE67490410443446406931,Margareta Scholl,margareta.scholl@msn.com,Reinhardt Stiftung & Co. KG,"709,22 €",111.210266,1977-03-13,Norwegian,America/Indiana/Petersburg,Barbados,1998-05-23T06:33:20,ak,DE,ja.key,-29.6458995
DE65767342294936274405,Concetta Henck,concetta.henck@proton.ch,Dietz GmbH & Co. OHG,"95,84 €",-159.414008,2014-04-24,Kurdish,Asia/Bangkok,Fidschi,1990-10-04T02:02:24,cs,DE,Opa.webm,-20.712170
DE86287188530904180931,Jochen Ziegert,jochen.ziegert@hotmail.com,Mohaupt Matthäi AG & Co. OHG,"9.018,32 €",20.051808,1997-09-12,Zulu,America/Caracas,Bolivien,2016-04-30T16:58:18,st,DE,lassen.ods,41.560489
DE39339693325881333371,Wolf Schuster,wolf.schuster@aol.com,Weinhold Dippel KG,"18,85 €",-22.073181,1975-01-25,Esperanto,Europe/Vatican,Iran,2020-08-28T21:27:22,ss,DE,kommen.mov,86.4791735
DE94799713931544481924,Mijo Fritsch,mijo.fritsch@gmail.com,Geisel Hornich OHG mbH,"136,43 €",-110.157339,2017-10-14,Kurdish,America/St_Vincent,Mikronesien,2000-01-19T05:34:03,shs,DE,stehen.avi,-82.3601715
DE78207235189763308694,Cengiz Lindner,cengiz.lindner@gmail.com,Scholtz,"44,01 €",-41.426616,2006-07-27,Bihari languages,Africa/Windhoek,Kuba,2020-10-20T20:13:53,mhr,DE,fallen.txt,72.957135
DE70738228402348912578,Bertha Kambs,bertha.kambs@gmx.de,Jessel AG,"766,99 €",-40.057665,1998-07-27,Arabic,Asia/Qyzylorda,Tonga,1994-09-23T07:10:07,li,DE,Angst.flac,83.937436
DE77164744931827005168,Heidelinde Mies,heidelinde.mies@aol.com,Geißler,"95,07 €",145.622065,1987-11-05,Turkish,Asia/Hovd,Aserbaidschan,1972-06-15T16:14:25,mni,DE,kaufen.pdf,-43.4785035
DE65018746745960455355,Annita Pechel,annita.pechel@msn.com,Zimmer Paffrath e.V.,"21,39 €",64.098164,2016-07-16,Ojibwa,Africa/Gaborone,Kokosinseln,1995-12-21T06:13:17,hak,DE,brauchen.bmp,-40.958330
DE45153009251024025710,Guido Trubin,guido.trubin@gmx.de,Rogner,"0,84 €",-30.595082,2012-08-27,Irish,Pacific/Port_Moresby,Griechenland,1984-12-02T07:11:30,en,DE,wahr.mp4,-19.2060115
DE75438852772391248122,Monique Schleich,monique.schleich@gmail.com,Mälzer,"6.720,58 €",79.779224,2005-05-04,Abkhazian,Pacific/Tarawa,Nordmazedonien,1993-03-28T19:18:23,dv,DE,Junge.flac,76.843280
DE08965120561953393020,Antonio Bruder,antonio.bruder@gmail.com,Knappe AG,"80,54 €",-5.256088,1987-03-22,Lithuanian,Europe/London,Nepal,1998-03-14T17:16:41,wo,DE,ins.bmp,-56.291883
DE02469499888904039249,Sibylle Bachmann,sibylle.bachmann@gmx.de,Mans,"9,30 €",-90.438618,1979-12-28,Interlingue,Europe/Ljubljana,Eritrea,1974-08-18T00:31:53,kw,DE,warm.key,-5.662574
DE59069055473192242416,Heiko Biggen,heiko.biggen@gmx.de,Lehmann,"989,89 €",-22.782441,1976-03-24,Uighur,Asia/Karachi,Polen,2013-06-28T10:32:34,uk,DE,Oma.json,-72.858593
DE34595588216238437595,Joana Täsche,joana.täsche@msn.com,Metz GmbH & Co. KG,"4,50 €",162.267465,2022-06-03,Afar,Asia/Yerevan,Slowakei,1995-12-18T10:24:40,cy,DE,rot.mov,23.299807
DE13620002457191720735,Raphaela Otto,raphaela.otto@gmx.de,Gieß,"7,38 €",70.268881,1971-05-27,Manx,Europe/Belgrade,Neukaledonien,2017-03-03T02:44:52,ve,DE,turnen.docx,20.4259015
DE42333374794329263329,Hanife Hübel,hanife.hübel@gmx.de,Klapp e.V.,"619,42 €",156.526430,1971-08-18,Cree,Africa/Kampala,Serbien,1977-04-14T15:47:19,tig,DE,Zimmer.html,6.085443
DE88173116227822030063,Zbigniew Atzler,zbigniew.atzler@msn.com,Rose Eberth KG,"80.342,70 €",20.122487,1975-09-23,Chichewa,Africa/Sao_Tome,Puerto Rico,2019-12-22T07:34:43,mai,DE,Seite.gif,30.0577215
DE91831211206986675882,Wojciech Salz,wojciech.salz@hotmail.com,Neureuther,"5.314,57 €",-137.615565,1979-11-16,Western Frisian,Africa/Asmera,Jemen,1970-04-03T05:07:17,uz,DE,los.png,21.551813
DE95064480139427173374,Dominic Franke,dominic.franke@gmail.com,Bähr,"78,79 €",86.738030,1993-05-21,Ewe,Africa/Douala,Britisches Territorium im Indischen Ozean,1974-09-04T11:34:40,gu,DE,allein.gif,-40.449758
DE58890805569396687479,Lieselotte Niemeier,lieselotte.niemeier@gmx.de,Stroh Scheel AG,"77.685,61 €",-68.100726,2008-01-17,Marshallese,Asia/Chongqing,Malta,1971-08-31T00:49:24,fur,DE,später.pdf,-73.4526815
DE33609369583759212644,Paula Staude,paula.staude@gmx.de,Peukert,"436,11 €",-128.676395,1976-04-25,Czech,Africa/Monrovia,Liechtenstein,1972-08-27T00:34:52,as,DE,hin.odp,-73.3291815
DE41812769715959465641,Kristina Wirth,kristina.wirth@hotmail.com,Birnbaum,"466,69 €",-45.955044,2017-01-23,Tagalog,Europe/San_Marino,Guernsey,1988-01-04T10:29:45,eu,DE,später.wav,-14.052053
DE30075150571613456601,Albin Loos,albin.loos@msn.com,Kranz GmbH,"24,01 €",73.655212,1977-04-06,Polish,America/Grenada,Togo,1971-08-19T21:59:57,ta,DE,Rad.tiff,33.898947
DE80729033208427070894,Ignaz Hentschel,ignaz.hentschel@msn.com,Becker Hettner KG,"35.734,39 €",67.169120,1974-04-24,Czech,Asia/Ulaanbaatar,Griechenland,1998-10-14T14:43:06,fo,DE,ja.xls,24.918482
DE67091013561799023017,Katarzyna Plath,katarzyna.plath@gmx.de,Henck GmbH & Co. OHG,"9.406,99 €",-78.450971,2017-06-21,Tahitian,Europe/Riga,Georgien,2013-11-18T16:33:29,ks,DE,ihn.css,8.6952755
DE04298466154282473749,Gisa Ziegert,gisa.ziegert@msn.com,Bauer,"6,45 €",-136.305964,1982-12-28,Uighur,Africa/Cairo,Guam,1970-03-15T21:28:33,tl,DE,draußen.wav,-31.9362245
DE43005999280774617778,Jose Segebahn,jose.segebahn@gmx.de,Weitzel Budig GmbH & Co. KG,"101,91 €",47.439639,1980-07-29,Assamese,America/Eirunepe,Gabun,1979-12-02T00:52:32,sl,DE,ob.avi,3.3061935
DE51826143891085946850,Luzie Kramer,luzie.kramer@proton.ch,Geißler Bärer AG,"934,39 €",174.126267,1996-12-07,Xhosa,Asia/Brunei,Amerikanisch-Ozeanien,1989-08-20T20:57:40,et,DE,schon.pptx,-15.841624
DE53286445349893740099,Leonhard Zirme,leonhard.zirme@gmail.com,Klingelhöfer Reinhardt KG,"5.661,74 €",95.431096,1982-05-08,Samoan,Europe/Warsaw,Südafrika,1988-12-07T12:20:17,hak,DE,holen.bmp,-15.3628145
DE75439793205591243662,Jörg Weihmann,jörg.weihmann@gmail.com,Jopich AG,"8,64 €",26.301027,2001-06-24,Marathi,Asia/Karachi,Montenegro,1983-04-13T00:03:38,mai,DE,Jahr.mp4,-35.8375815
DE30991774780878073973,Hedwig Wesack,hedwig.wesack@gmx.de,Schmiedecke Noack AG & Co. OHG,"2,18 €",93.599838,2000-06-29,Fijian,Asia/Kabul,St. Kitts und Nevis,1995-08-17T14:18:14,ko,DE,richtig.pdf,85.136527
DE08215647436342746990,Alexandre Renner,alexandre.renner@gmx.de,Heß,"861,27 €",145.301503,1994-06-21,Macedonian,Europe/Skopje,Madagaskar,2021-07-06T05:25:29,ayc,DE,lassen.wav,71.4095965
DE29709701620794190965,Marlis Baum,marlis.baum@hotmail.com,Jäntsch Klemm GmbH,"371,19 €",31.887265,2015-06-26,Tatar,Europe/Andorra,St. Barthélemy,1994-01-10T21:39:55,nr,DE,hängen.mp3,-21.2783835
DE56171320646776445286,Gottfried Tintzmann,gottfried.tintzmann@proton.ch,Aumann KGaA,"69,95 €",21.804643,2002-03-11,Faroese,Indian/Antananarivo,Guernsey,2011-02-23T12:54:11,am,DE,gesund.odt,-81.787580
DE30619419655891133896,Daniele Ladeck,daniele.ladeck@msn.com,Kramer Geisler GmbH,"4.883,46 €",-11.310358,2007-10-29,Guarani,Africa/Bamako,Gambia,2001-12-29T12:25:15,fy,DE,glauben.css,-40.004027
DE85952576963697965227,Enno Kensy,enno.kensy@gmail.com,Eberhardt,"78.680,30 €",-103.757752,1982-08-31,Maltese,Asia/Singapore,Guyana,2002-12-05T01:58:07,wae,DE,Spiel.docx,-72.4312685
DE57793021706057145021,Jochem Hermann,jochem.hermann@gmx.de,Wernecke Reising GmbH & Co. OHG,"28.370,91 €",170.867163,1971-05-31,Nauru,Europe/Prague,Madagaskar,1986-12-13T17:11:55,ce,DE,Bauer.js,-51.2096985
DE06989994666478884726,Georgine Sorgatz,georgine.sorgatz@proton.ch,Eigenwillig Weitzel GmbH & Co. OHG,"43,57 €",88.295081,1986-04-11,Uighur,Asia/Thimphu,Usbekistan,1994-08-27T20:40:26,nso,DE,Zeit.mp4,-68.938689
DE49840098760882649656,Otmar Koch II,otmar.koch ii@proton.ch,Segebahn Zahn OHG mbH,"9,50 €",4.961672,2010-06-17,Norwegian,America/Guayaquil,Libyen,1995-06-13T02:03:32,rw,DE,ihn.mp3,-86.095623
DE33085597451662113203,Theresa Henk,theresa.henk@proton.ch,Grein Groth Junken KG,"789,15 €",56.926460,1971-06-05,Kanuri,America/Montevideo,Honduras,1986-05-27T06:03:05,ur,DE,bleiben.css,85.141371
DE84670799711959786016,Heinz-Josef Salz,heinz-josef.salz@gmx.de,Heuser,"98.692,02 €",-61.969917,2010-10-24,Sichuan Yi,Africa/Bamako,Montenegro,2016-04-10T10:38:35,ur,DE,bringen.tiff,-18.4857575
DE95115752028684297680,Rigo Stey,rigo.stey@gmx.de,Wulff,"3,45 €",-51.251123,1982-04-01,Hindi,Asia/Riyadh,Guernsey,2004-12-28T01:11:41,ce,DE,alt.js,-88.276642
DE18997009356700915636,Hans-Jochen Hentschel,hans-jochen.hentschel@proton.ch,Kohl,"97.783,47 €",116.875183,2009-01-27,Czech,Europe/Vienna,Laos,1995-02-10T07:59:56,th,DE,vielleicht.css,4.8448755
DE84992934954745678775,Jana Möchlichen,jana.möchlichen@gmx.de,Täsche GmbH & Co. OHG,"78,50 €",11.782943,2009-09-26,Uighur,Asia/Yerevan,Marshallinseln,2022-10-28T16:30:10,lo,DE,können.png,86.9442735
DE13439536438792129431,Erhard Naser,erhard.naser@msn.com,Karz Bolzmann GmbH & Co. KG,"4.271,11 €",152.767246,2023-05-31,Avaric,Europe/Vilnius,China,2010-01-13T10:43:47,rw,DE,Loch.mp4,-23.040890
DE36172166916877988668,Ekkehart Holzapfel,ekkehart.holzapfel@proton.ch,Wieloch Kusch GmbH & Co. KGaA,"2.507,41 €",74.966282,2003-09-14,Chamorro,Africa/Gaborone,Tonga,1998-09-05T08:30:32,kok,DE,wahr.ods,-78.7565005
DE04165890143376529508,Sebastiano Ladeck,sebastiano.ladeck@proton.ch,Tintzmann,"83,79 €",170.858634,2001-12-13,Manx,America/Tegucigalpa,Gambia,1976-02-08T21:11:01,mn,DE,am.pdf,-22.9125515
DE79158382271432794486,Evamaria Pruschke,evamaria.pruschke@proton.ch,Weiß Sontag Stiftung & Co. KG,"20.593,30 €",-174.384725,2016-05-22,Igbo,Australia/Brisbane,Brunei Darussalam,1974-11-10T00:56:37,uz,DE,Land.pptx,-13.935058
DE95525586151320178522,Magnus Walter,magnus.walter@proton.ch,Mentzel,"78.160,51 €",94.578826,2011-12-22,Divehi,Africa/Douala,Ungarn,1999-06-30T19:37:15,ha,DE,frei.json,10.4003755
DE92351471578952133026,Carl-Heinz Döhn,carl-heinz.döhn@hotmail.com,Schönland e.G.,"224,96 €",100.684803,2015-12-31,Swahili,Africa/Porto-Novo,Tunesien,1985-12-13T18:09:21,uk,DE,setzen.html,-51.6369735
DE42629252993721993516,Margret Mentzel,margret.mentzel@gmx.de,Koch II Kohl AG & Co. KG,"12.302,05 €",-127.496211,1996-03-12,Danish,Asia/Beirut,Kirgisistan,2019-03-04T11:06:09,niu,DE,rechnen.mov,2.9226345
DE77673767758751122422,Gerhardt Geisler,gerhardt.geisler@msn.com,Kroker GbR,"49,53 €",5.239644,1992-09-09,Tonga,Europe/Helsinki,Philippinen,2005-06-06T13:45:20,ar,DE,geben.tiff,-21.981315
DE85412571442898798364,Laszlo Weitzel,laszlo.weitzel@gmx.de,Renner Klotz Stiftung & Co. KG,"28.130,71 €",6.500046,1991-03-31,Venda,America/Santo_Domingo,Simbabwe,2008-04-27T21:05:55,niu,DE,ich.flac,-76.8120905
DE28633734322719761496,Faruk Patberg,faruk.patberg@hotmail.com,Girschner Lachmann GmbH,"21.934,40 €",155.216567,1996-01-19,Church Slavic,America/Tegucigalpa,Norwegen,2014-01-22T11:02:24,lij,DE,groß.xls,75.4301265
DE28571633621620352309,Frederike Lachmann,frederike.lachmann@proton.ch,Hertrampf,"24.883,50 €",-61.414912,1973-07-10,Zhuang,America/Toronto,Republik Korea,1983-11-04T03:14:07,ln,DE,Herr.json,-73.467759
DE37408482414483857628,Emilia Thies,emilia.thies@gmx.de,Stadelmann GmbH & Co. KGaA,"68.980,90 €",123.214757,1991-05-07,Malayalam,Africa/Luanda,Bahrain,2009-06-04T15:50:57,hu,DE,sitzen.html,-16.672087
DE20614121860905280854,Alicja Hartmann,alicja.hartmann@msn.com,Bachmann Flantz GmbH,"4,84 €",145.226506,2016-10-17,Fijian,Asia/Seoul,Tuvalu,1979-06-05T05:16:24,pl,DE,dürfen.mp3,57.8508295
DE41930752244467983336,Ivana Scheibe,ivana.scheibe@gmx.de,Peukert,"2.552,81 €",32.075060,1992-06-24,Tajik,Asia/Tehran,Aserbaidschan,1999-11-11T14:42:41,mni,DE,wohl.mov,48.7886725
DE75489345218386674171,Heinz-Peter Bohlander,heinz-peter.bohlander@gmx.de,Kruschwitz,"9,20 €",-41.933011,2002-03-24,Gujarati,Asia/Vientiane,Costa Rica,1985-03-14T10:45:46,nr,DE,hat.html,40.637645
DE55018194775730596965,Isolde Wohlgemut,isolde.wohlgemut@gmail.com,Jacob Hesse Stiftung & Co. KG,"3.505,56 €",50.409159,1970-03-08,Telugu,Europe/Helsinki,Schweiz,1972-02-14T11:22:01,raj,DE,geben.wav,-76.209611
DE34242170067504560243,Yusuf Bolnbach,yusuf.bolnbach@gmx.de,Patberg,"551,60 €",3.473673,1988-10-05,Arabic,Asia/Riyadh,Armenien,1981-03-29T14:45:17,my,DE,Stein.tiff,-48.808770
DE04022842245572701564,Ulla Römer,ulla.römer@proton.ch,Oderwald,"4,07 €",126.820621,1973-02-03,Kazakh,Asia/Kuwait,Belgien,1994-02-15T16:06:44,hy,DE,dunkel.wav,4.6223525
DE44542583276585809172,Magrit Drubin,magrit.drubin@gmx.de,Kramer,"55,04 €",31.862322,1998-08-26,Croatian,America/Santo_Domingo,Wallis und Futuna,2010-06-09T17:32:53,ja,DE,offen.odt,20.1532985
DE44464411123550305181,Waldtraut Roskoth,waldtraut.roskoth@gmx.de,Wohlgemut AG & Co. KG,"33.547,33 €",116.234488,2021-12-24,Basque,Asia/Beirut,Marokko,2016-07-21T22:25:39,id,DE,blau.pages,-55.314070
DE21458300487786893970,Grit Klapp,grit.klapp@hotmail.com,Mosemann GmbH & Co. KG,"3,52 €",-164.254459,2022-05-17,Macedonian,Asia/Taipei,Portugal,2015-10-21T23:19:21,ku,DE,war.flac,-46.227426
DE49758350337294017709,Laura Putz,laura.putz@gmx.de,Blümel GbR,"85.353,87 €",22.363488,1999-09-08,Hiri Motu,Europe/Ljubljana,Serbien und Montenegro,2007-02-03T18:49:17,sk,DE,bringen.css,19.917589
DE76469239935286899041,Cemil Kabus,cemil.kabus@gmail.com,Rohleder,"9.166,60 €",16.597768,1974-11-03,Church Slavic,America/La_Paz,Oman,1972-12-31T00:09:03,pap,DE,Glück.flac,-6.907335
DE57263847032840514145,Knud Hartmann,knud.hartmann@msn.com,Schmidtke GmbH,"49.930,63 €",174.421087,2006-03-05,Limburgan,Asia/Baghdad,Nördliche Marianen,2000-10-22T07:10:58,iw,DE,von.flac,-11.872643
DE69003807072405951622,Luciano Hauffer,luciano.hauffer@proton.ch,Gehringer,"373,68 €",2.041096,1987-06-07,Church Slavic,America/Caracas,Belarus,1999-04-03T04:59:24,oc,DE,besser.wav,79.7059205
DE73984657176826436342,Ewald Ritter,ewald.ritter@gmx.de,Reuter GmbH & Co. KG,"6,14 €",-172.785314,2019-01-20,Korean,Africa/Porto-Novo,Belize,2020-12-05T04:24:42,he,DE,Milch.mov,43.520347
DE06144026918360287545,Kevin Rosenow,kevin.rosenow@hotmail.com,Krein Seifert KG,"5.271,71 €",-162.483670,1994-10-17,English,Asia/Makassar,Philippinen,2007-08-20T18:03:14,nhn,DE,dauern.wav,-14.3351835
DE58036079764043342772,Jacqueline Klingelhöfer,jacqueline.klingelhöfer@hotmail.com,Gutknecht Rohleder KG,"5.480,21 €",-89.023077,2009-08-29,Shona,Pacific/Palau,Svalbard und Jan Mayen,1990-07-14T20:32:45,hr,DE,werfen.mp3,-86.541367
DE65508021048263672510,Margret Scholtz,margret.scholtz@msn.com,Rogge,"4,28 €",-37.770380,1992-11-23,Polish,Africa/Cairo,Luxemburg,2016-06-09T00:32:26,my,DE,sonst.flac,-65.051834
DE50525187970712848097,Linus Pölitz,linus.pölitz@msn.com,Mende Hornig GmbH,"33,34 €",135.122222,2013-06-10,Hiri Motu,Europe/London,Sonderverwaltungszone Macao,2006-10-13T10:06:21,kn,DE,rot.bmp,12.3510415
DE08401165026489263732,Krista Faust,krista.faust@gmx.de,Faust,"3,13 €",102.810713,1992-02-29,Kirghiz,Europe/Oslo,Kolumbien,1983-12-05T17:53:41,br,DE,Hunger.mov,5.155761
DE30044384105590038774,Süleyman Hamann,süleyman.hamann@msn.com,Nette e.G.,"37.768,98 €",-42.890426,1991-09-21,Slovak,Europe/Vatican,Seychellen,1975-09-20T22:27:36,gu,DE,hängen.wav,-46.0039365
DE92073438580383294886,Denny Röhricht,denny.röhricht@proton.ch,Pieper KG,"25,59 €",119.073816,1988-07-14,Belarusian,Asia/Hebron,Brasilien,1997-11-26T06:38:14,bg,DE,Haus.mp3,-53.5846215
DE85052916415668976423,Wendelin Pölitz,wendelin.pölitz@gmx.de,Mans,"676,59 €",90.073110,1977-02-28,Kanuri,Africa/Khartoum,Schweiz,1996-11-27T03:17:15,unm,DE,Fisch.flac,80.9807645
DE43909897256307078128,Mohammad Nette,mohammad.nette@msn.com,Ritter,"7.021,45 €",25.629441,2016-07-29,Romansh,America/Port_of_Spain,Mauretanien,1993-01-14T19:20:09,yo,DE,fast.csv,-81.1365795
DE58677100139747218895,Marga Bohlander,marga.bohlander@gmail.com,Jungfer GmbH & Co. OHG,"5,87 €",105.336862,1976-10-25,Catalan,Africa/Banjul,Myanmar,2017-03-17T23:42:08,he,DE,gefährlich.bmp,22.381984
DE07858917713639918190,Constance Hövel,constance.hövel@aol.com,Tlustek,"2.319,65 €",-70.447310,1991-01-20,Afar,Africa/Maputo,Bhutan,1973-02-23T06:26:33,pt,DE,fliegen.avi,69.999587
DE80883591998266996064,Bianka Klotz,bianka.klotz@gmail.com,Lindau,"81.930,71 €",40.794117,2017-05-30,Ido,Africa/Bamako,Uganda,1998-06-12T12:03:30,kl,DE,Mama.tiff,-46.849571
DE53633823573324502259,Guiseppe van der Dussen,guiseppe.van der dussen@gmail.com,Hendriks Striebitz AG,"276,72 €",99.888351,2010-10-22,Bashkir,America/Mazatlan,Kamerun,2010-05-28T04:48:49,am,DE,werfen.tiff,62.578648
DE17246706882863279371,Irmi Bolzmann,irmi.bolzmann@gmx.de,Fritsch,"54,75 €",-16.887337,2014-10-08,Ewe,Africa/Tripoli,Luxemburg,2016-05-23T21:14:14,ca,DE,seit.jpeg,-42.226065
DE44388889359213586282,Jeannette Reuter,jeannette.reuter@proton.ch,Vollbrecht GmbH & Co. KGaA,"6.310,10 €",-29.868918,1981-10-06,Oromo,America/Porto_Velho,Angola,1973-03-15T01:28:40,brx,DE,aber.mov,-89.3840635
DE22019567567972132620,Herwig Lehmann,herwig.lehmann@aol.com,Schomber AG & Co. OHG,"859,53 €",165.206324,2008-09-17,Walloon,Asia/Rangoon,Mosambik,2022-04-24T21:02:15,wal,DE,warum.avi,-39.1297725
DE56480759566930018829,Ferdinand Lorch,ferdinand.lorch@gmail.com,Rudolph Herrmann Stiftung & Co. KGaA,"742,00 €",-131.283823,2008-08-01,Lithuanian,Africa/Djibouti,Afghanistan,2002-04-16T12:38:06,as,DE,ob.txt,71.202867
DE02213663149730238069,Michaele Ebert,michaele.ebert@gmx.de,Kitzmann AG,"69,04 €",-84.200156,2013-06-30,Ganda,Asia/Colombo,Irland,2012-06-26T21:44:44,so,DE,tief.html,-48.1525335
DE71943967299008027795,Nico Heuser,nico.heuser@gmail.com,Hofmann,"5,72 €",7.727941,2015-10-28,Faroese,Africa/Ouagadougou,Andorra,2008-12-05T18:22:36,cy,DE,Mensch.mp3,-68.7707135
DE27904068428255929283,Ante Drewes,ante.drewes@hotmail.com,Krause,"6,90 €",96.439651,1978-08-28,Central Khmer,Africa/Tripoli,Bhutan,2009-03-26T01:18:51,ha,DE,Oma.docx,80.254483
DE45964934270772649332,Johanna Beier,johanna.beier@gmx.de,Dörr,"8.890,14 €",-54.299685,2018-04-19,Portuguese,Asia/Saigon,Eritrea,2016-05-20T18:52:56,sq,DE,den.webm,54.933152
DE31169610659734208724,Kamil Geisler,kamil.geisler@aol.com,Fiebig,"546,53 €",95.864409,1982-09-07,Rundi,Asia/Tehran,Uganda,2001-01-24T06:14:40,mai,DE,fehlen.txt,13.873118
DE59282043410510355124,Liesel Becker,liesel.becker@proton.ch,Rohleder GbR,"5,97 €",-115.833897,2009-05-07,Russian,Africa/Libreville,Thailand,1975-05-05T15:09:33,nr,DE,bis.bmp,-59.377471
DE90691662253852890299,Heinz-Peter Gute,heinz-peter.gute@proton.ch,Biggen Caspar OHG mbH,"751,19 €",62.751353,1999-10-15,Kazakh,Asia/Beirut,Tansania,1982-01-09T09:38:59,ru,DE,See.mp4,-33.7523025
DE05498436312139286628,Claas Sontag,claas.sontag@proton.ch,Stoll KG,"61,97 €",-153.472181,2014-11-23,Galician,Asia/Baku,Guyana,2016-04-02T01:15:48,yue,DE,verstecken.odt,16.0769535
DE20608683357885657890,Eugenie Thies,eugenie.thies@gmail.com,Kranz,"42,56 €",-169.724790,1981-03-04,Bambara,Pacific/Funafuti,Spanien,2016-05-01T18:12:42,my,DE,Woche.jpeg,-37.3335835
DE66654220890166981588,Marliese Thies,marliese.thies@gmx.de,Harloff Schlosser GmbH,"24.063,82 €",60.592256,1986-08-14,Czech,Africa/Dakar,Deutschland,1992-07-20T05:42:08,bhb,DE,bauen.jpg,58.5677485
DE89100108018692387823,Cindy Heintze,cindy.heintze@gmail.com,Lindau KG,"5,05 €",-25.581913,1992-08-22,Pali,Asia/Dubai,Zentralafrikanische Republik,1990-02-04T20:54:02,lv,DE,fehlen.avi,-3.1932715
DE55226913546217585126,Alfonso Wohlgemut,alfonso.wohlgemut@msn.com,Hande Schottin GmbH & Co. KG,"79.177,97 €",-106.637246,2001-09-04,Romanian,Europe/Minsk,Saudi-Arabien,2009-06-15T00:30:25,nr,DE,von.numbers,-14.951570
DE67135147062073521452,Carina Thies,carina.thies@proton.ch,Ruppersberger,"188,00 €",-155.325603,2020-06-21,Polish,Africa/Bamako,Neukaledonien,1981-11-13T08:13:54,dv,DE,Jahr.jpeg,-7.7125485
DE49508071898012514121,Philomena Oestrovsky,philomena.oestrovsky@gmail.com,Karz,"625,14 €",-163.973450,1986-12-06,Indonesian,Pacific/Port_Moresby,Armenien,2010-12-01T12:35:42,hak,DE,nie.jpg,62.2051705
DE21663302208201113071,Juan Austermühle,juan.austermühle@proton.ch,Aumann,"79.204,05 €",76.344447,2009-03-10,Estonian,Pacific/Ponape,Amerikanisch-Samoa,2021-09-23T02:20:10,sd,DE,Fisch.mp4,-86.903000
DE95894631355431545203,Christine Henck,christine.henck@proton.ch,Ziegert GmbH,"938,92 €",115.771906,2020-12-06,Ossetian,Africa/Abidjan,Mongolei,1982-11-14T18:44:19,kw,DE,sechs.key,-36.891785
DE32440896918144018421,Anna-Lena Hamann,anna-lena.hamann@hotmail.com,Löffler Zimmer AG & Co. OHG,"39.343,42 €",-80.481575,1985-12-27,Dzongkha,America/St_Vincent,Suriname,2013-07-30T13:43:28,ce,DE,gibt.numbers,83.5553855
DE14136033552280827270,Jörgen Bähr,jörgen.bähr@msn.com,Kensy Stiftung & Co. KGaA,"7.554,20 €",85.404965,2006-04-29,Romansh,America/Asuncion,Sonderverwaltungszone Hongkong,1978-06-27T22:24:23,cs,DE,richtig.csv,-35.432033
DE09489797536124526413,Agatha Wirth,agatha.wirth@aol.com,Jockel Juncken KGaA,"4,68 €",-65.410945,2020-11-20,Norwegian,America/Guatemala,Äthiopien,2012-11-21T09:06:41,unm,DE,lachen.mp3,36.2731665
DE28031936819539630842,Carina Finke,carina.finke@proton.ch,Langern Zimmer Stiftung & Co. KG,"588,11 €",12.291259,1998-01-04,Xhosa,Asia/Bishkek,Turks- und Caicosinseln,2005-07-20T17:39:39,el,DE,beide.avi,-84.562846
DE10154702758589705955,Franz Josef Schuster,franz josef.schuster@gmail.com,Ullmann Misicher GmbH & Co. OHG,"7.114,74 €",-26.513756,1988-08-06,Burmese,America/Santo_Domingo,Norwegen,1979-02-12T20:53:41,crh,DE,viel.wav,57.5696605
DE84453126700574209312,Veronique Hiller,veronique.hiller@msn.com,Oderwald Junitz AG,"21,48 €",-32.630638,1983-03-22,Samoan,Africa/Maputo,Simbabwe,1994-11-13T18:30:03,szl,DE,suchen.csv,51.618022
DE51346062717509478864,Jürgen Mentzel,jürgen.mentzel@msn.com,Stoll,"6,83 €",83.144238,1976-03-25,Bosnian,Asia/Tashkent,Liechtenstein,1977-01-28T00:15:00,tcy,DE,warum.bmp,-6.8308905
DE15038056587853640900,Rüdiger Herrmann,rüdiger.herrmann@gmail.com,Wiek,"382,26 €",147.606619,1994-10-03,Kalaallisut,Indian/Antananarivo,Guatemala,2003-02-07T07:15:55,yi,DE,immer.txt,87.4321185
DE17666868093300467640,Nuran Linke,nuran.linke@proton.ch,Austermühle,"63,69 €",87.971719,1970-12-11,Amharic,Europe/Tirane,Mali,1982-07-11T06:28:44,sid,DE,traurig.odp,40.937406
DE21868550916854464709,Olaf Herrmann,olaf.herrmann@gmail.com,Preiß,"612,82 €",125.536631,1998-07-29,Venda,Pacific/Nauru,Nordmazedonien,1971-05-10T04:16:35,si,DE,Wissen.mp3,43.7085305
DE74140568972014238292,Burckhard Dussen van,burckhard.dussen van@aol.com,Becker Neureuther AG & Co. KG,"72,81 €",112.464597,1985-05-29,Assamese,Europe/Dublin,Osttimor,2000-10-14T18:25:29,ja,DE,heute.avi,-17.633874
DE24776792102561941974,Irmela Lehmann,irmela.lehmann@proton.ch,Hellwig AG,"59,07 €",-132.468747,2006-09-06,Hiri Motu,Europe/Prague,Togo,1981-01-22T18:55:15,tcy,DE,Zeit.pptx,-71.9684235
DE45535745942787369072,Anika Neureuther,anika.neureuther@hotmail.com,Gieß OHG mbH,"46,61 €",-152.458890,2010-01-27,Malayalam,Asia/Taipei,Mongolei,1987-04-13T01:10:17,ps,DE,Arbeit.avi,-69.5525535
DE98122988463496641681,Nikolaj Kabus,nikolaj.kabus@hotmail.com,Zahn Dowerg GmbH & Co. OHG,"1.315,72 €",-79.472053,2002-05-12,Corsican,Asia/Singapore,Afghanistan,1972-03-31T01:41:48,ber,DE,scheinen.flac,-61.5455155
DE66428874816599851331,Canan Wagner,canan.wagner@hotmail.com,Rörricht,"1,85 €",-166.787096,1987-04-12,French,Pacific/Truk,Cookinseln,2023-03-13T10:05:51,ne,DE,denken.mov,3.098810
DE12994231656459957152,Piotr Grein Groth,piotr.grein groth@msn.com,Wagenknecht Lorch AG & Co. KGaA,"39,93 €",33.926177,1995-05-10,German,Indian/Antananarivo,Grönland,1981-06-26T14:31:50,kl,DE,Affe.html,26.043638
DE03381394637630008307,Heiko Stroh,heiko.stroh@aol.com,Huhn,"4,00 €",-172.122245,2020-12-13,Romanian,Africa/Luanda,Armenien,1995-04-12T21:35:59,bho,DE,warum.txt,-64.8364595
DE51142287000600506281,Eckhardt Schäfer,eckhardt.schäfer@gmx.de,Eckbauer KGaA,"7.060,46 €",111.199658,1995-08-08,Japanese,Africa/Algiers,Uganda,1990-07-03T20:04:50,sat,DE,Kind.js,46.175901
DE54791539404707796803,Cilli Mohaupt,cilli.mohaupt@gmail.com,Roht GmbH & Co. OHG,"56.471,87 €",25.895198,1970-03-01,Bambara,America/Panama,Haiti,1981-12-10T11:09:06,wa,DE,natürlich.doc,-73.181210
DE58137660861087192753,Eva-Maria Stolze,eva-maria.stolze@msn.com,Heß,"68,46 €",-3.130466,2013-02-01,Fijian,Atlantic/Cape_Verde,Deutschland,1972-07-29T17:52:16,pt,DE,schon.ppt,-54.119216
DE71790106684230490781,Korinna Stiebitz,korinna.stiebitz@msn.com,Ring Eberth AG,"7.953,48 €",-143.956868,2007-01-25,Lao,Asia/Bahrain,Sierra Leone,2019-08-02T18:47:45,kk,DE,antworten.mov,51.129540
DE86680088317096154624,Gilbert Dietz,gilbert.dietz@gmx.de,Krause,"1,11 €",140.720127,2007-12-31,Kikuyu,America/Panama,Vietnam,1970-05-24T14:58:22,hi,DE,arbeiten.csv,68.4142405
DE64688403297927592162,Claudius Benthin,claudius.benthin@gmx.de,Lorch GmbH,"59,38 €",-22.768682,2016-04-29,Aragonese,Asia/Qyzylorda,Bangladesch,1997-05-23T18:04:37,oc,DE,hart.png,-44.010266
DE45580470269894130451,Dusan Keudel,dusan.keudel@proton.ch,Kruschwitz Anders KG,"86.284,66 €",76.591027,1987-04-27,Tahitian,Europe/Monaco,Äußeres Ozeanien,2007-10-22T00:39:46,ks,DE,Geschichte.mov,59.134317
DE33912684899315612079,Nadine Schwital,nadine.schwital@aol.com,Hornich KG,"8,98 €",135.546893,2005-03-16,Rundi,Asia/Muscat,Usbekistan,2014-06-09T21:14:05,br,DE,schreiben.ppt,-46.7071905
DE68454109640775062876,Katy Junitz,katy.junitz@msn.com,van der Dussen Kostolzin KG,"9.034,23 €",-90.649756,1975-01-05,Tatar,Europe/Kiev,Zypern,1987-10-28T11:49:18,kl,DE,schlagen.bmp,-31.917099
DE86874794912620640562,Bruni Fischer,bruni.fischer@hotmail.com,Bärer Ullmann AG,"59,90 €",37.878445,1977-02-25,Telugu,Pacific/Port_Moresby,Burkina Faso,1997-12-29T16:26:09,ce,DE,Mensch.html,-45.8663315
DE41036375809700068449,Philippe Krause,philippe.krause@aol.com,Plath GmbH & Co. KGaA,"38,44 €",58.519821,2016-09-27,Hebrew,America/Costa_Rica,Samoa,2006-08-31T11:02:19,an,DE,bis.html,3.5892605
DE40273327717402078263,Brunhilde Karz,brunhilde.karz@gmail.com,Spieß GmbH,"72.337,06 €",176.280425,2001-12-16,Hindi,Europe/Paris,Georgien,2003-08-26T10:14:55,pt,DE,mich.mp3,9.1386375
DE82110192569434821805,Rolf-Peter Mans,rolf-peter.mans@msn.com,Krause e.V.,"44,38 €",-24.170310,1983-10-11,Georgian,America/Havana,Barbados,2017-06-02T04:59:56,ss,DE,denn.flac,26.456784
DE09265581975823276426,Arnold Klemt,arnold.klemt@gmail.com,Barkholz GmbH & Co. KG,"62.265,46 €",-150.055761,1999-05-01,Gaelic,America/Costa_Rica,Belgien,1990-02-09T16:20:21,ia,DE,denken.docx,-54.837215
DE86462580870604048437,Annekatrin Meister,annekatrin.meister@gmx.de,Kühnert Zahn KG,"4.514,15 €",41.861875,1971-09-07,Hindi,Asia/Yerevan,Kap Verde,2001-07-14T09:08:34,sa,DE,Seite.doc,0.125086
DE51827211171168577838,Burckhard Pärtzelt,burckhard.pärtzelt@msn.com,Kensy Schuchhardt GmbH & Co. OHG,"388,08 €",-69.169176,1993-06-16,Luxembourgish,Europe/Vilnius,Tonga,1988-03-18T17:30:24,ff,DE,rennen.mp4,85.612124
DE74558238567097027709,Anette Plath,anette.plath@aol.com,Bolnbach GbR,"5.580,62 €",1.981592,1995-01-09,Assamese,Asia/Ashgabat,Island,1991-08-20T09:17:55,as,DE,Ball.js,-5.8494715
DE65783711470062676272,Patrizia Austermühle,patrizia.austermühle@gmail.com,Seifert,"6.845,10 €",40.387926,1991-09-27,Chuvash,America/Argentina/Ushuaia,St. Lucia,1986-04-07T05:33:07,fil,DE,Hund.pdf,32.4662115
DE16234281750073242607,Alois Ziegert,alois.ziegert@aol.com,Beckmann,"1.243,27 €",-159.543620,2020-03-17,Hiri Motu,America/Montevideo,Litauen,1983-08-28T00:21:11,tn,DE,dann.wav,45.0507155
DE17431410175392517086,Mike Täsche,mike.täsche@aol.com,Benthin Kallert GmbH,"65.148,88 €",110.476189,1977-03-17,Czech,Pacific/Easter,Mauretanien,1987-04-10T13:15:53,si,DE,rufen.docx,47.223760
DE36222160193990226332,Mara Hentschel,mara.hentschel@hotmail.com,Fröhlich AG & Co. KG,"2.678,81 €",158.022902,2009-12-15,Swati,Pacific/Tarawa,Griechenland,1978-12-04T18:28:28,sc,DE,nächste.flac,7.4389205
DE57152354127757821191,Holm Klemm,holm.klemm@gmail.com,Döring Hövel AG & Co. KGaA,"92,17 €",10.819834,1985-05-07,English,Indian/Maldives,Norwegen,2016-05-31T09:28:35,ik,DE,sehen.webm,31.3261515
DE48146415578541208350,Sibel Neuschäfer,sibel.neuschäfer@msn.com,Junck,"8,49 €",87.471044,1992-09-15,Oriya,Pacific/Tongatapu,Libanon,1979-05-24T20:37:55,the,DE,Straße.json,-84.6525645
DE71212295055874132360,Tabea Gunpf,tabea.gunpf@proton.ch,Scheuermann GmbH & Co. KG,"65.084,39 €",116.137925,1999-10-08,Twi,America/Dominica,Salomonen,1990-08-02T19:39:14,unm,DE,Schnee.avi,-0.914568
DE50154718774034355320,Insa Zänker,insa.zänker@gmx.de,Schmidt KG,"5.130,82 €",-167.036852,2013-02-08,Bengali,Europe/Paris,Botsuana,1974-09-01T08:26:11,my,DE,hin.js,70.9060375
DE95049035913473676148,Gottlob Heß,gottlob.heß@msn.com,Fechner Stiftung & Co. KG,"777,11 €",-19.399238,1973-11-22,Telugu,America/Barbados,Amerikanische Jungferninseln,2007-11-10T13:44:41,ht,DE,beide.webm,78.514526
DE46457455016333832677,Danielle Walter,danielle.walter@msn.com,Ortmann e.G.,"685,11 €",64.025969,2009-06-09,Kalaallisut,Atlantic/Canary,Französisch-Guayana,1983-09-10T22:18:20,as,DE,drei.bmp,29.0751805
DE19464257938899209074,Alex Hartmann,alex.hartmann@gmx.de,Bonbach,"27.312,24 €",-86.638923,2017-09-07,Inuktitut,Africa/Bissau,Martinique,2010-05-06T20:44:22,mn,DE,lassen.wav,-32.8248645
DE43669840176627796965,Dorit Bauer,dorit.bauer@msn.com,Eckbauer Ebert AG,"5.810,07 €",118.847258,1994-04-07,Aymara,Europe/Vilnius,Albanien,2017-11-27T18:06:06,pap,DE,Vater.mp4,33.9762665
DE70595749703359243590,Salvatore Pärtzelt,salvatore.pärtzelt@gmx.de,Förster GmbH,"29,21 €",39.537727,1971-12-04,Turkish,Africa/Algiers,Honduras,2011-05-21T14:06:45,ayc,DE,Ball.gif,-10.6108195
DE63839524650891921385,Karl-Georg Jüttner,karl-georg.jüttner@msn.com,Bruder GmbH & Co. KGaA,"42.623,64 €",102.248058,2009-05-27,Javanese,Indian/Mauritius,Kanada,2012-03-19T01:18:50,wae,DE,hoch.mp3,66.9500745
DE28813221754026014732,Mira Hermann,mira.hermann@gmx.de,Kuhl Stiftung & Co. KG,"73.426,16 €",-54.429162,2001-06-03,Turkmen,Africa/Nouakchott,Gibraltar,1993-04-16T08:36:53,nn,DE,glücklich.html,81.065518
DE26055015116566663131,Rotraud Sölzer,rotraud.sölzer@aol.com,Martin AG & Co. OHG,"10,33 €",-70.953250,1990-02-18,Yiddish,Asia/Tashkent,Gambia,1995-04-02T00:52:18,nds,DE,Sonntag.gif,85.706701
DE51003575572170267295,Hedi Rogge,hedi.rogge@gmx.de,Kroker Henck AG,"3.658,49 €",-155.946985,2018-01-24,Navajo,Africa/Bangui,Haiti,2022-08-02T10:29:52,sid,DE,Wetter.flac,34.1467015
DE17460473614241667458,Vadim Misicher,vadim.misicher@gmail.com,Mentzel KGaA,"5.731,68 €",-178.421768,2009-07-15,Ossetian,Europe/London,Kongo,1975-02-09T15:27:38,gu,DE,öffnen.mp4,-50.8110345
DE56522316130120970996,Klaus-Günter Hering,klaus-günter.hering@proton.ch,Ruppert AG,"97,72 €",20.374677,2005-05-24,Kirghiz,Asia/Ulaanbaatar,Burkina Faso,1987-09-11T02:55:35,ckb,DE,Uhr.xlsx,-83.719128
DE52212694779050375970,Francesca Ring,francesca.ring@msn.com,Girschner Drewes KG,"4.840,57 €",-126.212244,1979-11-29,Malay,Asia/Dhaka,Belarus,2015-09-20T17:22:20,cv,DE,schlecht.html,-62.259640
DE30927701245535777060,Jens-Peter Jäkel,jens-peter.jäkel@msn.com,Roht Rogner AG,"23,56 €",111.282241,1995-07-16,Slovak,Africa/Sao_Tome,Thailand,1973-09-25T22:45:10,lg,DE,Vater.webm,44.166149
DE25106641720385802958,Wilma Reichmann,wilma.reichmann@gmx.de,Hänel AG,"31.079,75 €",58.412046,2005-04-17,Bashkir,Indian/Mahe,Guatemala,2013-05-11T02:14:28,ss,DE,Monat.mov,87.0362945
