Sylvana Eberth,(00388) 91914,DE83076162803194883966,Africa/Gaborone,35057855,39.604920,turnen.txt,Sonderverwaltungszone Macao,2a:37:e1:d9:70:30,lt-40.scholz.net,1991-12-11T10:18:13
Sophie Rörricht,(06976) 370496,DE53512627457743516343,Europe/Warsaw,43,-21.585022,war.html,Falklandinseln,2d:a2:2b:7c:01:cd,desktop-39.heydrich.de,2005-02-08T05:57:44
Nelly Schleich,+49(0)9553 20257,DE02373285210052925504,America/Dominica,41768812,57.3953775,dick.json,Guyana,36:a7:f7:64:5c:02,web-13.wesack.net,2013-10-16T09:38:06
Filiz Stahr,+49(0) 000514754,DE44018308414024858121,Europe/Vaduz,8746959,-22.582460,Baum.mov,Westsahara,d8:44:ab:fc:de:b1,lt-94.drewes.com,2005-12-10T23:33:54
Silvana Eckbauer,00513 16782,DE26198870738368154951,Africa/Mbabane,106321,-34.252209,grün.jpeg,Kuwait,03:e4:f7:f7:4e:90,email-36.klingelhoefer.com,2013-09-17T07:28:04
Rosa Gotthard,01934 765379,DE33391362217438673722,Asia/Pyongyang,117808522,-33.5705105,dem.numbers,Laos,8b:31:e5:6c:22:b3,laptop-24.hentschel.de,1975-08-11T12:39:54
Patrizia Bloch,+49(0)2654 889246,DE23452360114361431622,Africa/Niamey,89879995,-74.329683,fährt.tiff,Haiti,70:18:c8:b6:57:94,desktop-58.dehmel.net,2012-03-22T15:22:19
Yusuf Schleich,+49(0)5758 892744,DE87922067163473938327,Africa/Banjul,70,-54.3921395,Geld.jpeg,Kap Verde,3f:2c:b2:99:bc:21,srv-88.beer.com,2002-04-20T00:03:51
Albert Werner,01751 23429,DE24132743874036076982,Pacific/Truk,371798,2.2582405,Sohn.xlsx,Bouvetinsel,cd:5c:f6:fd:f1:69,email-74.weinhage.de,1979-04-07T11:59:07
Walfried Lübs,(00170) 724325,DE87814695710152865287,Indian/Mahe,802,57.2311175,Ding.pages,Färöer,f2:45:fb:1a:9e:29,db-77.rust.de,1976-09-06T01:05:01
Vittorio Butte,08620969255,DE64383199637465808770,Africa/Gaborone,427518,-58.690412,Monat.flac,Kongo,f1:f5:2c:43:4d:39,desktop-60.haering.com,1971-04-10T16:20:47
Nils Löffler,+49(0)4171 06967,DE12318753179617260765,Europe/Podgorica,1720954,47.0384955,rechnen.gif,São Tomé und Príncipe,64:78:30:e7:2a:83,srv-85.gorlitz.com,1973-12-27T20:58:26
Linus Adler,0553077662,DE84231612107031802319,Europe/Riga,247883352,0.6774265,heißen.pdf,Sierra Leone,57:94:e8:d3:c7:5a,laptop-63.sorgatz.org,2018-08-28T03:47:38
Sibilla Benthin,01085 626292,DE04791577536774192374,Asia/Dushanbe,835,-20.0775985,verkaufen.jpeg,Republik Moldau,45:8e:9f:c2:d6:e3,db-42.klotz.de,1981-04-03T14:39:50
Wally Heser,+49 (0) 2365 120225,DE33341100211564239189,Africa/Monrovia,7329,21.694952,machen.js,Georgien,02:a6:3b:d1:f8:c6,email-92.boucsein.de,2013-08-23T10:55:13
Hans-Günther Jüttner,0564246428,DE20035068233053382593,Asia/Kuwait,1,-45.052121,Eis.mp4,Usbekistan,c7:b6:56:cb:69:fa,db-86.lorch.de,1990-12-18T22:59:23
Alwina Schacht,(03968) 069628,DE13105001165097105556,America/Barbados,4631408,-44.7942615,lassen.wav,Belgien,21:0f:6b:e9:24:37,web-05.zirme.de,2006-01-16T11:19:42
Witold Gotthard,(03096) 49564,DE34107556469793714794,Africa/Porto-Novo,7053,69.0993355,Frau.flac,Portugal,6f:8b:57:f8:ee:d6,web-89.lehmann.net,2004-01-12T22:03:52
Ian Zänker,(04583) 104226,DE06812690036181726161,Asia/Kuwait,3,59.384342,später.flac,Eritrea,52:db:b6:ed:c1:ab,db-02.kade.de,2019-11-05T12:12:18
Helmut Riehl,(01171) 380102,DE79171313483008883944,Africa/Windhoek,70,21.490310,wünschen.png,Schweden,f0:16:23:e3:fd:59,web-52.kuehnert.com,2022-10-15T10:51:51
Walther Caspar,+49 (0) 1966 121253,DE82227205313091266793,Africa/Kinshasa,3620536,-72.201636,freuen.numbers,Slowakei,47:56:33:85:6b:b2,srv-41.drubin.org,1978-06-29T13:40:02
Marcel Herrmann,0496124199,DE76234761218455786155,Asia/Hebron,9885702,-45.0210835,oder.js,Nauru,ac:95:5e:94:1e:36,desktop-59.gude.de,1996-03-26T00:50:57
Klaus Roht,+49 (0) 8253 836768,DE81756956124874671570,Europe/Belgrade,5,77.965502,Stück.flac,Dschibuti,51:54:25:90:a2:a6,lt-05.bauer.org,2004-02-02T04:23:05
Isabel Ring,+49(0)5296033451,DE91077770314554278283,America/Port_of_Spain,0,53.797568,Hase.bmp,Peru,47:ab:9f:9f:be:dd,db-43.walter.org,2002-08-24T03:52:30
Birgid Junken,(04298) 730382,DE63742854477131761731,Asia/Kuching,9,58.2874455,halbe.jpeg,Osttimor,aa:b8:71:55:5c:2f,lt-53.gehringer.de,1993-06-18T16:24:07
Karl-Otto Speer,(04046) 67511,DE06851294560427963897,Asia/Novosibirsk,95548,-62.430543,Schwester.mov,Paraguay,72:8d:df:a2:ce:d5,laptop-33.ullmann.de,1989-08-22T16:38:19
Thomas Rogge,+49 (0) 0455 452159,DE47228744931594887842,Africa/Dakar,552692,25.1480395,ist.mov,Puerto Rico,8f:d5:1f:9f:31:a1,srv-59.bohlander.com,1977-05-07T07:35:01
Harold Heß,+49(0)4917 56926,DE41494894347747087350,Europe/Vilnius,97,0.565980,fehlen.bmp,Kokosinseln,0d:ed:08:7e:b5:cd,web-54.mende.com,1983-11-15T17:55:00
Barbara Hartmann,+49 (0) 5363 002140,DE19945977438216979651,America/Guyana,21384394,-73.859244,Angst.mp4,Mongolei,af:d2:c7:08:04:b2,srv-63.hermighausen.org,1992-12-31T14:52:29
Steven Vollbrecht,06102 760618,DE69244823043443214668,America/Santo_Domingo,31,49.850628,Geschenk.webm,Mikronesien,ef:ea:99:3c:1e:0f,web-56.roehrdanz.com,2011-06-09T11:54:28
Annamaria Berger,(01358) 644867,DE85208577587272961903,Europe/Lisbon,2,-66.763337,Wohnung.webm,Guinea-Bissau,bc:56:ec:3a:63:03,desktop-27.binner.de,1991-06-17T19:13:06
Meinolf Liebelt,+49(0)0797 63720,DE20266732370904545618,Asia/Kuching,687349,57.5032725,Milch.wav,Französisch-Guayana,bf:ae:8d:36:ad:fd,db-83.fischer.de,2001-11-22T08:14:21
Daniela Riehl,+49 (0) 9178 470396,DE26779037700077254877,America/Panama,3,19.598022,Hand.pptx,Türkei,cb:8a:6f:ae:14:fa,email-82.sorgatz.de,1971-04-10T19:42:34
Laura Heinz,+49(0) 575180992,DE17370097421918922643,America/Costa_Rica,469,78.3173065,aber.txt,Guyana,bb:01:fb:b8:76:8f,lt-28.heser.net,2017-10-21T17:30:08
Gregor Hörle,+49(0)1290 783846,DE17060475382138902734,Asia/Aden,5544124,42.532150,Sache.txt,Kasachstan,e4:3a:bf:55:28:14,srv-44.ullrich.net,2006-07-09T17:41:05
Hanny Jessel,+49(0)7036 59277,DE53485262520139518449,Europe/Malta,4642,-38.942058,trinken.wav,Litauen,b1:64:71:15:fa:fb,db-05.heintze.com,2011-01-16T22:51:27
Siglinde Fechner,(09844) 753248,DE47448780751283567552,Europe/Copenhagen,43798,-42.0891745,oben.webm,Guinea-Bissau,09:06:af:27:88:35,web-49.schottin.com,2014-06-16T10:26:44
Ria Eckbauer,(03337) 500173,DE05708742471026052234,America/Guatemala,84540808,21.9601745,Tante.numbers,St. Martin,d2:fd:e3:25:fd:32,laptop-10.boerner.de,2017-11-20T05:17:19
Herlinde Mans,+49(0)8928 17281,DE52333998338403876052,Europe/Rome,4,36.728532,dann.wav,Swasiland,19:c3:18:64:21:13,lt-33.trapp.de,1990-02-05T19:52:00
Alfred Mangold,02933448781,DE52846755541993385318,Asia/Singapore,603,49.4108835,Tisch.flac,Färöer,e6:b2:bd:0d:c8:50,desktop-97.sauer.com,1997-11-18T05:48:37
Lioba Weiß,00555 852539,DE53554368740453820491,America/Guatemala,6018,33.020664,es.html,St. Helena,e0:c7:3c:97:93:06,db-81.hartmann.de,2000-04-15T14:37:08
Damian Berger,+49(0)2097 172029,DE26628481970214493925,Europe/Tirane,81871136,-36.7294935,Stück.webm,Mikronesien,de:72:dd:a3:31:2b,lt-19.nette.de,2021-01-14T14:24:45
Dan Seifert,0360334267,DE17300139129697074251,Asia/Dushanbe,363486042,54.1988445,merken.numbers,Albanien,2c:05:ce:21:04:0a,laptop-72.loos.org,1981-09-04T12:00:58
Klaas Dippel,+49(0) 785104253,DE50319018462590120471,America/Chicago,549956,-76.856817,bleiben.doc,St. Kitts und Nevis,39:1b:8b:7c:4b:91,desktop-18.johann.org,1978-05-23T15:11:31
Susan Sontag,06073 14161,DE12721119325329885138,Pacific/Tongatapu,19916693,-88.570607,suchen.wav,Uruguay,88:16:b8:da:a6:85,web-73.weinhold.com,1995-11-21T12:45:55
Luitgard Reising,0093448311,DE31734902330452948561,Africa/Bamako,342771,54.758685,offen.mp3,Samoa,bf:98:da:06:0c:d0,db-84.hoevel.com,2020-03-27T13:26:20
Cindy Schmidt,+49(0)0099 538844,DE18691709020813092150,Africa/Nairobi,8854278,52.806510,lernen.ppt,Äthiopien,ab:ec:da:a1:6b:5e,lt-05.walter.de,1996-05-10T21:51:06
Sylvie Schomber,03950 126364,DE07971613466925903373,Asia/Jerusalem,89293,-14.4798785,Fahrrad.txt,St. Kitts und Nevis,78:65:33:78:b0:ec,lt-21.heuser.com,1981-06-14T13:54:32
Anto Kraushaar,+49 (0) 6327 088898,DE03565525063221694791,Europe/Sofia,2,14.850565,reich.key,Uganda,78:d3:49:50:ae:9a,laptop-72.bluemel.com,2006-03-15T01:53:36
Bertold Ziegert,+49(0)0655 515452,DE16162472257068607050,America/Grenada,58055736,15.3899145,uns.mp4,Marshallinseln,67:ca:f6:c5:35:64,web-78.heidrich.com,1978-03-31T13:48:14
Marianna Sager,08301 838784,DE44871980092167882560,Europe/Vatican,9811,-7.2154435,aus.avi,Antigua und Barbuda,e0:53:91:4d:f9:1a,desktop-71.paffrath.org,1994-05-13T10:10:56
Jenny Pieper,04557 01219,DE23688934573707026011,Africa/Dar_es_Salaam,9101,47.0813675,rechnen.pptx,Bosnien und Herzegowina,f9:44:fc:6c:7f:c3,laptop-65.bonbach.de,1970-12-28T14:28:29
Uschi Wagner,(09762) 385234,DE84089952591319139790,America/Dominica,5,-28.4713305,fast.key,Norfolkinsel,3b:24:d2:09:41:75,web-78.roehricht.com,2002-04-22T04:36:11
Remo Ziegert,+49(0)8909 20816,DE18717238890008456758,America/St_Vincent,50582,-73.833626,oder.mp4,Dänemark,a9:dc:52:32:bf:cc,desktop-15.suessebier.de,2012-08-11T09:31:05
Kurt Haering,+49(0)4076 24631,DE05546366619032511958,Europe/Ljubljana,63302,75.008364,drei.wav,Kuba,c1:9f:d0:b3:2a:1c,desktop-93.nerger.de,1976-10-28T09:04:04
Sofia Karge,+49(0)5247 00216,DE09028292087513872827,Europe/Luxembourg,55,-82.3637105,Geburtstag.pptx,Peru,08:e9:84:57:34:6a,laptop-48.eberth.net,1979-05-19T01:00:08
Miodrag Bolnbach,0343003217,DE31566367223155341815,America/Argentina/Tucuman,2670701,76.8189015,draußen.webm,Tschad,92:c9:f3:3e:59:44,email-76.etzler.com,2012-06-13T10:22:49
Frithjof Baum,01001849568,DE66530238428334837487,America/Paramaribo,6883409,-67.266300,nichts.js,Brunei Darussalam,bd:91:f8:ee:b5:86,email-44.wiek.org,1987-12-11T15:36:15
Hella Wernecke,0166224979,DE36216451923671337756,America/Lima,1965706,62.369552,nehmen.key,Pakistan,b6:81:49:19:54:33,email-90.schuster.com,1970-01-23T06:48:14
Veronika Krebs,+49(0) 134939063,DE21343522136159555971,Pacific/Guadalcanal,1,35.571930,auch.mp3,Osttimor,d9:b9:10:c1:67:39,srv-18.hiller.net,2013-06-15T05:35:22
Camilla Jäkel,(04859) 46693,DE41774589722930874305,Indian/Antananarivo,3817,-77.884642,Weg.ppt,Laos,32:da:20:6f:52:4e,laptop-55.bolander.de,1986-05-21T12:36:46
Lilli Biggen,+49(0) 284826786,DE08631530668971326584,Pacific/Kosrae,226337785,-7.3416215,mich.docx,Ecuador,03:48:09:7f:40:b3,srv-20.kraushaar.de,1998-12-14T02:02:54
Elisabeth Eimer,0629651074,DE17643022661428840705,Europe/Istanbul,5215,9.8603175,Teller.flac,Guadeloupe,72:5c:14:bd:9d:7c,laptop-30.zahn.com,1986-11-14T02:06:00
Eduard Jacob,09656 16052,DE60934913650024629444,America/Santiago,8658254,-25.3196225,Boden.mp4,Lesotho,26:6c:04:a7:cd:48,web-15.lindau.de,1975-02-06T12:04:29
Sami Hesse,09832061840,DE27168917112421166608,Africa/Douala,3966,56.174634,Mutter.png,Martinique,22:c4:90:50:6d:97,email-80.franke.com,1983-09-18T00:13:07
Götz Striebitz,(04968) 24301,DE28091985121169603251,America/Paramaribo,40,41.380850,Hund.xlsx,Georgien,42:b3:fd:03:bd:1e,desktop-17.scholz.com,1975-03-26T16:20:26
Gernot Graf,+49 (0) 6421 494275,DE33314798546288195552,Asia/Dubai,910,-0.740325,schwimmen.numbers,Kaimaninseln,91:6b:81:2a:26:33,lt-24.warmer.de,1976-11-21T17:47:06
Ortwin Stolze,+49(0)0234 290530,DE36296723212743126767,Europe/Andorra,209938,-56.4215575,Sache.mp3,Ungarn,6b:a8:e1:72:8e:ef,laptop-70.krein.de,1981-05-17T14:43:21
Erdogan Schenk,(04232) 00277,DE33720137640881915521,Pacific/Funafuti,95,-48.7211015,Zeitung.numbers,Palästinensische Gebiete,62:5a:a9:a1:19:ed,email-25.beer.net,1973-01-26T08:57:00
Eckhardt Pölitz,04623 92865,DE15446088262071031819,Asia/Dhaka,3694831,46.6945365,Dorf.gif,São Tomé und Príncipe,1a:e9:c7:04:73:0c,srv-68.franke.com,2001-01-11T08:02:21
Nadja Putz,(07390) 106484,DE22733897157806121618,Asia/Calcutta,999138326,41.5923055,Frau.odp,Salomonen,29:16:ae:4d:47:4d,srv-73.bloch.org,1997-05-25T10:35:58
Samir Grein Groth,0489871162,DE20148393108199695343,Africa/Maseru,3217,25.4282155,schlafen.key,Guernsey,05:2c:11:96:90:64,web-74.heuser.com,1993-08-06T17:31:25
Erdal Bähr,00414 50437,DE84490889802949769041,Asia/Baghdad,5,56.7300205,führen.pptx,Thailand,15:5b:64:21:89:04,db-41.putz.de,1984-04-04T08:46:55
Priska Börner,09438 04944,DE57191350035759100254,Europe/Sarajevo,35565535,-45.997430,Woche.mp4,Simbabwe,2c:fe:7f:d2:58:3a,laptop-35.wohlgemut.de,1998-07-22T19:31:14
Kunibert Jäntsch,+49 (0) 6645 259841,DE55612487756070500913,Asia/Bahrain,438499,-89.5484395,wenn.csv,Finnland,4f:7d:e3:23:a4:83,email-19.hettner.org,1974-01-19T04:13:30
Sevim Heydrich,08915 17683,DE86802211381030953704,Europe/Podgorica,577315,65.1856475,ob.mp3,Norfolkinsel,75:a3:f3:f4:05:13,desktop-27.pieper.com,1988-11-15T04:33:44
Cornelia Trapp,+49 (0) 1453 662878,DE87735336842384712595,Europe/Bratislava,76,1.7789425,Klasse.wav,St. Pierre und Miquelon,ec:70:3b:d2:65:c2,email-89.oestrovsky.de,2017-04-17T15:19:16
Cordula Matthäi,02446 91689,DE37261254823335101761,Asia/Muscat,4316,-58.5866395,voll.txt,Spanien,27:39:8f:30:ce:af,srv-26.juncken.de,2018-12-10T02:08:46
Matthäus Ullrich,+49(0)2641878073,DE13937011321198073650,Indian/Maldives,68423,81.786680,Mutter.doc,Deutschland,60:22:93:81:78:7c,laptop-21.adler.de,2022-08-07T11:05:14
Gustav Heser,(01303) 77659,DE15193159583579077298,America/Costa_Rica,204057807,-82.856273,alt.webm,Amerikanische Jungferninseln,5c:75:3d:55:23:cf,email-69.davids.de,1995-01-03T06:20:00
Antonia Junk,(00229) 040862,DE39567528013679346841,Asia/Katmandu,2691012,61.3301295,nichts.pptx,Amerikanisch-Ozeanien,97:cb:2a:52:59:03,laptop-80.stumpf.com,1981-10-29T06:17:05
Erwin Wulff,(08764) 712659,DE76322425189308564360,Europe/Monaco,598683993,-83.332530,leben.mp4,Amerikanische Jungferninseln,1b:a0:56:1f:7f:57,email-32.weihmann.de,2018-06-06T15:30:31
Eva Heß,02885 298628,DE38649649372249533821,Asia/Seoul,5456926,23.1183205,Tisch.ppt,Ruanda,dd:d6:98:74:d3:f5,lt-38.roerricht.com,1985-03-13T00:45:15
Elise Hübel,+49(0)2971568515,DE77180488737517806468,Europe/Uzhgorod,449889494,-49.975396,böse.numbers,Usbekistan,a0:1b:15:de:13:0c,laptop-09.margraf.org,1991-02-11T11:05:32
Klaus-Werner Scheuermann,+49(0)1178171027,DE93594009409438801117,Asia/Amman,299384,74.6829815,bekommen.css,Tschechische Republik,7b:fc:77:34:11:0f,web-79.ullrich.com,1976-03-08T13:29:46
Saskia Sauer,05715 39216,DE90771600488936332461,Africa/Brazzaville,7268,-83.436242,reich.numbers,Kroatien,21:98:d0:b3:ba:c5,srv-07.schottin.de,2010-01-15T13:17:58
Ricarda Franke,+49(0)1728 885266,DE34551212301104777942,America/Winnipeg,7,-72.6443125,seit.css,Côte d’Ivoire,c0:6f:2b:55:bb:ce,lt-31.raedel.de,1976-02-07T20:20:52
Ellinor Kensy,07757 65713,DE35415407626449896616,America/Montevideo,40160,-57.378513,schicken.pptx,Brasilien,b1:94:3c:1d:27:63,laptop-76.kensy.de,2000-06-25T18:29:11
Sofie Zahn,+49(0)6399 148219,DE62064929423753727476,Pacific/Funafuti,784,-24.926918,wir.flac,Oman,a1:d6:a8:4d:f5:0d,desktop-41.loechel.de,2002-03-15T02:32:02
Marjan Holt,(02230) 828018,DE90542616726166145532,Africa/Kinshasa,95784,21.1190855,Name.bmp,Algerien,ea:92:ab:d5:41:e9,web-61.schlosser.com,1974-04-11T03:18:22
Greta Hoffmann,(05677) 809304,DE42056830334809932734,Europe/Luxembourg,370,-30.792769,Kind.mp3,Algerien,7f:00:0d:6b:51:2a,desktop-82.haenel.com,2021-09-10T13:25:37
Hanna Karge,+49(0) 005574355,DE92350557691553391103,Asia/Bishkek,893253,-67.8576475,Finger.wav,Guyana,bc:d0:56:16:a8:67,laptop-11.junken.com,2000-08-24T00:28:21
Emma Fröhlich,(00731) 535922,DE05024847922689513427,America/Argentina/Buenos_Aires,69,-54.784944,am.ods,Belarus,54:90:3e:f2:b0:0e,desktop-99.hentschel.de,1994-07-08T09:18:13
Jürgen Fliegner,+49(0) 777805637,DE79048855814474077578,Pacific/Funafuti,2266711,80.5390085,danach.webm,Libyen,39:a4:7e:0d:cf:ab,desktop-87.killer.net,1976-08-31T19:28:56
Friedl Bolzmann,0859293802,DE54919589081057380769,Asia/Karachi,0,59.584298,wer.jpeg,Ghana,9a:e3:fc:07:d7:71,srv-52.hahn.de,1973-02-11T22:46:57
Siegried Becker,+49(0) 791227735,DE19628222468651686094,America/Barbados,44618982,-41.043953,Spiel.odp,Bahrain,b3:5f:a3:a2:10:7d,lt-86.scheibe.de,1971-07-25T19:00:43
Annekatrin Beyer,0530048566,DE69776137543942976472,Asia/Baghdad,930,-34.547814,langsam.txt,Jersey,be:66:b0:04:3b:80,db-37.dobes.com,2015-09-21T14:53:48
Else Weitzel,+49(0)5332 14752,DE72787304220790526856,Africa/Sao_Tome,6584540,22.888114,Stück.gif,Slowakei,fe:2f:ed:a1:71:ad,lt-69.rosemann.com,1978-02-15T05:09:18
Britta Henck,+49(0)1271 144211,DE80088090241087857861,America/Lima,48203,-79.0770305,eigentlich.csv,Tansania,c1:78:6c:60:5a:20,desktop-45.schweitzer.org,2005-08-03T12:50:29
Nuri Flantz,+49 (0) 9495 555990,DE69163821168460152497,Asia/Colombo,20,53.4252215,warum.flac,Tschad,c7:8f:ff:90:43:63,email-60.albers.org,1975-04-09T06:49:24
Sylvia Schenk,06107 13193,DE84244893661515380778,Europe/San_Marino,7793770,-0.2613495,turnen.flac,Tschechische Republik,67:8d:2d:f6:b4:0e,email-47.hande.com,1981-09-10T03:02:24
Antonina Preiß,(09210) 65967,DE06759410802527008081,Africa/Libreville,2686891,-62.9890235,fünf.wav,Japan,f8:8d:91:2b:10:00,desktop-74.ullrich.de,1992-09-24T05:24:41
Ann Plath,+49(0)1580239675,DE26974551976802513677,Europe/Madrid,75,14.5706585,liegen.bmp,Dominikanische Republik,0d:1a:a7:e6:ad:23,lt-61.pohl.de,1980-02-03T13:35:47
Imelda Hendriks,+49(0)5905 30937,DE76329088991638408238,Asia/Bishkek,89851712,-62.687153,warm.odt,Kongo,c7:ef:5d:d2:0b:83,db-38.juettner.org,1997-09-20T04:18:02
Dietlind Bonbach,06704411049,DE19333131892112201596,Africa/Monrovia,80990175,51.1907985,dann.mov,Jersey,d7:30:31:ce:00:25,email-31.kaester.com,1983-05-29T05:55:56
Nick Killer,+49 (0) 4931 627156,DE46485836614260867144,Europe/Bucharest,39697342,-87.187957,an.wav,Grönland,c7:a7:7f:2b:70:d6,laptop-06.mielcarek.net,2007-10-18T06:20:24
Viola Martin,+49(0)5312246768,DE30803258748609930414,Europe/Warsaw,9131,83.572210,suchen.mp3,Malta,e4:13:df:43:29:60,lt-89.reinhardt.com,1971-10-31T07:49:50
Roberto Dowerg,03150798142,DE64781267018562456008,Asia/Taipei,42852,-49.8244915,Eltern.css,Malediven,97:b3:f8:16:16:d4,db-52.hofmann.com,1982-06-03T11:40:09
Leokadia Ullmann,09457 372585,DE20819047004981796887,Africa/Tripoli,98127376,0.4597595,tragen.doc,Samoa,57:5a:ec:9e:98:d5,srv-75.mosemann.de,1986-05-29T06:29:53
Jaqueline Buchholz,+49(0)9721 95478,DE97321001971850551959,Africa/Accra,983,-87.7644595,vom.jpeg,Tunesien,f1:81:7c:aa:1c:67,web-29.ruppert.org,2018-07-20T04:45:37
Alwine Heidrich,+49 (0) 3197 704184,DE16186386474099322501,Pacific/Apia,667,72.0722255,Milch.doc,Sonderverwaltungszone Macao,b8:6c:4a:38:ed:e6,lt-43.sontag.de,2021-04-13T02:17:38
Lena Paffrath,(04134) 95714,DE27094589918749903089,Pacific/Tarawa,13,36.461851,heiß.css,Jersey,54:16:c4:98:22:f1,srv-81.dobes.com,1995-04-01T11:04:36
Heinz-Gerd Schinke,+49(0) 491547660,DE17656971809384581343,Asia/Bahrain,40,-66.849648,mehr.mov,Australien,23:d2:37:eb:b2:5d,laptop-68.preiss.com,2000-10-12T02:22:07
Gitte Geisel,+49(0)5339 37105,DE86285597430142293573,Africa/Nairobi,3516212,-12.7238685,ob.csv,Côte d’Ivoire,d5:89:c2:e9:80:a4,desktop-42.schulz.com,2014-02-16T07:28:50
Mehmet Löchel,+49(0)0618 328922,DE64350653080468789631,Asia/Colombo,149716747,-57.422306,rot.doc,Jersey,78:55:04:0b:5b:12,lt-17.reuter.org,2015-05-02T06:51:23
Loni Bärer,09590 383691,DE16851804242049362976,Atlantic/Cape_Verde,7271,-62.394768,darauf.webm,Guatemala,71:1e:78:34:ad:33,laptop-03.lange.org,2004-05-02T08:56:29
Filippo Hande,+49(0)0222 417994,DE48740131267007143600,Atlantic/Cape_Verde,740,51.3149045,der.tiff,Bangladesch,bb:c5:70:0e:70:a1,email-15.atzler.de,1991-02-10T20:33:29
Olav Geißler,+49(0) 618482676,DE79457559604890397935,Asia/Rangoon,0,27.059991,trinken.mov,Jemen,f6:36:49:1c:90:6a,web-37.soelzer.com,1989-01-10T06:14:12
Benedikt Lübs,09391501544,DE69134035481700102745,Asia/Seoul,3612516,-75.944501,mal.json,Bulgarien,76:bd:e9:21:07:d8,db-38.geisel.org,2008-03-26T14:02:28
Klemens Holzapfel,+49(0)6542571998,DE84463544606758801558,Africa/Freetown,83,44.1191885,Winter.key,Kokosinseln,be:7c:36:fe:58:0f,laptop-62.geisel.com,2001-09-24T18:32:59
Sibylla Killer,(07623) 018260,DE47948588656494702535,Pacific/Ponape,4675,32.338928,warm.webm,Ukraine,34:ff:4d:19:d4:8d,srv-02.ernst.com,1983-05-05T20:46:08
Walburga Conradi,(03934) 836347,DE73314496257879140363,Asia/Rangoon,1299372,-78.8200145,Herz.gif,Frankreich,04:5a:df:90:86:d7,srv-34.lange.com,1979-01-02T09:33:46
Dragica Roht,08661 36221,DE40300870106399582234,Africa/Khartoum,80,-1.8134725,lustig.gif,Mikronesien,05:1b:99:f7:e6:90,laptop-22.ebert.com,2005-02-19T19:34:02
Hubertine Gröttner,+49 (0) 9325 994077,DE28833315618216390709,Asia/Singapore,48398,31.879484,Freude.mp3,Benin,be:ee:e0:0e:6c:28,srv-77.fiebig.de,1993-03-24T07:09:50
Aldo Reising,+49(0) 525224051,DE68305893297727897812,Africa/Mogadishu,81251799,-71.5157635,heraus.mp4,Nigeria,e7:59:5e:83:3c:fd,email-27.niemeier.de,1988-01-27T10:11:15
Svetlana Dippel,(03101) 933324,DE33359761675198804618,Europe/Athens,7894843,6.643805,damit.jpg,Slowakei,d7:c3:6d:fa:3b:ec,db-00.saeuberlich.de,2002-06-26T23:55:37
Paul-Gerhard Schulz,+49(0) 612889267,DE67224565535588577625,Asia/Oral,52,-72.3517285,schlimm.mp3,Liechtenstein,b8:31:23:ea:50:31,email-90.mans.com,1991-09-03T15:09:36
Ryszard Matthäi,(07206) 41254,DE61033131371517565857,Europe/Bratislava,8826,-30.2647835,Wetter.html,Italien,29:38:88:74:29:fd,desktop-44.beier.com,2010-07-15T16:02:17
Hildegund Adolph,04133 33839,DE36607133971902474953,Asia/Taipei,50,-19.7650275,dabei.html,Guyana,c5:55:b4:6e:18:1d,db-53.jungfer.com,2014-09-20T17:50:53
Eleonora Ullrich,0615303321,DE66959740961243912829,Asia/Calcutta,7632,7.7327385,fährt.numbers,Anguilla,64:c7:c3:21:27:fd,laptop-16.jopich.de,2020-01-10T07:46:15
Bastian Täsche,+49(0)4575551398,DE50670798343127447428,America/St_Kitts,0,-20.3709025,man.flac,Guinea-Bissau,a6:93:b7:ec:ee:d4,srv-24.benthin.de,1972-03-25T20:40:48
Hans-Günther Kruschwitz,(06866) 63939,DE29632597826778343893,Africa/Ouagadougou,1,55.382190,See.flac,Antarktis,5f:1e:73:e2:c5:01,web-39.jacobi.de,2001-04-28T15:48:34
Silja Graf,0015156513,DE76798341295931218449,Asia/Bishkek,1386,-37.3244065,Berg.jpg,Niger,c8:a9:87:d3:da:22,db-54.soelzer.org,2011-07-04T19:04:54
Friedrich Geisler,01894 21118,DE09374752798486041311,America/Nassau,72996354,28.5781825,die.txt,Afghanistan,58:07:cb:ad:5e:c9,email-09.hartmann.de,2021-01-09T07:53:30
Marietta Karz,03638446892,DE44160285955874077150,Europe/Madrid,2793,16.2075955,Garten.flac,Panama,2f:4b:f8:ef:33:72,lt-17.geisel.com,1971-10-07T21:15:57
Ali Zorbach,04773 03164,DE14632320838489209335,Europe/Paris,492328714,-17.2535775,weiter.png,Salomonen,2a:22:81:b6:3f:7a,srv-39.hecker.de,2011-03-22T14:17:45
Hannes Keudel,+49(0)7251513526,DE37451090188188453084,America/Anchorage,99194,49.694028,Geschenk.txt,Tonga,43:43:b4:33:7c:9c,db-13.muelichen.de,2023-03-25T18:08:29
Robin Scholl,+49 (0) 4868 221625,DE92229248958229157625,Africa/Lubumbashi,699,31.091789,nein.mp3,Andorra,37:7e:7c:42:2e:a5,srv-30.kostolzin.de,2017-03-17T06:04:04
Alla Schuster,+49(0) 522518948,DE58989543248826529558,Europe/San_Marino,346142,24.4949695,da.flac,Papua-Neuguinea,ba:c8:7b:8f:36:f5,db-34.dehmel.com,1981-10-28T02:51:14
Myriam Salz,+49(0) 961903854,DE52395386329553868787,Africa/Maputo,98,63.5630125,nein.doc,Serbien,6f:73:b6:04:cb:5c,desktop-71.langern.net,1983-10-03T08:58:46
Zita Jacobi Jäckel,+49(0)3029 11606,DE70504857720763719776,Europe/Vienna,2,-11.7735525,brauchen.key,Ägypten,33:5d:89:54:75:1e,lt-65.bauer.net,1999-06-07T06:10:23
Sabrina Jäkel,+49(0)4246 407864,DE50920420861248710261,Asia/Damascus,81645,-80.5729835,war.pptx,Kuwait,9e:4f:1f:9e:5e:c0,web-97.dobes.net,2005-03-30T02:16:34
Elise Martin,03999 71299,DE20314694889532755230,Europe/Malta,81140,5.084919,Nase.txt,Russische Föderation,87:2b:89:34:73:12,laptop-92.lindau.de,2000-11-01T15:51:33
Walter Gunpf,00695 688113,DE50635130217415347961,Africa/Djibouti,55771,82.3754085,durch.mp3,Algerien,ec:7d:38:ce:33:cf,web-91.schleich.com,1981-07-23T01:12:29
Alex Köhler,+49 (0) 5515 038044,DE23265126043264202242,Asia/Amman,942970,-56.6367965,wollen.mp4,Fidschi,80:af:d5:a8:c8:12,laptop-94.stroh.com,2002-12-07T21:03:15
Giovanna Söding,+49 (0) 8153 640555,DE89250784152541518581,America/Dominica,89128300,-45.9361275,Wohnung.wav,St. Barthélemy,d0:df:ba:2e:d8:15,db-31.mueller.de,2020-12-06T17:43:50
Karl Heinz Wilms,00244 903226,DE04484173778671952904,Asia/Saigon,431,2.435962,sitzen.html,Palästinensische Gebiete,94:03:3b:2a:ff:87,laptop-43.hethur.de,1997-09-30T10:38:51
Markus Hendriks,06364171670,DE75968174933288047608,Asia/Riyadh,1389,-5.609831,beißen.png,Kasachstan,70:1c:99:12:c9:74,desktop-18.biggen.com,1994-06-15T12:11:55
Gabriel Weitzel,+49(0)0474 71473,DE55499750920816849989,Africa/Lagos,257,-76.302204,bekommen.avi,Niederlande,cc:6b:99:b9:89:df,web-90.wende.com,1992-07-06T10:11:16
Florentine Gude,+49(0) 578537650,DE27532667542945262485,Asia/Beirut,2,-87.778349,werden.csv,Suriname,ef:89:c7:62:38:c9,laptop-30.barkholz.net,1979-12-29T22:45:38
Jonathan Flantz,+49(0)8132 124064,DE52156058720124587420,Africa/Accra,4667236,85.901568,Abend.html,Oman,f4:62:34:77:ce:1a,db-38.mosemann.com,1972-03-28T20:57:06
Regina Heuser,(09601) 939344,DE59217457068295132070,Europe/Prague,620653,-24.901173,am.wav,St. Vincent und die Grenadinen,03:a8:61:0b:0e:96,web-31.nette.com,2009-12-03T23:56:43
Diedrich Wirth,+49 (0) 2280 611903,DE30368544473422933210,Europe/Zurich,91430,82.302996,werfen.mp4,Singapur,aa:f1:e8:aa:c8:50,lt-62.kensy.de,1995-03-18T22:42:41
Abraham Karge,(09553) 365275,DE59171595917969916316,America/Antigua,409,-37.6199715,Schuh.mp3,Republik Moldau,30:ed:ac:a0:02:fa,db-19.paffrath.org,2002-05-24T03:43:35
Polina Heintze,+49(0) 742144030,DE61409348827746858907,Asia/Harbin,28,-87.8162915,Brief.mp3,Südgeorgien und die Südlichen Sandwichinseln,b7:13:e6:50:91:48,srv-30.wirth.com,2016-07-11T20:43:56
Nikola Peukert,01054 30787,DE92374509804577728597,Asia/Bahrain,579283,-8.5257535,heiß.ods,Simbabwe,c7:49:2b:c1:de:06,laptop-57.herrmann.de,2014-03-06T09:44:26
Irmingard Weihmann,0838783621,DE64704811308408721451,America/Barbados,33989,-86.344037,fertig.json,Kambodscha,71:91:80:0c:ac:2b,desktop-46.hiller.de,1971-02-18T01:23:10
Janette Heydrich,+49(0) 924986364,DE52731475075686706240,Asia/Taipei,419326212,18.969485,mit.jpg,Bulgarien,32:92:24:e4:1e:0e,lt-21.reising.org,1979-05-07T15:57:48
Roy Zimmer,0969238557,DE68806767429069430506,Africa/Kampala,108674,39.618827,zwischen.jpg,Guinea,37:b9:6f:95:97:d1,laptop-69.briemer.org,2020-01-01T03:06:10
Nelly Ullmann,05302057438,DE66837327278499999511,Africa/Johannesburg,6,17.0240245,natürlich.css,Aserbaidschan,b0:19:67:00:09:47,email-30.scholl.de,2016-11-21T03:58:11
Adam Jähn,(04680) 183277,DE93894565061731978011,Asia/Phnom_Penh,4,65.222415,gelb.webm,Kongo,de:7f:0b:06:35:4a,lt-62.koch.de,1992-07-07T13:04:43
Arnfried Kade,(05340) 303176,DE47380052206677587550,Africa/Lusaka,42,32.6105805,rufen.mov,Lesotho,f1:d2:ca:b2:38:e3,laptop-52.scholz.de,2022-09-21T15:30:35
Magdalena Geisel,+49 (0) 1033 148964,DE54428688586537117718,Africa/Nouakchott,6398,-26.471411,nie.xlsx,Portugal,b1:75:89:d4:a6:8d,laptop-00.boucsein.com,1971-08-12T05:24:01
Peggy Warmer,(03154) 47420,DE75907430632134516575,Europe/Brussels,72,6.0339625,nennen.tiff,Island,0e:3b:c0:3a:5c:c1,email-23.schlosser.de,1990-02-05T13:00:47
Rebecca Reinhardt,(06434) 299860,DE03473036947400586448,Africa/Blantyre,175263,60.3582595,ziehen.css,Kamerun,51:05:b2:62:e0:ac,srv-86.drewes.net,2013-01-14T04:05:52
Franz Römer,05073564392,DE74758133750819850000,Africa/Lubumbashi,56,30.7860625,groß.avi,Liechtenstein,a0:c4:2a:f7:35:91,laptop-13.zirme.net,1986-04-27T23:24:15
Hanspeter Aumann,(07392) 466549,DE12968539310316988714,Asia/Dhaka,26176,-4.725797,werfen.mov,Barbados,a9:aa:f2:8f:3a:5a,db-07.fischer.com,1992-05-19T11:25:20
Eckard Budig,(04947) 37578,DE32890678248190456827,Africa/Johannesburg,31,-21.604274,rechnen.wav,Schweden,4f:f8:f9:6a:42:2d,lt-55.auch.com,2007-01-30T21:40:27
Heinz-Wilhelm Lehmann,03033813716,DE81261891233905711855,Africa/Casablanca,27453930,16.4187955,fressen.gif,Turkmenistan,67:55:8a:d4:b2:c0,email-73.becker.de,2018-08-06T06:46:27
Dorothe Tröst,+49 (0) 4066 321747,DE21685172215315839758,Asia/Baghdad,137,-33.6054525,Stelle.bmp,Philippinen,5c:56:99:66:83:eb,desktop-00.pohl.com,1989-01-30T05:24:50
Hans-Herbert Jungfer,0545347960,DE06026016857569453231,America/St_Lucia,555147,-20.0181495,überall.css,Kongo,ee:d4:17:09:3a:a8,lt-17.hofmann.de,2005-08-26T02:41:09
Cora Bender,01566523841,DE18996790106687981706,Asia/Gaza,84430098,28.234042,fangen.doc,Kenia,59:e1:b8:eb:31:dc,web-06.cichorius.org,2002-05-18T00:23:12
Ingeborg Biggen,+49(0) 540590693,DE48615005602380790851,Asia/Bahrain,77781420,70.2440895,zu.jpeg,Kanada,20:5b:9a:de:97:52,email-59.muehle.com,1970-07-30T10:12:20
Lilija Tintzmann,0721342146,DE41567749048180343673,Pacific/Enderbury,374311410,-49.171180,Stelle.mp4,Zypern,d3:69:af:c5:80:bc,desktop-08.eberth.de,2015-03-02T23:40:24
Marika Tröst,(07867) 771627,DE47616926633614053746,America/Havana,8218729,18.2383495,wo.wav,Afghanistan,f7:35:9d:14:6b:46,desktop-52.paertzelt.de,2006-11-12T20:30:01
Katalin Lange,00605473849,DE50034404533898383305,Indian/Mahe,6,64.577513,wo.wav,Island,5b:f4:9f:a8:49:ef,web-81.krein.org,1975-09-18T11:56:04
Eugenie Weitzel,01277 98915,DE52321234419805563333,Pacific/Tongatapu,16,39.579410,heißen.jpeg,Komoren,6e:cc:6f:f7:a2:92,laptop-45.gunpf.de,1998-03-16T04:58:47
Jelena Renner,(02433) 97293,DE96084122224728522040,Africa/Johannesburg,97831422,58.788586,richtig.css,Jamaika,b4:a8:66:9c:79:2e,email-20.hentschel.com,1974-05-01T10:25:06
Adina Ullmann,(09744) 223162,DE43959146994701884641,Europe/Podgorica,6515,8.526354,bleiben.key,Ruanda,43:a5:ba:79:7c:72,laptop-19.foerster.net,2007-09-08T15:46:50
Sergej Ruppersberger,+49(0)0628 507618,DE63440107791161860355,Africa/Monrovia,2569260,-80.6732295,dein.webm,Niue,1f:d1:7b:ef:ae:70,laptop-93.pergande.de,1982-03-10T09:44:54
Heinz-Willi Lachmann,+49 (0) 3564 459570,DE86839682437377426687,Asia/Bahrain,84,1.841757,fehlen.mp4,Guernsey,82:0e:02:3f:ba:00,email-00.weitzel.de,1997-06-03T21:54:51
Sofie Plath,+49(0)3484143030,DE24289185951609435718,America/La_Paz,75233,35.412364,die.mp4,Martinique,2d:4b:fd:24:52:e3,desktop-76.stiebitz.com,1980-07-29T06:15:37
Eileen Dietz,+49 (0) 6579 403940,DE23372113695749661200,Africa/Malabo,3364,32.8760545,Stunde.pdf,Niederlande,48:3f:0c:0a:a1:7e,email-94.trueb.com,1974-02-14T11:22:55
Paul Wähner,04797 139990,DE36559634426280932811,Africa/Nouakchott,198,52.1962585,hart.html,Irak,a1:a7:54:a1:75:8d,web-65.spiess.de,1990-07-10T18:42:01
Eckard Hartmann,(08292) 608747,DE30516050968029083768,Africa/Bangui,45971396,9.0363545,merken.jpeg,Honduras,0e:90:8f:2a:86:c3,srv-61.weinhold.com,2000-08-17T09:43:12
Elly Jüttner,+49(0)7836 064557,DE55520608713042375994,America/Argentina/Cordoba,663215468,69.642441,Eltern.html,Georgien,a5:83:84:99:5e:ff,laptop-69.stumpf.com,1981-10-29T06:47:24
Sina Mälzer,+49(0)5329 524984,DE40047841468969840911,Europe/Bucharest,479861378,-18.0674985,Wald.wav,Palau,99:46:95:1a:ca:3c,srv-15.mosemann.com,1976-03-28T10:08:41
Darius Pieper,+49 (0) 9805 457345,DE14556655186452284550,Asia/Kabul,20735273,60.712823,Uhr.webm,Dominikanische Republik,f8:49:83:c2:bb:c4,srv-80.zobel.de,2010-11-24T21:15:27
Thorsten Wagenknecht,+49(0) 272287549,DE88208614706643703048,Asia/Urumqi,463595,-57.1598365,denn.mov,Kroatien,66:84:78:ad:f2:30,lt-18.loechel.com,2007-11-30T13:28:45
Augustin Putz,0338452447,DE91757990149540372651,Europe/Rome,184481049,88.5859755,klettern.xls,Katar,b9:f5:ca:45:21:9c,web-15.drewes.com,2018-02-28T03:22:49
Heinz-Georg Cichorius,0175282126,DE72667481395134995530,Asia/Saigon,163972,-17.6342885,nach.doc,Weihnachtsinsel,43:cf:f3:2a:45:08,web-33.noack.org,1971-07-31T11:27:19
Stjepan Reichmann,+49(0)8638 707977,DE27197113030634447077,Europe/Vienna,973128,28.797848,richtig.json,Svalbard und Jan Mayen,89:40:44:91:4a:81,email-14.geisler.de,2009-10-16T00:20:28
Klaus-Ulrich Heuser,09339 002983,DE26751139014080067864,Europe/Sarajevo,993,-30.4105855,doch.wav,San Marino,8f:b1:d7:9e:8b:71,srv-50.ortmann.com,2021-02-18T19:02:12
Irmgard Schmiedecke,08716 607879,DE97542375317010845262,Pacific/Kosrae,4161,89.0635225,müde.json,Uganda,a4:86:c5:7f:7d:1c,email-49.drub.com,2008-08-30T02:04:25
Karla Adolph,05645 75256,DE90865673870533323638,Asia/Manila,3,62.3637665,stark.jpg,Indien,4f:46:00:d0:23:02,db-62.mueller.de,2002-09-05T06:59:06
Ramazan Wilmsen,+49(0)6044 182655,DE56926412250709031559,Africa/Bissau,909548353,83.891755,versuchen.json,Usbekistan,f2:e8:83:e8:c8:c8,laptop-10.holt.com,1987-04-21T23:11:39
Cornelia Lorch,0653587583,DE07137937777882641362,Asia/Rangoon,5628,-51.395878,groß.csv,Wallis und Futuna,9b:c0:36:f1:46:77,srv-83.lindner.com,1992-07-16T18:20:13
Karlheinz Schlosser,02389618617,DE37713832833688629791,Asia/Jakarta,54444,40.287226,gelb.mov,Salomonen,2f:9e:ed:bd:57:03,lt-23.hentschel.de,2001-06-23T10:45:16
Vincenzo Hartung,+49(0)1772086191,DE45348001342363892347,America/Guyana,446638,-46.927800,viel.wav,Kambodscha,87:2a:ab:35:cf:74,email-21.gute.com,2011-08-14T08:06:54
Arnold Hoffmann,(02486) 20424,DE31563203271713452956,Asia/Samarkand,24,62.8921085,sieben.wav,Syrien,03:3f:bb:fb:59:05,db-38.baehr.org,1992-08-03T00:28:05
Fatma Karz,+49(0) 896435666,DE58612620357855367561,Europe/Bucharest,504,-44.379616,Berg.css,Sambia,c7:f3:6a:99:36:40,laptop-99.staude.de,1975-09-14T19:12:15
Ortwin Eigenwillig,0774605513,DE66229996875172301206,Africa/Asmera,0,-54.681565,wenn.tiff,Jamaika,d8:46:ab:00:80:10,desktop-02.oderwald.com,1978-11-03T23:29:07
Erkan Schmidt,+49(0) 753861818,DE51580443166212472642,Asia/Riyadh,897129102,62.839489,Schüler.webm,Türkei,15:72:87:f5:33:c6,email-84.drubin.com,1998-04-23T13:21:08
Wiebke van der Dussen,0723477616,DE79503125624508050548,Africa/Ndjamena,349,-83.3700495,Hase.pptx,Tunesien,37:45:28:99:fa:2f,email-04.schueler.com,1982-02-10T17:56:46
Arnfried Fischer,(07515) 384677,DE68705462734832969805,Africa/Conakry,3738,-51.2584155,glauben.jpg,Dominikanische Republik,3e:60:52:11:fe:95,lt-64.kroker.com,1995-06-24T08:42:44
Christos Schenk,07867 537730,DE58701846999033554867,Europe/Podgorica,5670223,70.1537685,für.tiff,Sudan,18:e0:e0:83:24:e2,desktop-14.gumprich.com,1983-03-01T20:48:35
Waltrud Rosenow,(05279) 821854,DE23529914613129720040,Asia/Tbilisi,432514,47.725896,man.csv,Äußeres Ozeanien,62:0e:57:ab:71:cf,db-06.wulff.com,2015-07-25T07:55:54
Ellinor Zänker,00760 12214,DE88247913405784400218,America/Argentina/Mendoza,43,2.861668,Wagen.wav,Demokratische Volksrepublik Korea,59:4b:ab:e7:91:87,email-51.hartmann.de,2021-07-10T19:44:54
Jeannine Zimmer,+49 (0) 3587 931361,DE16748946899720814368,Asia/Shanghai,2,-50.810438,gut.webm,Ruanda,38:cc:9e:55:89:a7,web-07.karz.com,1984-07-25T03:33:46
Marjan Heinrich,+49(0)3483 74860,DE12494845657252937823,Asia/Dubai,26844427,24.848519,Glück.json,Bouvetinsel,92:7e:96:ea:5b:22,email-99.krause.com,1981-08-10T02:42:48
Silva Reichmann,02107 50212,DE60440119199389299444,Europe/Tallinn,301,-41.9372725,Eis.avi,Australien,ed:ba:7c:18:a5:16,srv-52.wilmsen.de,2016-08-03T05:27:46
Susi Schenk,(04278) 442498,DE73599001136971552394,Asia/Dhaka,76060,-12.6356165,dürfen.ppt,Bulgarien,37:86:0f:19:59:96,db-34.krebs.net,1997-06-11T17:35:00
Francesca Klingelhöfer,+49(0)5863 956466,DE98140859616518376715,Asia/Pontianak,739975560,-62.096953,packen.webm,Ägypten,1a:c8:b5:c6:d9:0b,desktop-48.albers.com,1981-03-03T12:22:19
Hans Peter Aumann,+49(0)5475 504352,DE07633849359198833826,Asia/Dhaka,44201878,-59.386713,draußen.html,Turks- und Caicosinseln,8a:6e:c5:e0:6f:08,desktop-54.zahn.net,1999-10-15T13:52:48
Ellen Schacht,07783 914503,DE52387419172996744183,Europe/Belgrade,569458408,-22.6160375,liegen.flac,Serbien und Montenegro,4a:c0:e5:43:2d:65,lt-77.weitzel.de,2023-05-06T17:25:21
Leander Anders,(09760) 31400,DE21673513663108610875,America/St_Vincent,1891,85.763575,her.mp3,Simbabwe,a4:ff:8a:2a:97:28,srv-98.lorch.net,2022-01-26T22:48:16
Jens-Peter Wagner,08710 64740,DE33726966674097237899,Pacific/Tarawa,459,-71.4330625,Meer.flac,Slowakei,3b:7f:b7:29:58:ec,web-48.rosemann.org,2006-08-05T08:35:38
Ekkehard Schäfer,09618676536,DE29168071176778582632,Africa/Libreville,69789,-15.1477785,sehen.avi,Dänemark,fa:1d:ef:68:41:00,web-53.fiebig.com,2006-02-15T18:42:39
Fatima Rust,04632 179363,DE37466453082393218637,Africa/Douala,803573401,-71.4505755,nehmen.jpg,Panama,4f:9d:30:15:6e:e9,srv-25.jockel.com,2000-09-12T08:10:58
Kordula Schomber,+49(0)2635794827,DE74348674060609958703,America/St_Vincent,134743485,84.7255015,zum.ods,Mexiko,99:54:1f:0a:f6:f7,db-13.klingelhoefer.com,2021-08-01T14:43:25
Hans-Wolfgang Bien,05263 02839,DE62696649242365228952,Africa/Douala,931,23.064953,weit.webm,Südafrika,62:b5:13:7f:33:79,laptop-00.hendriks.org,2009-01-12T20:07:00
Klaus-Werner Trupp,(07864) 207753,DE60812514574192323811,Europe/Stockholm,87,60.1594075,lesen.bmp,Pitcairn,55:8d:bf:65:47:26,db-73.drub.com,2017-01-31T13:38:33
Ludwina Davids,+49(0)9040792830,DE82549794805822651697,Pacific/Fiji,57485524,21.557535,Sommer.odt,St. Lucia,73:91:06:89:61:e9,lt-02.berger.com,1992-02-05T00:03:27
Nico Huhn,+49 (0) 7396 491543,DE29143587559877340599,Europe/Zurich,17707855,-65.545910,Spaß.mp4,Nordmazedonien,d5:74:03:09:56:4e,desktop-99.beier.org,2003-07-02T02:15:43
Virginia Tschentscher,(00442) 110678,DE71059044194757808470,Australia/Adelaide,841785,-4.818272,dich.wav,Algerien,db:41:68:f2:d4:44,laptop-61.koester.de,1984-01-12T21:14:50
Josip Möchlichen,+49 (0) 9702 657515,DE82007421447504718696,Pacific/Fiji,62497338,27.1356055,mein.pdf,Turks- und Caicosinseln,89:c1:48:ef:7c:0f,srv-50.taesche.de,1998-04-04T11:31:53
Bartholomäus Seifert,(02484) 786282,DE68241384652704948643,Europe/Stockholm,605873,-61.918164,Wagen.png,Burkina Faso,33:83:d9:26:0b:08,db-90.lorch.org,1982-08-18T07:31:55
Dorota Hahn,+49 (0) 8852 993609,DE16693554151582123454,Asia/Hovd,350,-37.327466,Weg.flac,Guadeloupe,98:d5:1c:22:4c:76,desktop-81.stoll.de,1994-12-04T13:38:42
Salvatore Reinhardt,+49(0) 792929569,DE89206440490146443523,Africa/Lusaka,25147824,-58.5177795,Seite.wav,El Salvador,62:d2:37:1d:23:54,srv-22.heidrich.org,1980-08-11T07:33:57
Bogdan Briemer,03829 557693,DE53267329327850750894,Asia/Jakarta,1,81.8697905,besser.js,Liberia,ac:43:e8:40:45:06,laptop-88.schweitzer.com,1993-11-21T01:22:07
Calogero Köster,+49(0)5623694438,DE17225754710561102186,Asia/Kabul,24113072,50.6831945,los.csv,Nigeria,65:2c:2e:46:f9:37,srv-01.otto.com,2022-07-13T21:46:26
Kira Hornig,01011969557,DE58959666497061254677,Africa/Windhoek,23165,35.159152,Baum.csv,Senegal,79:96:94:db:2c:0f,laptop-61.loechel.net,2009-10-16T14:11:35
Raisa Stey,+49(0)5114 749671,DE10144298325178655133,Africa/Maseru,76360,-67.7524075,schlecht.jpeg,Luxemburg,3b:f0:9a:78:68:c1,desktop-99.schleich.com,1991-04-03T07:54:49
Antonietta Döring,09853994128,DE38195836892124979803,Asia/Dili,2,24.5634135,halten.png,Guam,ad:e5:ce:7f:a1:c3,srv-59.killer.org,1975-03-17T08:31:37
Nurettin Hornich,(00945) 038493,DE80166386446771943705,America/Caracas,295,-35.025978,Geburtstag.mp3,Grönland,a5:31:22:dc:a6:17,desktop-75.heser.net,1988-06-09T05:09:32
Waltrud Nohlmans,04949 687624,DE64089851807895778024,Africa/Dakar,3,-15.617689,bin.csv,Antarktis,bd:9a:62:80:4a:09,laptop-75.jessel.de,1970-07-21T18:58:24
Gaetano Becker,(09249) 241223,DE78973386276269412854,Europe/Bucharest,6062895,-81.139959,Flasche.avi,Neukaledonien,6f:e4:7b:15:2f:3f,email-49.kobelt.com,1978-11-06T19:14:59
Günther Rose,(07813) 144396,DE70155589549942567987,Asia/Kuala_Lumpur,85,3.799406,gut.mp4,Saudi-Arabien,78:6d:98:39:aa:8b,srv-29.binner.org,1979-05-10T08:35:39
Bruni Ebert,+49(0) 087295513,DE89383340613664511242,Asia/Phnom_Penh,91320882,27.2869915,gestern.flac,Turks- und Caicosinseln,53:10:c1:33:d3:bf,lt-95.killer.de,2010-12-06T08:34:32
Ladislaus Ullmann,07771 34885,DE46802062731221772254,Asia/Muscat,3261,-59.117965,immer.pptx,Guam,10:14:74:da:f4:f1,lt-40.neureuther.net,1997-09-03T06:05:31
Reinhard Ruppert,(09232) 996966,DE40186614538811385590,Europe/Zagreb,949989549,47.879758,Wohnung.mp4,Palästinensische Gebiete,7d:0c:27:86:d8:3e,email-49.weller.org,2006-05-28T22:04:30
Axel auch Schlauchin,06524 629447,DE36636227723067244815,Europe/Podgorica,464779808,64.5901785,vorbei.docx,Vietnam,7b:1f:6e:1b:25:54,email-77.mueller.de,1981-10-25T08:44:40
Reinhardt Herrmann,09447 084074,DE64857953512326597693,America/Yakutat,8549547,23.174629,sitzen.mp4,Belize,8e:b7:24:6b:81:bf,laptop-07.zobel.de,2005-04-23T14:36:02
Oswald Bonbach,+49 (0) 2354 791581,DE29931435838911455110,Asia/Dushanbe,23284930,-60.650431,Monat.webm,China,9d:63:4a:73:4d:eb,web-25.kostolzin.de,1973-08-23T17:20:40
Bianca Keudel,0931483537,DE19157318794876486577,Pacific/Tongatapu,5737,20.493726,alt.key,Kambodscha,6f:6d:80:4c:82:95,web-15.doerschner.de,2008-12-01T14:11:29
Rotraut Stumpf,04381 664783,DE12225236222392560514,Europe/Amsterdam,484635,-25.184345,sofort.csv,Nepal,c6:c0:7e:5d:10:34,desktop-08.hiller.com,1989-09-02T02:45:49
Gertraud Lehmann,01971 46001,DE48477699220663072897,Europe/Malta,22141712,42.0979995,bauen.gif,Dschibuti,49:c5:9a:a5:e5:0d,lt-49.hofmann.de,1985-07-19T14:21:02
Erol Ring,+49(0)3214 12189,DE82127619489629716053,Asia/Rangoon,869400,65.3320105,sicher.mp3,Mayotte,e5:0e:cf:b7:ea:ef,db-36.dietz.net,1995-06-12T16:04:39
Tilo Hermann,+49(0) 796550591,DE45796174538001983823,Pacific/Truk,9,-68.576433,stellen.tiff,Vereinigte Arabische Emirate,8f:b6:cb:0f:18:c4,web-06.schuster.de,2017-06-29T06:54:28
Inka Briemer,00312232634,DE53515295856512422368,Indian/Maldives,466775193,44.254749,auch.webm,Kasachstan,a5:c2:6c:cf:0a:a6,srv-81.schulz.de,1990-07-02T02:56:25
Anatol Käster,+49(0)1701 74417,DE57842481466213446289,Asia/Bahrain,469354,83.604208,stehen.mp3,St. Barthélemy,b1:8b:2d:cc:aa:9a,srv-16.keudel.de,2022-06-06T03:51:20
Francisco Finke,08726 038932,DE34358810812197390358,Atlantic/Cape_Verde,81758,78.8705115,fragen.avi,Republik Korea,7a:7e:ba:aa:bc:12,lt-26.wieloch.net,1980-02-19T21:23:51
Gretel Ruppersberger,+49(0)6208443157,DE12118420909821123003,America/Monterrey,346047633,39.5309925,immer.txt,Alandinseln,4d:aa:b6:4b:1b:7c,db-42.beyer.de,1998-03-13T11:13:25
Waltrud Täsche,+49(0)2980 12595,DE43448225314111586358,Pacific/Port_Moresby,948231518,50.8308275,natürlich.docx,Belgien,3f:d2:e0:d5:ff:e0,email-90.loechel.de,1975-12-19T13:30:56
Karl-Wilhelm Dobes,(04847) 83341,DE22243070141334680105,Asia/Qatar,70,-53.472245,sie.tiff,Amerikanisch-Samoa,d4:2b:ed:88:1d:83,email-43.bohnbach.de,1986-12-07T06:38:43
Lili Kambs,+49(0)6593 209247,DE63777391002118133999,Asia/Yerevan,80,71.456598,dazu.numbers,Finnland,b8:ec:47:92:12:f5,desktop-30.tintzmann.org,1976-12-01T06:11:45
Ingbert Davids,03962823569,DE97546152072532147703,Africa/Gaborone,123,-51.589712,nach.mp3,Neukaledonien,1d:70:3d:7c:a1:a2,laptop-75.kobelt.net,1994-07-24T03:35:24
Margret Rogner,06507 284905,DE38825300123377535557,America/Santiago,5,-36.394654,hin.doc,Deutschland,8e:ba:c2:d3:1a:4d,web-86.staude.de,2002-06-03T19:46:28
Wanda Schenk,+49(0)2104429295,DE18599191215072344893,Europe/Zurich,95720,28.5092565,antworten.pages,Réunion,a8:f9:bd:ad:5f:f0,lt-53.tlustek.de,1973-11-06T07:40:40
Harriet Seidel,+49(0)3370 68564,DE58045315877060815146,Europe/Uzhgorod,4136,-28.5152835,Brief.png,Griechenland,4a:8f:a4:93:a5:08,email-39.benthin.de,2014-06-30T20:51:41
Otfried Bruder,+49(0) 368335977,DE57236573075764374159,Europe/Luxembourg,61,33.6801515,richtig.webm,Vietnam,87:9a:0b:cf:c1:b9,laptop-61.dehmel.de,1974-07-16T04:23:02
Silke Ditschlerin,(04719) 25701,DE80683277064741524043,Africa/Asmera,21691058,55.774989,Wald.mp4,Jersey,13:7e:31:cc:96:1b,laptop-06.mies.de,1977-08-21T16:22:45
Faruk Noack,00086 70080,DE23250753399421957123,Africa/Nairobi,494473766,22.579237,einmal.avi,Lettland,b1:bd:59:da:e0:7d,db-54.segebahn.de,2015-11-08T15:06:37
Franziska Rose,(06350) 674760,DE82752457562073066224,Asia/Ashgabat,1747115,0.2836665,Fisch.ods,Tadschikistan,28:56:4e:31:6b:62,laptop-31.bluemel.de,1987-10-10T20:06:22
Vadim Gieß,0155280663,DE10600055580829734976,Indian/Mauritius,4780354,61.5264555,Wagen.docx,Belgien,74:5b:39:e2:91:27,lt-95.roskoth.org,1992-10-08T02:47:02
Concetta Zobel,+49(0) 150353405,DE21750805152338549945,Africa/Blantyre,72761,-23.033634,Weihnachten.mov,Kuwait,ee:d4:53:9e:87:16,lt-16.sontag.net,1974-04-18T21:21:16
Adeline Geisler,(05906) 92115,DE07214633095239271890,Europe/Luxembourg,5,78.928396,treffen.wav,Tschechische Republik,51:c5:41:75:bc:87,srv-90.stoll.de,2000-06-27T02:18:10
Rose-Marie Ruppersberger,+49(0)6128 283857,DE14203660270268318884,Africa/Bissau,386183,25.372075,zur.html,Lettland,ce:a7:b3:08:84:07,laptop-52.nette.net,2001-03-16T12:48:36
Saskia Herrmann,+49(0)9159 54200,DE06308252033585104118,Asia/Baghdad,99517,73.964702,daran.webm,Guyana,8e:af:f7:db:fb:fc,db-07.staude.com,1982-09-10T07:15:14
Ernst-August Niemeier,07098 63220,DE86076552765770381448,Asia/Dubai,74382310,7.474478,was.wav,Kiribati,af:e2:46:d2:71:a8,lt-59.huebel.com,1981-04-11T10:29:51
Jonathan Löwer,0365304732,DE75394190868121266761,Africa/Cairo,503442,81.1826695,singen.jpg,Malaysia,a2:4f:9d:54:49:3d,laptop-02.preiss.com,2022-12-25T02:07:43
Hilde Sager,03530368797,DE89801830182750738187,Africa/Khartoum,748,-10.323691,kein.flac,Deutschland,33:d0:4a:eb:fe:16,db-66.kusch.org,1997-01-26T17:30:52
Ante Renner,(01982) 039839,DE06328282470584660254,Europe/Tallinn,812599,84.895190,neun.key,Osttimor,71:df:96:38:fc:af,desktop-48.gute.com,2005-04-09T13:53:34
Anny Gierschner,+49(0) 032324240,DE18262695926556772431,America/Belize,779138,-59.1206475,turnen.jpg,Libyen,e0:50:bc:6c:cf:ba,web-02.junitz.de,1993-08-09T21:09:31
Elfie Binner,+49(0)0980 351789,DE26407132480550712432,Europe/Vilnius,200,83.774976,fliegen.wav,Jemen,58:c0:30:ed:07:ae,laptop-74.berger.com,1991-10-23T20:51:08
Luisa Werner,(01335) 719272,DE46677732713667771943,Africa/Lome,5587502,18.788739,heraus.numbers,Sierra Leone,f5:83:eb:12:ee:14,srv-94.weller.com,2005-06-19T01:09:56
Fatma Rust,+49(0)4617 99897,DE46260077328268842471,Asia/Katmandu,4,16.366411,Musik.mp4,Antigua und Barbuda,e9:c3:0d:f2:b9:79,laptop-83.seifert.com,2013-12-28T16:36:52
Angelika Junken,+49 (0) 7065 771602,DE89791113291720598155,America/Goose_Bay,779,35.7279485,natürlich.html,Botsuana,b9:84:bb:67:bd:4b,lt-47.wilmsen.de,1978-05-29T20:38:26
Meinolf Trupp,+49(0) 113404674,DE29788726105382635095,Europe/Zaporozhye,19384635,-18.0509185,Mutter.bmp,Vietnam,f6:6d:d4:94:88:43,web-62.schleich.de,2015-09-09T18:11:20
Maja Krein,(08848) 078064,DE37713769282984639027,Pacific/Fiji,98935,-37.2050625,werfen.mov,Thailand,8d:53:e5:cb:88:be,laptop-81.weinhage.com,1997-12-05T04:16:59
Mariola Kade,(04591) 428907,DE64413041845063653135,Africa/Harare,6,-62.8739785,lernen.html,Costa Rica,5d:cf:80:6d:a1:c4,lt-00.caspar.de,1986-08-10T04:35:16
Gerfried Christoph,(06650) 77965,DE70485182667147954690,Europe/Tirane,33,-1.362894,Teller.bmp,Niue,87:d9:8f:36:d4:5c,laptop-67.gertz.net,1974-06-18T22:32:02
Wolfhard Kitzmann,(03525) 776936,DE76377316490447367884,Africa/Kinshasa,8606941,-22.2540985,grün.mp4,Kuwait,09:7e:b8:0e:48:80,web-51.bonbach.com,1973-02-13T04:00:39
Elizabeth Lindner,00672 98428,DE61939568191681379702,America/Santo_Domingo,344,-6.182727,Küche.png,Uruguay,4f:ae:b2:26:2e:9f,db-62.killer.com,1983-12-23T16:00:59
Hermann Josef Eberhardt,01612 549541,DE15058900674071395281,Europe/Ljubljana,30,75.0947865,wohnen.wav,St. Martin,4f:9c:16:84:73:c1,srv-51.lindner.net,2019-05-28T06:33:20
Viviane Jessel,+49(0)8618151936,DE32261949170386670217,Pacific/Apia,2627,81.445767,schauen.odp,Island,28:b4:77:59:f2:6a,db-04.neuschaefer.de,1981-03-21T10:03:54
Carlo Misicher,08566327780,DE45398565048222094171,Atlantic/Cape_Verde,647529,-58.930232,schwarz.html,Schweiz,1d:9c:a0:57:fe:9e,desktop-71.loos.de,2012-05-31T02:23:43
Eric Hartung,00387 142389,DE97547075522754843067,Africa/Djibouti,92,52.9336415,halten.tiff,Algerien,b0:fa:19:ef:24:dd,email-02.kobelt.de,1970-01-22T11:30:26
Vito Eckbauer,02852 665078,DE11478402079664082465,Asia/Ashgabat,24,84.9120955,See.wav,Amerikanisch-Ozeanien,37:b7:fc:8d:d4:bd,db-17.foerster.com,2001-01-17T05:35:37
Suse Wulf,07261 667833,DE28836509775035541152,Europe/Chisinau,612205,18.700475,gibt.webm,Pitcairn,94:54:a2:2a:6e:7c,lt-59.gertz.com,1973-10-15T16:08:15
Nuran Butte,(04520) 83573,DE56426086246162706355,Europe/Vilnius,21399090,40.1913375,reiten.csv,Côte d’Ivoire,c8:92:3a:aa:16:69,lt-61.soelzer.com,2020-12-10T15:13:17
Veronique Löwer,(00131) 399799,DE66074838492446743170,Africa/Addis_Ababa,7059,88.519912,nimmt.gif,Tschad,31:dc:b3:a2:97:02,laptop-92.jacob.net,2011-12-30T11:22:31
Heide Otto,(00253) 32557,DE86127952774121273938,Asia/Amman,64132,71.433267,tief.webm,Malta,d8:ed:10:b6:ed:b0,srv-75.fiebig.net,1998-05-29T13:43:51
Tomas Baum,(08972) 010308,DE44461440613675746133,Africa/Maseru,669887629,26.858230,tot.mp4,Tunesien,a3:cf:0a:9a:4a:a1,laptop-48.groettner.com,1994-09-19T02:39:46
Drago Kreusel,(01707) 22813,DE18686879224777518970,Africa/Freetown,339432587,-28.648018,Glas.flac,Amerikanisch-Ozeanien,18:83:ce:bc:48:6a,web-59.kramer.com,2001-12-19T17:22:28
Birger Caspar,+49(0) 344468664,DE25400971563277732303,Europe/Skopje,89,-57.7495095,was.gif,Ukraine,db:ad:4a:a8:8c:7c,web-28.austermuehle.de,1987-03-12T00:24:02
Erdal Noack,+49(0)5092027312,DE35460522202164455634,Asia/Phnom_Penh,1,-60.6184295,Straße.mov,Guatemala,04:37:47:95:0d:05,web-94.siering.com,2005-10-24T02:00:35
Marvin Trubin,+49 (0) 1345 948738,DE60212493033167376750,America/Santo_Domingo,34495040,-51.3912135,Tante.avi,Tansania,e4:22:f7:f1:74:61,srv-14.christoph.net,2014-07-04T14:10:07
Viola Adolph,+49(0)8853 96068,DE83327723761923209058,Europe/Monaco,622100551,31.1662655,Polizei.xls,Albanien,4f:6d:5d:58:e2:bf,laptop-55.zorbach.org,1985-03-05T10:13:17
Silvio Schmidt,0759750305,DE11742880199395086631,Asia/Bahrain,83803747,11.3851855,dick.js,Zypern,34:b1:d9:a4:b2:23,lt-64.gotthard.de,1981-04-16T06:55:02
Elfie Geisler,+49(0)6438 32751,DE61369396176349170353,Africa/Freetown,332,-69.329792,dort.wav,Svalbard und Jan Mayen,31:3e:49:89:84:19,srv-45.maelzer.org,1973-11-19T01:16:56
Esther Hörle,07856421803,DE88741672189514540181,Pacific/Guadalcanal,32518,69.680535,erst.jpeg,Fidschi,cc:e0:d6:ec:21:77,lt-76.klingelhoefer.de,2006-11-17T09:28:22
Nadeshda Harloff,00641918502,DE76130010303967464023,Africa/Maseru,2283,-81.734690,oder.gif,Philippinen,27:0d:49:be:1a:30,web-35.vollbrecht.de,1995-11-29T16:39:30
Mariusz Mülichen,0693393887,DE60630128046753739584,Africa/Mbabane,364,47.4470415,setzen.gif,Spanien,a1:e8:b2:5b:e1:b8,lt-21.ackermann.de,2016-12-16T19:29:26
Othmar Bärer,+49(0)8781277340,DE86109418043736567911,Asia/Bangkok,31543927,35.4048095,kalt.pdf,Niger,6e:59:d6:4b:ad:18,laptop-12.atzler.com,1972-02-13T20:20:45
Alina Budig,+49(0)4976 94688,DE79563804274389482389,Africa/Khartoum,4,86.349819,zwischen.jpeg,Oman,b4:fc:ef:cb:6f:3b,db-58.kabus.com,2020-10-20T06:14:38
Maria-Theresia Hornig,(06848) 01967,DE42436822947948339412,Asia/Baku,946,-74.629147,kochen.mp3,Monaco,5d:64:80:5f:bb:22,srv-28.henck.com,1981-04-27T22:56:53
Geza Bauer,+49(0)1371 797122,DE24332571784903960079,Asia/Baghdad,880,-65.6449055,bald.mov,Andorra,bf:4f:50:cf:20:e3,srv-06.eimer.com,1977-08-25T13:57:39
Kerstin Fechner,(06199) 84831,DE03230441752516160330,Asia/Shanghai,78886770,-37.7286895,über.avi,Frankreich,6e:32:7c:75:d3:37,web-79.kranz.com,1973-03-24T01:17:48
Sylke Oestrovsky,(02617) 752267,DE42627528354405757573,Africa/Niamey,7531832,-88.522282,Gesicht.webm,Sudan,0a:0c:a5:1b:5d:24,desktop-10.etzler.de,2005-01-22T16:52:42
Theodora Bolnbach,0076505717,DE13771369959987395324,America/St_Vincent,77543,-20.812385,versuchen.gif,Panama,f3:e8:e9:76:62:9e,web-32.ullmann.de,2017-03-02T10:46:30
Pamela Gotthard,(08285) 54695,DE60937082443552611067,Indian/Mauritius,413376,1.647294,zehn.flac,Amerikanisch-Samoa,78:51:d4:53:bd:8d,srv-31.weinhold.com,2012-08-19T09:43:18
Jurij Jäkel,02175 435328,DE57962126416502263386,Africa/Dakar,7,79.0488845,sollen.jpg,Costa Rica,15:0e:26:c4:b2:eb,email-12.zimmer.de,1982-09-15T10:01:27
Grit Schmiedt,(00324) 74213,DE60170034543451819969,Indian/Antananarivo,303043,-69.586586,bringen.pages,Usbekistan,1d:61:65:7b:d0:4e,email-20.harloff.de,1995-08-03T15:01:01
Ingeborg Dehmel,(01233) 590905,DE70964841319497047609,Africa/Ouagadougou,565191381,64.7481105,was.css,Suriname,8c:82:69:da:86:de,web-26.maelzer.net,1995-11-17T01:03:09
Ilka Kranz,+49(0)5513 27094,DE59781767942598397352,America/Montevideo,588935378,-42.278111,war.avi,Serbien,f3:a8:bb:db:25:bc,srv-05.weihmann.com,1993-10-05T06:13:46
Renato Speer,08882 12182,DE41918371990370462977,Europe/Copenhagen,8470088,0.0061915,sagen.tiff,Palau,81:e6:f7:fe:c3:5c,srv-69.schottin.com,2009-04-30T02:55:19
Bernadette Gude,+49(0)7936 12437,DE28863911870239405272,Asia/Baghdad,8,5.947446,erzählen.gif,St. Pierre und Miquelon,af:e7:1e:4e:5d:e6,laptop-95.rose.de,2003-04-14T14:39:51
Alexandra Kaul,+49(0)8147 396232,DE59839146645562094549,Africa/Harare,8151474,-39.7843025,Schüler.doc,Deutschland,ef:fc:97:2c:44:de,desktop-11.schinke.org,2001-02-06T12:55:37
Diether Tlustek,0932508594,DE97463473127683791563,Asia/Colombo,688257,17.2084615,scheinen.pptx,Südgeorgien und die Südlichen Sandwichinseln,2b:96:30:46:14:b4,email-30.bachmann.com,2015-12-11T10:59:46
Paul Albers,02884 913742,DE54276281481625821998,Asia/Manila,4,57.2052915,rot.mp4,Sonderverwaltungszone Hongkong,75:e5:4a:23:fe:95,db-79.adolph.com,1987-02-21T10:51:09
Eduard Hettner,+49(0)9620 944319,DE77125719127289956209,Pacific/Apia,65,29.5870765,heiß.json,Mosambik,6e:f0:e4:6e:9f:17,desktop-29.schinke.de,1971-08-04T07:17:50
Marek Blümel,+49(0)7614 371900,DE19546235839538033163,Europe/Paris,568538,-15.991675,zeigen.mp3,Vietnam,71:03:cc:b6:42:ac,desktop-07.reuter.de,1986-08-20T21:07:42
Stanislav Riehl,(04978) 43609,DE53812124590732917491,Asia/Nicosia,6946,17.638261,tief.flac,Zypern,45:16:0e:83:22:18,lt-09.stahr.net,1985-05-30T16:09:15
Roselinde Warmer,0467612316,DE67581934083056253227,Africa/Lusaka,4142,31.023960,spielen.jpeg,Bangladesch,f5:bb:07:9c:5b:74,desktop-08.langern.com,1978-11-15T04:10:13
H.-Dieter Jopich,04975508087,DE60992912167483249315,Asia/Riyadh,4778,4.006238,wenig.flac,Syrien,9b:8e:65:8a:54:82,lt-69.margraf.org,2006-07-03T13:46:05
Isolde Beyer,+49(0)3649 611068,DE64543785501602315258,America/Guatemala,2091,40.5653365,nun.wav,Demokratische Republik Kongo,8c:57:1a:40:dd:d8,lt-59.niemeier.de,2005-01-12T18:20:35
Siegfried Heser,07477 95263,DE08817887840540515770,Africa/Casablanca,18186,-51.2803525,rufen.mp4,Bangladesch,25:b8:d8:59:65:b8,desktop-56.stiebitz.net,2004-04-23T21:58:17
Leonid Schmidt,(03501) 74776,DE66117628590214023675,Europe/Warsaw,684,76.2840495,gegen.png,Liechtenstein,da:c7:e4:f5:9d:c5,web-65.doering.org,2010-01-25T07:18:16
Gerhard Conradi,0174028139,DE32873142152368211347,Europe/Zurich,776860,-61.4545715,neu.numbers,Singapur,cb:93:8d:2f:4b:ca,email-86.klemm.com,2021-01-06T22:06:55
Rainer Lübs,(04269) 251977,DE88748740989391244770,Europe/Luxembourg,95139399,38.238931,suchen.avi,Malta,81:57:57:26:fc:1e,db-01.mielcarek.de,2008-07-26T06:25:32
Charles Röhricht,+49(0)6619 56501,DE46358797355646036956,America/Costa_Rica,28,68.8105475,ob.wav,Malawi,a1:b1:f1:aa:72:0b,laptop-00.salz.org,1971-05-22T06:26:55
Dominic Bien,+49(0) 830653126,DE98041185643321290649,Europe/Prague,7262,-77.859584,hat.mp4,Malawi,66:b1:8b:bd:5f:5b,lt-94.kitzmann.com,1987-06-28T17:06:18
Denis Warmer,07965 42670,DE74299350412641818000,Europe/Vilnius,749751,71.401288,kurz.mov,Britisches Territorium im Indischen Ozean,9e:22:ae:88:e0:63,lt-63.etzler.com,2008-12-02T21:23:14
Ortrun Staude,07386 333334,DE32293436371301339427,Asia/Tashkent,175806041,-69.924763,neun.odp,Anguilla,7f:96:6b:8d:eb:2a,lt-89.zobel.com,1993-07-07T10:48:41
Cilli Schüler,03908787321,DE68746861444088950992,Asia/Ulaanbaatar,5818234,-64.5316775,dich.pdf,Uruguay,26:08:75:df:e3:a0,srv-33.hein.org,2015-02-18T19:00:47
Gertrud Zahn,0593630986,DE80353567626886011714,Africa/Lubumbashi,375,-20.527809,reiten.jpeg,Indonesien,2a:f5:c7:97:95:fe,srv-00.rogge.com,1999-10-07T07:40:32
Heidemarie Johann,+49(0)0609 527935,DE46926883807933511271,Africa/Bamako,676746,-1.7825865,zwischen.mp4,Aserbaidschan,79:41:7c:d4:ed:b4,lt-76.hermann.com,1990-02-19T06:19:56
Josefine Schüler,09042 34331,DE06528614845610411488,Africa/Luanda,9,64.958919,Mädchen.css,Anguilla,d3:82:06:ae:e6:53,email-84.wende.de,1992-06-23T17:29:06
Pawel Schinke,+49(0)5772 770220,DE07289581373254749071,Asia/Pyongyang,83676929,58.656288,sollen.webm,Myanmar,9d:de:51:80:c0:ac,laptop-92.schmidt.org,2011-06-15T02:15:28
Monja Reuter,+49(0)3926474622,DE79588258344434839522,Pacific/Funafuti,0,83.199278,böse.mov,Guatemala,7a:9b:be:c0:7a:ab,lt-88.losekann.com,1994-03-16T12:12:09
Grit Löffler,+49(0)3029 16571,DE50255864300941996448,Europe/Stockholm,3,48.856179,weg.txt,Bhutan,d7:1d:92:f1:70:7d,desktop-56.ring.net,1981-03-08T03:12:19
Theresia Ring,(09318) 310915,DE63569671076120894059,Africa/Banjul,2175,-4.841233,Glas.txt,Burundi,8f:cc:1c:7f:3d:f2,lt-93.wilms.de,2021-12-07T10:48:50
Margarethe Lindner,02483 362077,DE22185041451770019325,Asia/Manila,22,-14.357522,langsam.txt,Honduras,28:18:28:5b:2a:7f,web-69.radisch.com,1970-04-23T05:16:50
Irmtrud Karge,+49(0) 854530950,DE51820673003031563882,Asia/Bangkok,76355,57.8996215,ich.wav,Israel,71:22:d1:0d:33:d5,laptop-93.moechlichen.com,1996-06-02T12:18:08
Gundula Hesse,+49 (0) 2817 678566,DE10855514132466899990,Europe/Minsk,34589,85.3943265,schön.pdf,Kolumbien,9f:15:51:19:36:9b,desktop-09.roht.net,1989-10-26T11:14:45
Kristina Paffrath,(07233) 81065,DE87630310944724213600,Asia/Muscat,0,-34.358545,dauern.webm,Spanien,cf:37:71:47:9d:d4,db-55.stiebitz.com,1972-07-18T04:35:04
Krzysztof Dussen van,01757 085932,DE49823345261409430158,America/Monterrey,2328,-1.025589,alle.avi,Tschad,e5:81:31:d6:3f:f4,srv-88.ruppert.com,2011-07-27T20:17:21
Karl-Ludwig Stadelmann,03825 833747,DE67405208241433926170,Pacific/Fiji,39,-84.4610475,Nase.bmp,Madagaskar,26:de:f4:1b:69:f3,srv-76.adolph.net,1979-11-16T11:58:16
Micha Austermühle,0029703286,DE69264147970467513095,America/Paramaribo,6016820,-71.452782,stellen.ods,Sonderverwaltungszone Macao,7e:c8:fb:14:4a:02,db-33.bluemel.de,2015-08-07T19:10:11
Sami Riehl,+49(0)6268775766,DE05547798879506465377,Asia/Dili,3763370,56.1909145,Rad.json,Palästinensische Gebiete,d6:8a:8b:6a:ca:99,email-73.jaehn.de,1996-01-17T04:53:13
Ella Mälzer,+49(0)1620991180,DE77609566069265409356,Indian/Comoro,8200361,40.8664495,rot.tiff,Togo,22:8f:33:43:bb:74,desktop-13.doerr.de,1998-12-12T10:40:08
Felizitas Ullmann,+49(0)1366 984320,DE87576498698293569429,Asia/Damascus,400053,7.3563765,wissen.tiff,Monaco,34:aa:12:56:c9:64,email-56.gerlach.org,2019-07-09T00:19:03
Rose-Marie Hande,+49 (0) 3756 749833,DE60417123727979990793,Asia/Katmandu,5,-48.0251375,blau.json,Griechenland,2e:dd:77:63:8d:fa,email-26.ackermann.com,2011-04-22T08:57:02
Wenzel Fröhlich,(02733) 00054,DE71479003718070057384,Africa/Bujumbura,4,-29.285822,nächste.mp4,Anguilla,89:56:01:48:83:87,db-70.dobes.de,1991-04-29T23:11:43
Dunja Weinhage,04346 588761,DE62743305113392378256,Asia/Thimphu,346,65.829676,einigen.doc,Panama,a6:b8:d1:ac:68:f0,email-91.klingelhoefer.net,1973-06-11T07:57:15
Sibilla Hering,0312023819,DE27903373489568322620,Europe/Chisinau,563050,25.513316,Platz.csv,Aruba,df:d0:c7:17:8e:f3,laptop-56.schottin.com,1989-12-12T07:12:22
Wolf Jungfer,(07165) 93027,DE03625888491105465126,Africa/Conakry,8,76.5556845,Frage.wav,Niue,82:80:ed:1a:29:88,laptop-95.segebahn.de,1995-09-21T04:40:32
Anna-Marie Staude,(01747) 30139,DE11984874630209273213,Africa/Porto-Novo,73582,-82.492482,hören.flac,St. Barthélemy,cb:8f:08:6c:b9:7a,srv-42.hoevel.com,1992-08-17T18:13:52
Jessica Weinhold,+49(0)3718 49945,DE47673502898945513826,Asia/Gaza,4186,-38.2127355,dich.pptx,St. Pierre und Miquelon,8b:b3:a7:f8:ee:67,srv-82.hornig.net,2015-10-26T11:30:02
Marina Weinhage,+49 (0) 1579 260409,DE87124261157912169710,America/Asuncion,5476144,70.5514405,selbst.avi,Seychellen,20:3c:cd:61:64:e4,desktop-44.buchholz.org,1975-07-01T03:03:56
Timo Fliegner,09173069943,DE52014491096351644865,Asia/Baku,87925716,42.5129465,Name.mp3,Tunesien,c4:38:d7:56:9f:8c,db-11.doerr.org,2005-01-13T16:21:37
Birgitt Neuschäfer,(08943) 592799,DE02515146397442856408,America/Guatemala,6,-46.041463,Katze.js,Mayotte,51:8b:b2:ea:d1:c3,email-46.winkler.de,2001-03-22T15:18:11
Gerard Schaaf,+49 (0) 5941 802780,DE61101942844865924539,America/Santo_Domingo,63504,86.667937,heißen.pptx,Amerikanische Jungferninseln,f2:7f:4c:11:68:d7,srv-11.weitzel.de,2007-03-19T00:32:57
Ewald Jopich,(05912) 327436,DE64611405070836307039,America/Cuiaba,6835,-28.6257905,draußen.wav,Nördliche Marianen,17:e5:eb:f4:06:c1,desktop-79.loos.net,1977-08-15T06:02:21
Heribert Bähr,(09669) 470680,DE07509626246814163325,America/Port_of_Spain,625401,-46.3037605,nie.webm,Usbekistan,ed:42:12:ab:24:9d,desktop-35.hartmann.de,2000-03-11T18:36:09
Anja Hofmann,+49 (0) 4338 742872,DE19337388948906647314,America/Tegucigalpa,174873016,-82.6065895,Stein.json,Heard- und McDonald-Inseln,7b:c9:bf:20:f3:13,db-88.heinrich.com,1982-02-22T11:06:47
Jenny Herrmann,+49(0)9261 01569,DE09550494024193342030,America/Port_of_Spain,78807,-86.5871875,sieben.pages,Französisch-Polynesien,a8:fb:d6:4d:9a:85,web-49.taesche.de,1995-09-16T14:33:56
Kornelia Römer,+49 (0) 8766 195201,DE52411646035500548431,America/Cancun,7,54.9791545,plötzlich.mov,Vereinigte Arabische Emirate,5e:7c:36:df:02:02,email-32.seifert.de,2005-12-06T09:49:11
Franjo Steinberg,+49(0) 726572528,DE45227060222540044035,America/St_Kitts,8042,-1.8468825,einmal.mp3,Svalbard und Jan Mayen,37:1f:da:28:7d:70,lt-02.biggen.com,1990-07-01T15:31:38
Berend Säuberlich,05274 68127,DE83318441413394645535,Europe/Minsk,30,-52.5023395,Mensch.ods,Bulgarien,02:c7:4a:7e:dc:7f,lt-44.bolnbach.com,1974-09-09T09:47:34
Mary Barkholz,+49 (0) 6304 131024,DE60611332491412595403,Africa/Conakry,369,-62.1779615,Loch.mp4,Swasiland,b8:30:bc:cc:04:7a,srv-95.benthin.com,2003-08-25T01:49:01
Burkhardt Wieloch,09098 362227,DE46306595437534847263,Europe/Helsinki,602,58.6690265,werfen.webm,Finnland,54:25:cf:1f:44:fb,email-86.koch.de,1970-07-02T04:47:03
Arnfried Klemm,(04887) 820476,DE68361056877319426851,America/Lima,398,-29.894769,spät.png,Afghanistan,71:fb:57:2b:31:f8,db-77.mitschke.org,2013-03-07T07:21:04
Krystyna Warmer,07407 09772,DE21462582908020179316,America/Merida,87,25.816633,anfangen.mov,Thailand,c0:6c:07:d2:6d:42,web-91.jaentsch.org,1982-11-25T11:11:13
Ingeburg Etzler,06761 49635,DE92894468395923496956,Asia/Chongqing,45100,62.4511705,am.css,Philippinen,d1:ac:ef:27:94:cb,desktop-38.dehmel.de,1982-01-10T22:32:52
Resi Ring,09836 04975,DE51536060354178974656,Asia/Singapore,759191384,-82.5609935,Hund.flac,Tadschikistan,b8:c2:18:2b:62:56,laptop-96.baerer.com,2007-07-24T15:00:19
Arnim Drub,03600 18861,DE28567399863800733281,Europe/Prague,691078381,-88.2380315,kann.html,Mexiko,c8:81:49:35:ed:7c,web-72.mans.com,1978-06-19T18:00:47
Antoinette Caspar,+49(0)3569 93343,DE17867323190262913283,Africa/Brazzaville,45505,-47.9806855,setzen.wav,Wallis und Futuna,80:e9:0e:cc:88:73,laptop-59.pechel.de,2022-12-20T08:45:12
Inka Röhricht,(00807) 761688,DE52315947213267499528,Asia/Jerusalem,64,-24.3736315,möglich.mov,Burkina Faso,6d:e9:f8:03:4d:a9,db-31.kroker.com,1973-08-23T23:46:21
Friedlinde Knappe,06864 644939,DE62210395704306152892,America/Montevideo,6589,-74.1541345,bald.wav,Kambodscha,77:17:e2:00:c8:60,email-91.lindner.com,2014-06-16T14:18:19
Zenta Scheuermann,+49 (0) 3102 775270,DE06762709969586968917,Africa/Malabo,5038177,-44.0739545,glücklich.flac,Puerto Rico,8d:92:46:b0:cd:ec,srv-92.staude.org,2002-02-27T10:15:38
Marie-Theres Kroker,02240787647,DE39574707058694993883,America/Bogota,487028,68.431744,vorbei.gif,Niederlande,26:44:4d:a6:0b:72,web-47.hertrampf.org,1975-01-21T14:28:17
Elias Huhn,+49(0) 616571630,DE53181735123931158765,America/Chihuahua,83608,60.803144,spielen.wav,Äußeres Ozeanien,3d:db:da:38:2b:5a,lt-30.roht.net,1995-06-20T01:09:00
Olivia Trupp,+49 (0) 8814 449607,DE92142890431599962062,America/Mazatlan,636,15.5013025,See.mov,Eritrea,3e:68:0f:4b:30:17,desktop-24.doering.de,1981-03-04T10:07:01
Patrik Bohlander,(08527) 791872,DE54412129713242802069,Pacific/Tongatapu,177,41.980509,leicht.bmp,Puerto Rico,c2:46:3a:bf:f5:59,srv-79.pruschke.com,1990-03-01T09:52:04
Stefano Mentzel,+49 (0) 2989 674189,DE06619596990054902696,America/Guatemala,34134184,-51.0165525,selbst.key,Malediven,a7:2c:0d:0d:e0:cc,db-57.gorlitz.de,1997-01-22T18:41:40
Georg Jäkel,0737164551,DE36436281647105506716,Pacific/Funafuti,927,-88.1528815,nah.avi,Kaimaninseln,17:0e:fc:a9:68:8e,web-88.kallert.com,1994-01-23T20:54:05
Maximilian Jockel,+49(0)9978963737,DE82315234714681326879,America/Tegucigalpa,74538744,-73.0671805,das.mp3,Sonderverwaltungszone Hongkong,fe:ee:b9:3f:5c:40,desktop-32.gute.de,1975-07-07T09:48:45
Phillip Kühnert,00608985739,DE26594952371575339158,Asia/Katmandu,9759451,51.122721,dafür.odp,Guinea-Bissau,c1:c2:3a:99:3a:78,laptop-29.kobelt.de,2021-05-08T20:58:45
Ludmilla Beer,(09935) 44012,DE76682218530764888751,Africa/Maseru,4891768,-59.803669,aus.jpg,El Salvador,e0:2f:69:8b:5b:5b,srv-79.reinhardt.com,1984-02-26T17:16:20
Ludmilla Henschel,+49(0)7494 710259,DE14735525018045851529,Pacific/Ponape,25746249,-5.0706435,Wetter.html,Dominica,b2:6e:ac:81:e6:f2,db-38.vogt.de,1990-06-01T18:13:33
Dirk Renner,05630 922630,DE21471161542609615445,Europe/Tallinn,9401,61.2614735,schwer.mov,Ecuador,9b:e5:29:a8:17:51,web-27.ruppert.com,1986-10-14T18:27:34
Valerij Thies,+49(0)6605 01399,DE91690125720198341418,America/Guatemala,40586823,25.7427065,Zeitung.json,Wallis und Futuna,c4:36:ad:35:1b:4e,desktop-24.hoffmann.de,1999-06-22T14:17:08
Oscar Schmidtke,+49(0)8834281983,DE21998481772881438152,Europe/Vaduz,52460,-60.406780,zusammen.wav,Guyana,90:f2:8a:21:30:1f,laptop-99.hecker.de,2022-07-08T00:51:11
Adelbert Hettner,0757352537,DE05795113630339303465,America/Managua,556876068,84.179532,Familie.mp4,Kokosinseln,dd:9e:70:6c:df:21,laptop-69.schmidtke.de,1975-10-19T22:22:39
Heide-Marie Mangold,(01523) 093945,DE54259580950116185586,America/Havana,596,-31.2367165,zehn.webm,China,ba:e7:7c:cc:d5:62,desktop-11.weitzel.de,2002-03-04T08:19:07
Gloria Hein,+49(0) 696917721,DE14758570028555255820,Africa/Tunis,998,9.6062745,nein.numbers,Costa Rica,88:1a:8a:40:26:b5,email-53.otto.de,1998-06-21T07:36:53
Catharina Schaaf,07052 613240,DE90176626802572049889,Pacific/Majuro,524667,-87.1073635,nimmt.docx,Vereinigte Staaten,ea:6d:f8:11:c1:19,email-37.sontag.de,1991-06-24T15:52:43
Mirco Dobes,+49 (0) 8735 190186,DE20211006725949184757,Africa/Luanda,6344735,51.372842,freuen.jpg,Fidschi,9e:ef:46:a5:ba:5e,desktop-53.becker.com,2002-04-30T07:12:44
Siegward Hübel,+49(0)1935862195,DE60820649796210618485,Africa/Ouagadougou,4958422,-59.321758,zu.flac,Gibraltar,ad:65:76:a1:b8:58,srv-77.schenk.com,1981-03-26T05:10:30
Silvio Heuser,+49(0) 754169003,DE30358364929618831557,Pacific/Easter,8443,-14.544761,steigen.jpg,Rumänien,ab:a0:e3:5f:74:c2,email-17.wulff.net,2015-09-07T03:51:08
Nicolas Winkler,08472 179664,DE14947965001251892314,Europe/Amsterdam,6246849,59.260855,eigentlich.xlsx,Paraguay,ec:11:d7:31:9d:45,db-56.ortmann.com,2000-08-02T13:55:31
Mechthilde Kensy,04026 67014,DE53645910997375224720,Asia/Taipei,183,-54.447643,erklären.mp4,Litauen,4d:24:14:58:14:ff,db-13.textor.com,1999-12-18T14:46:34
Sergej Bolzmann,(07980) 44071,DE48226460357276533583,Asia/Rangoon,627150,47.961655,Tante.wav,Benin,c8:f6:ae:2f:a2:68,web-74.hartung.com,2009-05-27T04:15:10
Lidia Schwital,06245 103058,DE41772193364498409266,America/Guatemala,7,3.0923475,müssen.mp3,Jordanien,7e:53:c1:dd:de:33,web-44.eberth.org,2021-03-12T21:56:41
Isolde Krein,+49(0)9815382480,DE55313002569536404839,Pacific/Nauru,1454,-21.2952815,Seite.gif,Iran,d7:b4:6b:5a:1e:52,laptop-05.juettner.com,1980-12-06T16:57:07
Leyla Hendriks,(07476) 61792,DE72681398390085712162,Pacific/Majuro,365943691,23.592338,steigen.key,Kolumbien,9e:20:36:e6:4c:62,lt-94.mosemann.de,1997-08-05T21:00:30
Hardy Schmiedt,(04554) 984031,DE79018928406609996917,Asia/Yerevan,1,-87.6897345,machen.js,Äquatorialguinea,10:46:6b:be:cf:73,email-10.losekann.com,1976-07-14T19:34:11
Kemal Jungfer,+49(0)8645 55537,DE02320530157358507793,America/Port_of_Spain,397,55.053050,wohnen.jpeg,Isle of Man,6c:e5:af:d1:3e:66,web-66.hornig.com,2015-01-31T23:37:52
Udo Hande,00619 546439,DE57839476947877822702,Europe/Podgorica,245504956,3.462355,traurig.gif,Südafrika,77:8f:fa:b2:61:4a,web-70.metz.net,2006-07-02T12:57:20
Donald Tintzmann,+49(0) 935596660,DE74590315146253603172,Pacific/Apia,224250,88.7469445,her.json,Dominikanische Republik,cb:a4:72:af:36:1d,desktop-28.steckel.de,2016-10-02T07:14:42
Katja Anders,+49(0)6638 422722,DE17551125625230015945,Africa/Mogadishu,9150,54.8113955,hat.css,Tansania,de:59:3f:c3:2d:b9,web-19.weinhold.com,2020-05-10T07:56:12
Paula Atzler,+49(0)1655 47424,DE33720619138129666117,Europe/Tallinn,32280433,-61.0517485,voll.mp3,St. Pierre und Miquelon,e3:c5:4e:ef:3a:91,email-40.beer.de,1981-08-15T09:39:47
Marzena Hänel,(08866) 20442,DE82218582657951107023,America/Belize,89,-30.987945,packen.css,Amerikanisch-Samoa,c3:7e:99:1d:20:44,web-56.tlustek.com,1995-08-07T06:41:01
Freia Gutknecht,+49(0)5872 75832,DE40555346865583870571,Africa/Asmera,484697,1.677727,nehmen.webm,Britisches Territorium im Indischen Ozean,35:11:1d:6d:7a:b7,email-88.kuehnert.de,2004-01-12T23:32:54
Norman Ehlert,04415611443,DE83462724142793224579,America/Port_of_Spain,45109723,32.531112,Wasser.key,Peru,6b:d6:07:8f:31:21,web-85.koester.de,1984-06-12T13:33:24
Christine Kaul,(03792) 66920,DE47155723163622271804,Indian/Comoro,846,-50.555968,rechnen.js,Sambia,76:95:a0:27:fb:4b,web-49.klemm.com,1985-01-13T19:58:51
Fabian Nohlmans,01058854909,DE16269389272815588907,Africa/Lome,3565,11.788080,nie.mp4,Panama,85:56:d1:88:a3:51,web-82.ehlert.org,2016-06-20T13:07:07
Wolf-Dieter Gutknecht,+49(0) 320425285,DE24525248583528553241,Pacific/Galapagos,86611,-50.3707855,fressen.mp3,Cookinseln,f0:59:17:86:11:29,web-10.rohleder.net,1999-08-13T20:01:45
Evelin Mies,03646649826,DE37761499706353272651,Pacific/Fiji,5260462,-73.4503335,leben.css,Palästinensische Gebiete,9d:39:4b:88:f9:93,laptop-88.trapp.com,2013-05-19T00:38:19
Joanna Gumprich,+49 (0) 5936 854930,DE58607839350553143486,Asia/Ashgabat,7825,4.306688,sofort.jpeg,Saudi-Arabien,f1:7c:97:a9:6d:ed,email-53.salz.org,1995-04-05T07:25:57
Dusan Wiek,0268430576,DE64641819803606222821,Africa/Brazzaville,69502271,0.902183,Boden.flac,Guam,db:9e:51:10:a5:22,srv-73.conradi.de,2014-06-11T12:49:27
Sevim Dehmel,+49(0) 046553135,DE61890173208874263560,Africa/Libreville,168,-79.5444635,Wagen.csv,Deutschland,0c:a3:72:c4:83:dc,web-93.geisler.de,1991-05-12T09:59:49
Reimar Zimmer,+49(0)3982824085,DE19226373927308458556,Asia/Singapore,6,-11.6027725,bei.mov,Venezuela,22:1d:e6:e0:11:67,email-88.gehringer.de,1987-09-02T15:17:04
Tilo Fechner,+49(0)4023 87152,DE07863373780549111699,Africa/Tripoli,5804350,12.9958545,bauen.flac,Guadeloupe,24:4c:52:e8:1a:aa,srv-16.bloch.org,2002-06-15T18:53:21
Melissa Ditschlerin,08002615239,DE87739287377378894961,America/Guatemala,86,-66.0934015,reiten.mp3,Deutschland,80:80:cb:6b:f7:f3,srv-72.kitzmann.net,1997-05-27T17:15:07
Stanislaus Winkler,+49(0)2863 37395,DE22103192859111060126,Europe/Monaco,15,-72.712720,hoch.mp3,Alandinseln,71:af:42:77:71:95,lt-67.fritsch.de,1980-07-18T22:55:56
Ralph auch Schlauchin,(09454) 95888,DE24612746597726309666,Asia/Gaza,2,-74.2287085,Frage.xlsx,Britisches Territorium im Indischen Ozean,7d:29:ae:7a:59:98,lt-90.doering.com,2017-04-03T18:08:50
Anna Riehl,06510 727420,DE10912386495518051223,Europe/Copenhagen,58059849,68.081310,fast.mp3,Island,fb:a8:f7:65:6e:93,desktop-22.grein.com,1971-08-10T22:02:22
Cord Gierschner,(07857) 54431,DE31539940165430606911,Africa/Malabo,8,-82.6863805,Affe.gif,Nordmazedonien,27:68:cc:75:3d:07,lt-12.heintze.de,2011-11-23T20:14:38
Konstanze Tintzmann,+49(0) 838821906,DE96972321987237670323,Africa/Lusaka,98909394,-3.347800,ihn.pdf,Usbekistan,43:a8:99:06:c1:69,desktop-90.beier.de,1995-12-23T21:17:14
Alina Seifert,+49 (0) 8009 704020,DE34445726963777153151,Europe/Berlin,5743682,-38.5574565,sehen.wav,Palau,c5:32:32:86:47:2f,srv-09.juettner.net,2016-02-07T12:38:23
Claudius Weiß,(04669) 49745,DE32555481187362478600,Asia/Amman,71346881,64.8501105,gegen.wav,Britisches Territorium im Indischen Ozean,0a:9c:b8:b7:ea:61,web-59.schlosser.de,1976-04-06T17:20:31
Benno Schüler,+49(0)6003 248996,DE18560142506927905103,Asia/Omsk,3481,-69.486149,war.xlsx,Simbabwe,4d:08:ad:cb:5b:c2,desktop-87.patberg.org,2001-04-27T06:04:55
Carl-Heinz Kobelt,+49(0)4947442117,DE13687443124814525465,Europe/Brussels,33,29.947785,halten.wav,Katar,90:99:23:7d:b0:39,db-59.reinhardt.com,2006-06-01T18:57:06
Charles Kensy,+49 (0) 1490 463949,DE51775078425196459193,Indian/Mauritius,86649,24.7905975,ruhig.png,Niue,74:c9:13:a5:a3:16,lt-39.zobel.com,1997-04-20T11:08:38
Detlef Gehringer,09840 57118,DE19200931782291611039,Europe/Andorra,6801,-76.463852,tot.wav,Liberia,14:59:51:4b:9e:c5,lt-45.zahn.de,1996-11-03T00:19:22
Valentine Jäkel,0718840387,DE74090776231182277863,Africa/Maseru,0,-44.6606625,wünschen.csv,Ägypten,8e:b4:56:c5:06:92,laptop-09.groettner.net,1987-08-14T03:19:03
Nikolaus Rudolph,+49(0)5943 361197,DE17856194631558375770,Europe/Paris,328415016,15.524986,sprechen.flac,Island,35:0b:b2:66:9e:e9,lt-95.klapp.de,1998-07-02T22:16:25
Karolina Nohlmans,+49(0)8650 927757,DE30257952051605697516,America/Guatemala,7,-35.552441,werden.pages,Jersey,64:18:1d:a5:a8:4d,db-29.hess.org,1992-02-19T00:37:09
Roberto Hahn,+49 (0) 2287 293587,DE84370048665933504294,Asia/Kuwait,227,-53.6443395,Papa.jpeg,Costa Rica,ba:61:da:72:3e:df,lt-31.radisch.net,1998-07-03T03:59:46
Marie-Therese Gunpf,0639700465,DE98711402673752820156,America/Cuiaba,668911,32.9023155,reiten.js,Jersey,2e:e9:33:2f:fa:d2,lt-89.taesche.de,2015-10-26T08:16:07
Jane Segebahn,(02488) 46752,DE26386272442353905533,America/Montevideo,84,54.7154665,ist.mp4,Brasilien,d6:7b:8d:5a:ab:40,web-55.hering.com,2001-03-24T01:31:44
Tilmann Liebelt,03376 650048,DE50633585602197700471,America/Guatemala,2,-47.0032135,zehn.flac,Mexiko,39:73:a8:43:27:d9,email-40.roskoth.com,2012-10-16T02:36:28
Imke Drewes,(04731) 53095,DE73373803020768691454,Pacific/Kiritimati,26,-37.5395555,Wort.css,Papua-Neuguinea,83:ee:e5:eb:ad:d1,db-57.ritter.com,1994-02-10T11:28:35
Karl-Heinrich Kabus,08485 11949,DE20936568324508669396,America/Montevideo,76,-38.401354,Sonne.wav,Taiwan,89:3e:47:4f:7b:65,email-87.hellwig.de,2021-05-26T12:13:09
Antoinette Jäkel,(07236) 13513,DE41248629155260627890,America/Panama,25117,-2.9251445,ins.mov,St. Kitts und Nevis,31:e0:a1:ee:d0:aa,desktop-64.wagner.de,1983-08-27T08:01:57
Reinhard Beier,+49(0)1655 35511,DE81568251110011211668,Pacific/Fiji,63,-47.7915375,Licht.ppt,Amerikanisch-Ozeanien,4e:00:a8:7d:0a:22,web-02.ebert.com,2013-08-28T16:11:08
Daniele Pergande,04977 53539,DE05624734214031313725,Asia/Phnom_Penh,17373960,0.059926,bleiben.xls,Bahrain,e2:e7:ba:77:23:83,db-76.stiebitz.org,1989-03-19T12:07:27
Marie Gude,+49(0)5708 16619,DE53249712285777139015,America/Port_of_Spain,40518327,-27.8770605,heiß.png,St. Helena,a8:1e:74:ca:d3:80,db-67.aumann.org,1974-04-18T13:31:36
Brigitta Scheel,05328180534,DE91910148173899383777,Asia/Amman,544507186,2.910018,nach.png,Kongo,61:95:f9:66:c2:f2,db-83.dehmel.com,2013-01-06T01:09:08
Birthe Schleich,+49(0)4180440533,DE59997901787478298941,America/Havana,1,77.487725,gibt.numbers,Guernsey,fe:fa:70:64:d2:9d,web-67.neureuther.com,1997-10-01T14:58:51
Ahmed Kitzmann,+49(0)3812 17258,DE38751666608166970544,America/Guyana,5724943,-18.710196,zusammen.jpeg,Vereinigte Staaten,a9:f9:22:d3:83:7b,web-61.gertz.com,2018-05-30T23:42:40
Katarzyna Walter,+49(0)5545917074,DE84472960404963335874,Africa/Sao_Tome,605695240,35.078008,gern.json,Burundi,77:f0:5e:38:c6:d3,srv-42.tlustek.de,2016-09-01T13:34:06
Phillip Kuhl,+49(0)5044 168384,DE90898571714597660532,Asia/Tashkent,63099,-11.090997,wollen.mp3,Vietnam,76:38:8c:02:88:88,web-63.weinhold.de,1970-02-02T16:22:52
Nermin Säuberlich,(07630) 553323,DE93955339185099808906,Africa/Tripoli,73,-86.319845,Jahr.webm,Cookinseln,e7:66:b1:ce:3e:9c,web-14.jockel.com,2008-03-27T17:23:12
Claus-Dieter Flantz,+49(0)3446 94926,DE86763912482005627523,Europe/Berlin,20044232,-34.080381,Papa.wav,Dominica,3b:77:ac:e8:e9:7c,web-89.mies.de,1980-09-19T00:36:50
Mathias Stoll,+49(0)7529 57794,DE45992821737282230773,Africa/Dakar,198588,17.1971655,eigentlich.txt,St. Lucia,6c:6b:5f:a7:36:64,db-67.bruder.com,2017-09-17T23:11:39
Nadine Wende,01604 57052,DE82737104530010237300,Pacific/Funafuti,3534560,35.7072615,warum.pptx,Sonderverwaltungszone Macao,ef:56:e7:2e:11:5e,email-57.waehner.com,2014-09-22T07:14:54
Heimo Zimmer,03709 34873,DE48168828221734440405,Asia/Amman,52921693,88.9431565,grün.wav,Armenien,53:af:86:bc:7a:b8,email-90.heinrich.net,1997-10-01T02:04:09
Luis Wesack,+49(0)7016 78924,DE80229485811962744335,Africa/Bamako,377678,41.010240,sich.bmp,Afghanistan,f7:2f:26:32:c6:60,web-38.klotz.de,2021-01-31T07:44:49
Massimo Berger,+49(0)1064 57665,DE10443161721741359903,Africa/Libreville,91120,-16.210325,Ding.mp3,Ruanda,3f:f5:19:36:e4:11,email-42.patberg.de,2016-02-06T10:57:20
Luzie Klemm,0840405571,DE37903453619909433629,Europe/Vatican,10550,-20.512701,Milch.mp3,Frankreich,67:8e:1c:0f:8f:67,db-78.weller.net,1991-09-29T06:57:49
Mattias Ring,07976 81655,DE08406051687973681999,America/Guyana,122763,-25.918909,mögen.mp4,Guam,a4:67:c3:cc:fa:b5,lt-11.taesche.org,2005-09-22T14:09:31
Dragan Sauer,+49(0)1316789769,DE46066131689565905032,Europe/Warsaw,6,89.6812355,Bett.jpg,Montserrat,d3:3f:14:d2:7a:81,srv-06.lindau.com,1988-06-01T04:43:26
Annelies Segebahn,(09279) 338796,DE62635084729597902060,Pacific/Kwajalein,33552464,-87.242808,Teller.flac,Serbien,83:54:c0:b5:94:dc,email-88.hornig.net,1970-04-20T22:03:07
Thies Tröst,0475330561,DE81362601476206983263,America/Guatemala,8321,-0.319379,bauen.png,Belarus,27:a0:6e:da:27:ea,web-65.etzler.de,2001-05-20T12:20:34
Claus-Peter Schenk,+49 (0) 4896 011234,DE54030150479895678651,Africa/Brazzaville,4,50.5973225,mal.pages,Britische Jungferninseln,57:28:f0:b0:b1:24,srv-34.junitz.de,2023-05-26T01:57:18
Erol Loos,+49(0)3819 10563,DE19327400583842823001,Europe/Athens,16472222,70.7480475,Katze.jpg,Südafrika,84:b4:cf:b6:fd:82,lt-24.wilms.de,1988-03-01T15:56:30
Antonino Löwer,(03039) 436328,DE54881603311760853170,Asia/Seoul,774745,4.741961,hier.pptx,Singapur,6e:9a:42:af:f1:01,desktop-55.hettner.com,1971-06-22T00:20:56
Adam Schwital,09531 957982,DE90498778689121894702,Africa/Nairobi,7,70.527286,lange.txt,Jordanien,23:cd:9e:46:20:3a,db-84.zimmer.com,1989-04-12T05:54:21
Gerold Schüler,+49(0)9089306918,DE30781944274187593165,Africa/Algiers,418881,-63.7106585,gestern.xls,Simbabwe,a7:87:b2:34:2a:e3,email-54.vollbrecht.org,1971-05-29T09:52:49
Eileen Reichmann,+49(0)6866290880,DE62447825297939693557,Asia/Tashkent,9320,82.311756,tun.mp3,Nordmazedonien,28:d3:a7:6b:58:3f,lt-71.neuschaefer.net,1997-04-22T09:46:42
Gunter Scholz,06306 734232,DE27869086234998549542,Indian/Mahe,4,-76.964225,laufen.xlsx,Estland,80:2a:ed:ad:ef:96,srv-63.zorbach.de,2017-10-17T09:09:00
Carin Lorch,0459937668,DE87946501380217379156,Asia/Qatar,25,-13.268040,müde.mp3,Polen,94:b7:fa:7e:4d:22,db-20.weinhold.com,1983-05-05T01:18:48
Geert Mans,00447 11459,DE33414562080399932335,Africa/Addis_Ababa,9234,62.4109565,kein.key,Kuba,61:cf:1a:33:82:7b,lt-77.pechel.de,1985-08-25T01:56:39
Detlev Hiller,0832668082,DE30319451655623210941,Asia/Damascus,2705,3.1915445,anfangen.csv,Marshallinseln,ac:21:e2:0f:9e:ca,laptop-77.rosemann.com,1989-06-08T14:47:44
Leonore Preiß,06296552379,DE11679162549791627544,Atlantic/Reykjavik,979,5.8751445,sein.wav,Seychellen,d2:c5:ca:c9:45:4e,laptop-90.stolze.org,2021-06-10T09:05:48
Lissy Schwital,0339422375,DE54042175484038779467,America/St_Vincent,51,27.156702,dumm.csv,Uruguay,0d:a0:7c:af:a9:e2,lt-58.weller.de,2011-11-05T05:35:36
Philipp Benthin,(02330) 813359,DE73041238498005351866,Asia/Amman,1476,16.904052,holen.webm,Mayotte,2c:86:25:cf:68:d3,srv-55.klingelhoefer.de,1992-12-10T21:51:17
Ilhan Wagenknecht,+49 (0) 5136 892508,DE64500967707421555460,Asia/Seoul,909755,61.3125015,um.ods,Guadeloupe,db:6d:4b:bc:68:42,laptop-99.heidrich.com,2012-02-09T09:08:59
Gerolf Eigenwillig,+49(0) 910768558,DE03276296005679732520,Europe/Zaporozhye,2552768,62.7285685,wirklich.avi,Färöer,82:00:75:55:2b:90,db-76.scheel.de,2002-09-06T23:09:42
Daria Becker,04948 83013,DE34888684701318063885,Asia/Brunei,902361832,-19.1968885,können.wav,Kongo,7a:84:f7:da:82:06,email-33.davids.de,1987-06-03T04:29:56
Heiko Etzler,02468527684,DE70764089801076335083,Africa/Cairo,8824,-64.029935,Tisch.mp3,Pakistan,08:9f:06:34:96:b0,srv-78.giess.com,1974-12-31T07:39:39
Nikolaus Jungfer,0581606737,DE43634640942671121417,Europe/Monaco,14959266,-45.619493,sieht.wav,Slowakei,47:43:8a:e9:6c:a6,srv-22.bruder.com,1989-03-28T20:52:50
Hubertine Käster,0662949748,DE74074850269109668509,Africa/Nouakchott,3,-33.216898,uns.wav,Belgien,58:41:eb:c7:70:83,lt-88.butte.net,1974-04-07T03:31:03
Zoran Schlosser,+49(0)4682301240,DE26479513303638243413,Africa/Bangui,36,43.052912,über.js,China,c1:81:63:88:a5:18,lt-34.mies.com,2021-12-30T10:47:05
Falko Spieß,03875673056,DE53879357776003304115,Asia/Katmandu,4364290,-82.000305,Polizei.csv,Kokosinseln,82:1b:76:a0:a3:1c,lt-32.schulz.de,2022-02-10T23:39:22
Matthäus Heuser,+49 (0) 7278 699389,DE78647382130652889402,Europe/Stockholm,8789353,-35.6501095,Klasse.js,Vereinigtes Königreich,0f:9b:d4:fc:98:9d,srv-30.hamann.org,1998-10-21T17:41:14
Sylvana Pruschke,07867334639,DE98155183233313071049,America/Jamaica,262,-26.3536705,sitzen.jpeg,Kap Verde,a9:6c:ac:96:60:c7,web-96.hellwig.com,2021-08-02T19:18:52
Krystyna Barth,00992806294,DE31066886367063244579,Europe/Ljubljana,233523,84.203579,Angst.flac,Svalbard und Jan Mayen,1c:13:d7:56:cb:90,srv-76.vollbrecht.de,2002-02-10T15:00:50
Iwona Lachmann,09351468423,DE66779604304073636206,America/Santiago,7,88.803130,bis.jpg,Belize,76:fe:07:4f:f4:2a,db-17.hornich.org,2015-09-08T08:39:00
Gloria Ditschlerin,(07731) 19304,DE86748866411412394264,Pacific/Kiritimati,21,74.0497005,leicht.flac,Simbabwe,53:b0:2a:16:5c:c5,lt-38.striebitz.com,2023-04-13T17:20:48
Concetta Zobel,+49(0)4418 51780,DE66038594188653390130,Europe/Athens,604,73.198425,Glück.gif,Libyen,03:4d:6f:29:8b:a4,db-17.junk.com,2006-11-07T04:17:42
Annette Haering,+49(0) 806648187,DE91770632978093558343,Asia/Bangkok,5,-15.044354,Zug.webm,Australien,7f:6f:a1:71:b6:44,desktop-15.hein.org,2011-05-19T03:27:09
Cathrin Schüler,03424 46643,DE02404902642848101837,America/St_Vincent,635531533,89.687881,gesund.mp3,Anguilla,ba:d9:83:6e:12:b4,srv-02.nerger.net,1971-02-08T11:23:40
Vincent Jüttner,+49(0)3286 574651,DE74144120962368230730,America/St_Lucia,6447,81.6828275,Dorf.mp3,Kirgisistan,44:bc:1d:a7:c2:90,email-17.raedel.com,1989-08-09T14:18:51
Adrian Walter,09032792501,DE67979793156663815099,Europe/Budapest,22,85.022091,unten.mp4,Libanon,f9:72:28:85:17:d6,desktop-00.loeffler.de,1999-02-13T14:36:18
Friedo Hölzenbecher,(00652) 451483,DE61175174057896653499,Pacific/Kosrae,4,-55.556235,Frage.xls,Lesotho,1a:b3:6c:c0:45:f5,lt-91.liebelt.org,1995-12-29T19:53:57
Tom Rörricht,+49(0)3137 859500,DE64314517704323517589,Africa/Tripoli,546932664,-84.496105,wissen.key,Demokratische Volksrepublik Korea,fa:20:9a:00:ae:17,web-48.schwital.org,1992-03-17T08:29:11
Katharine Neuschäfer,00788536442,DE36333681245602414291,Asia/Manila,531895,16.376037,tragen.bmp,St. Helena,ae:ef:85:9d:0d:7b,desktop-94.junck.com,1997-02-21T02:56:51
Galina Gertz,+49(0)0267748467,DE66713464509001869682,Asia/Seoul,26,36.887817,heißen.png,Indonesien,52:91:46:75:5c:5d,laptop-33.mude.de,1975-10-15T00:49:45
Ellinor Hoffmann,03755 96695,DE29258133634421119178,Europe/Sarajevo,60224916,-60.5452295,Arbeit.jpg,Norfolkinsel,6d:b0:30:38:1f:88,desktop-58.werner.com,1990-06-30T23:15:40
Carmela Kostolzin,01263351518,DE07811253755202261014,Indian/Maldives,2613693,57.3291945,es.doc,Papua-Neuguinea,f9:b4:67:46:04:d5,db-11.troest.org,1976-07-02T04:32:10
Heide-Marie Henck,09833356038,DE34242470653639142986,Africa/Kigali,4093696,-25.2814045,plötzlich.flac,Antigua und Barbuda,83:0c:bd:6b:27:18,desktop-70.hartung.net,1992-03-19T00:37:51
Annegret Schlosser,+49 (0) 1337 720891,DE03346304278240974914,America/Guayaquil,13612,8.9801665,als.html,Thailand,e6:b7:01:2c:22:e5,lt-49.tintzmann.de,1991-03-09T20:02:39
Julie Martin,02218 70000,DE47057597785672612223,Europe/Skopje,5964,63.090533,Tante.flac,Bosnien und Herzegowina,a9:f3:e6:cf:9f:06,laptop-07.lehmann.com,1997-08-19T05:34:39
Stilla Meister,03899 757002,DE82312636571464588750,Asia/Kuala_Lumpur,58,50.211175,auf.mp3,Togo,d8:14:6e:d7:db:e8,desktop-88.beier.com,1999-05-16T04:11:31
Marta Lange,0678862123,DE62771461588767577661,Europe/Budapest,9621423,35.728267,Haus.avi,Armenien,61:bc:8f:ab:88:2f,db-51.henschel.de,1992-11-05T01:10:37
Kuno Reichmann,06253920540,DE80628234766396146000,Asia/Vientiane,78225,0.2325795,Berg.pptx,Niue,ed:83:fc:e3:83:08,srv-40.hellwig.org,1987-08-19T08:14:02
Kathrin Weimer,(08742) 68493,DE34065373052853876617,Africa/Asmera,2,32.5103285,Erde.flac,Turks- und Caicosinseln,c5:15:55:d9:2e:df,laptop-52.soelzer.org,1977-06-25T20:10:13
Ryszard Heidrich,03713 75404,DE83733360759325039882,Pacific/Enderbury,4000,-32.153213,frei.webm,Antigua und Barbuda,15:9b:ef:bf:0e:f9,web-01.lorch.de,1970-05-15T04:07:06
Canan Adolph,03635183706,DE46564556248691932716,Africa/Lusaka,104603504,38.9360235,Winter.bmp,Guyana,36:61:54:40:07:4b,web-36.fiebig.de,2005-09-29T17:16:16
Felizitas Zorbach,(05057) 032075,DE33491824205596868468,Africa/Libreville,569,24.286897,nie.flac,Gambia,69:e6:9d:6f:e5:72,laptop-13.losekann.org,2015-03-10T20:12:49
Christopher Hellwig,+49 (0) 8344 517892,DE74507202704274751225,Asia/Tehran,83032,-49.448365,eigentlich.tiff,Bermuda,6e:83:6d:83:50:ee,email-13.killer.net,1997-04-12T20:19:06
Sabine Bauer,+49 (0) 4103 311825,DE02023215944847452715,America/Indiana/Vevay,709088071,55.523072,fallen.numbers,St. Lucia,fe:76:25:9c:e3:35,db-51.etzold.com,2018-09-29T11:59:47
Roberto Schwital,(07714) 273778,DE71480855764077731659,Asia/Tbilisi,866689150,-46.0461455,stark.mov,Salomonen,bb:7a:21:e4:f6:ad,web-60.sager.de,2016-10-20T08:23:12
Eckhart Mosemann,+49(0)3471 245993,DE44756406777943420367,Asia/Karachi,397071547,-10.543656,lange.wav,Tansania,ff:7f:90:98:d4:f9,email-99.wulff.org,1983-05-07T19:19:11
Jonas Losekann,+49(0)0122340543,DE54486305190149523694,Pacific/Kwajalein,77987316,68.4408325,Feuer.jpeg,Amerikanisch-Samoa,6d:65:a7:aa:f1:21,srv-59.gnatz.de,1976-08-26T15:07:04
Sigrun Nette,(02238) 29291,DE83059890224043791293,Africa/Ceuta,686,36.238994,glauben.tiff,Seychellen,20:23:4d:e4:99:a3,laptop-54.schaaf.com,2009-09-08T06:08:37
